🚀 Kith Platform Local Development Server
==================================================
📁 Script directory: /Users/benedictleong/Library/Mobile Documents/com~apple~CloudDocs/2. Archive/2. Pet Projects /Spiderman-v3-main
📁 Kith directory: /Users/benedictleong/Library/Mobile Documents/com~apple~CloudDocs/2. Archive/2. Pet Projects /Spiderman-v3-main/kith-platform
✅ Changed to: /Users/benedictleong/Library/Mobile Documents/com~apple~CloudDocs/2. Archive/2. Pet Projects /Spiderman-v3-main/kith-platform
🗄️  Database: sqlite:////Users/benedictleong/Library/Mobile Documents/com~apple~CloudDocs/2. Archive/2. Pet Projects /Spiderman-v3-main/kith-platform/local_kith_platform.db
🔑 Admin credentials: admin / admin123
==================================================
🔧 Setting up database...
2025-09-30 18:32:02 - app - INFO - Structured logging initialized
18:32:02 | [32mINFO[0m | app | Structured logging initialized
2025-09-30 18:32:02 - app.utils.database - INFO - 🔧 DEBUG: Database URL resolved: sqlite:////Users/benedictleong/Library/Mobile Docu...
18:32:02 | [32mINFO[0m | app.utils.database | 🔧 DEBUG: Database URL resolved: sqlite:////Users/benedictleong/Library/Mobile Docu...
18:32:02 | [32mINFO[0m | root | Monitoring initialized successfully
2025-09-30 18:32:02 - app.utils.database - INFO - 🔧 DEBUG: Database URL resolved: sqlite:////Users/benedictleong/Library/Mobile Docu...
18:32:02 | [32mINFO[0m | app.utils.database | 🔧 DEBUG: Database URL resolved: sqlite:////Users/benedictleong/Library/Mobile Docu...
2025-09-30 18:32:02 - app.utils.database - INFO - 🔧 DEBUG: Creating database engine...
18:32:02 | [32mINFO[0m | app.utils.database | 🔧 DEBUG: Creating database engine...
2025-09-30 18:32:02 - app.utils.database - INFO - 🔧 DEBUG: Original URL: sqlite:////Users/benedictleong/Library/Mobile Documents/com~apple~CloudDocs/2. Archive/2. Pet Projects /Spiderman-v3-main/kith-platform/local_kith_platform.db
18:32:02 | [32mINFO[0m | app.utils.database | 🔧 DEBUG: Original URL: sqlite:////Users/benedictleong/Library/Mobile Documents/com~apple~CloudDocs/2. Archive/2. Pet Projects /Spiderman-v3-main/kith-platform/local_kith_platform.db
2025-09-30 18:32:02 - app.utils.database - INFO - 🔧 DEBUG: Creating engine with URL: sqlite:////Users/benedictleong/Library/Mobile Docu...
18:32:02 | [32mINFO[0m | app.utils.database | 🔧 DEBUG: Creating engine with URL: sqlite:////Users/benedictleong/Library/Mobile Docu...
2025-09-30 18:32:02 - app.utils.database - INFO - 🔧 DEBUG: Testing database connection...
18:32:02 | [32mINFO[0m | app.utils.database | 🔧 DEBUG: Testing database connection...
2025-09-30 18:32:02 - app.utils.database - INFO - 🔧 DEBUG: Connection test successful, result: (1,)
18:32:02 | [32mINFO[0m | app.utils.database | 🔧 DEBUG: Connection test successful, result: (1,)
2025-09-30 18:32:02 - app.utils.database - INFO - ✅ Database connection successful
18:32:02 | [32mINFO[0m | app.utils.database | ✅ Database connection successful
2025-09-30 18:32:02 - app.utils.database - INFO - 🔧 DEBUG: Creating/verifying database tables...
18:32:02 | [32mINFO[0m | app.utils.database | 🔧 DEBUG: Creating/verifying database tables...
2025-09-30 18:32:02 - app.utils.database - INFO - ✅ Database tables created/verified
18:32:02 | [32mINFO[0m | app.utils.database | ✅ Database tables created/verified
✅ Database tables created/verified
2025-09-30 18:32:02 - app.utils.database - INFO - 🔧 DEBUG: Getting database session...
18:32:02 | [32mINFO[0m | app.utils.database | 🔧 DEBUG: Getting database session...
2025-09-30 18:32:02 - app.utils.database - INFO - 🔧 DEBUG: Engine already exists, skipping creation
18:32:02 | [32mINFO[0m | app.utils.database | 🔧 DEBUG: Engine already exists, skipping creation
2025-09-30 18:32:02 - app.utils.database - INFO - 🔧 DEBUG: Session created: 4597099824
18:32:02 | [32mINFO[0m | app.utils.database | 🔧 DEBUG: Session created: 4597099824
✅ Admin user already exists
2025-09-30 18:32:02 - app.utils.database - INFO - 🔧 DEBUG: Committing session...
18:32:02 | [32mINFO[0m | app.utils.database | 🔧 DEBUG: Committing session...
2025-09-30 18:32:02 - app.utils.database - INFO - ✅ Session committed successfully
18:32:02 | [32mINFO[0m | app.utils.database | ✅ Session committed successfully
2025-09-30 18:32:02 - app.utils.database - INFO - 🔧 DEBUG: Closing session...
18:32:02 | [32mINFO[0m | app.utils.database | 🔧 DEBUG: Closing session...
2025-09-30 18:32:02 - app.utils.database - INFO - ✅ Session closed
18:32:02 | [32mINFO[0m | app.utils.database | ✅ Session closed
✅ Database setup complete!

🚀 Starting Flask development server...
📍 Server URL: http://localhost:8000
🔧 Press Ctrl+C to stop
==================================================
 * Serving Flask app 'app'
 * Debug mode: on
18:32:02 | [32mINFO[0m | werkzeug | [31m[1mWARNING: This is a development server. Do not use it in a production deployment. Use a production WSGI server instead.[0m
 * Running on all addresses (0.0.0.0)
 * Running on http://127.0.0.1:8000
 * Running on http://10.130.1.182:8000
18:32:02 | [32mINFO[0m | werkzeug | [33mPress CTRL+C to quit[0m
18:32:13 | [32mINFO[0m | middleware | Request received
2025-09-30 18:32:13 - app - INFO - Request started
18:32:13 | [32mINFO[0m | app | Request started
2025-09-30 18:32:13 - app.utils.database - INFO - 🔧 DEBUG: Database URL resolved: sqlite:////Users/benedictleong/Library/Mobile Docu...
18:32:13 | [32mINFO[0m | app.utils.database | 🔧 DEBUG: Database URL resolved: sqlite:////Users/benedictleong/Library/Mobile Docu...
2025-09-30 18:32:13 - app - INFO - Request completed
18:32:13 | [32mINFO[0m | app | Request completed
18:32:13 | [32mINFO[0m | middleware | Response sent
18:32:13 | [32mINFO[0m | werkzeug | 127.0.0.1 - - [30/Sep/2025 18:32:13] "GET /health HTTP/1.1" 200 -
18:32:23 | [32mINFO[0m | middleware | Request received
2025-09-30 18:32:23 - app - INFO - Request started
18:32:23 | [32mINFO[0m | app | Request started
2025-09-30 18:32:23 - app - ERROR - Unhandled exception
18:32:23 | [31mERROR[0m | app | Unhandled exception
2025-09-30 18:32:23 - app - INFO - Request completed
18:32:23 | [32mINFO[0m | app | Request completed
18:32:23 | [32mINFO[0m | middleware | Response sent
18:32:23 | [32mINFO[0m | werkzeug | 127.0.0.1 - - [30/Sep/2025 18:32:23] "[35m[1mGET /api/search?q=test&limit=2 HTTP/1.1[0m" 500 -
21:38:07 | [32mINFO[0m | middleware | Request received
2025-09-30 21:38:07 - app - INFO - Request started
21:38:07 | [32mINFO[0m | app | Request started
2025-09-30 21:38:07 - app.utils.database - INFO - 🔧 DEBUG: Database URL resolved: sqlite:////Users/benedictleong/Library/Mobile Docu...
21:38:07 | [32mINFO[0m | app.utils.database | 🔧 DEBUG: Database URL resolved: sqlite:////Users/benedictleong/Library/Mobile Docu...
2025-09-30 21:38:07 - app.utils.database - INFO - 🔧 DEBUG: Getting database session...
21:38:07 | [32mINFO[0m | app.utils.database | 🔧 DEBUG: Getting database session...
2025-09-30 21:38:07 - app.utils.database - INFO - 🔧 DEBUG: Creating database engine...
21:38:07 | [32mINFO[0m | app.utils.database | 🔧 DEBUG: Creating database engine...
2025-09-30 21:38:07 - app.utils.database - INFO - 🔧 DEBUG: Original URL: sqlite:////Users/benedictleong/Library/Mobile Documents/com~apple~CloudDocs/2. Archive/2. Pet Projects /Spiderman-v3-main/kith-platform/local_kith_platform.db
21:38:07 | [32mINFO[0m | app.utils.database | 🔧 DEBUG: Original URL: sqlite:////Users/benedictleong/Library/Mobile Documents/com~apple~CloudDocs/2. Archive/2. Pet Projects /Spiderman-v3-main/kith-platform/local_kith_platform.db
2025-09-30 21:38:07 - app.utils.database - INFO - 🔧 DEBUG: Creating engine with URL: sqlite:////Users/benedictleong/Library/Mobile Docu...
21:38:07 | [32mINFO[0m | app.utils.database | 🔧 DEBUG: Creating engine with URL: sqlite:////Users/benedictleong/Library/Mobile Docu...
2025-09-30 21:38:07 - app.utils.database - INFO - 🔧 DEBUG: Testing database connection...
21:38:07 | [32mINFO[0m | app.utils.database | 🔧 DEBUG: Testing database connection...
2025-09-30 21:38:07 - app.utils.database - INFO - 🔧 DEBUG: Connection test successful, result: (1,)
21:38:07 | [32mINFO[0m | app.utils.database | 🔧 DEBUG: Connection test successful, result: (1,)
2025-09-30 21:38:07 - app.utils.database - INFO - ✅ Database connection successful
21:38:07 | [32mINFO[0m | app.utils.database | ✅ Database connection successful
2025-09-30 21:38:07 - app.utils.database - INFO - 🔧 DEBUG: Creating/verifying database tables...
21:38:07 | [32mINFO[0m | app.utils.database | 🔧 DEBUG: Creating/verifying database tables...
2025-09-30 21:38:07 - app.utils.database - INFO - ✅ Database tables created/verified
21:38:07 | [32mINFO[0m | app.utils.database | ✅ Database tables created/verified
2025-09-30 21:38:07 - app.utils.database - INFO - 🔧 DEBUG: Session created: 4627512960
21:38:07 | [32mINFO[0m | app.utils.database | 🔧 DEBUG: Session created: 4627512960
2025-09-30 21:38:07 - app.utils.database - INFO - 🔧 DEBUG: Committing session...
21:38:07 | [32mINFO[0m | app.utils.database | 🔧 DEBUG: Committing session...
2025-09-30 21:38:07 - app.utils.database - INFO - ✅ Session committed successfully
21:38:07 | [32mINFO[0m | app.utils.database | ✅ Session committed successfully
2025-09-30 21:38:07 - app.utils.database - INFO - 🔧 DEBUG: Closing session...
21:38:07 | [32mINFO[0m | app.utils.database | 🔧 DEBUG: Closing session...
2025-09-30 21:38:07 - app.utils.database - INFO - ✅ Session closed
21:38:07 | [32mINFO[0m | app.utils.database | ✅ Session closed
21:38:07 | [32mINFO[0m | root | Authenticated user 1 accessing main page
2025-09-30 21:38:07 - app - INFO - Request completed
21:38:07 | [32mINFO[0m | app | Request completed
21:38:07 | [32mINFO[0m | middleware | Response sent
21:38:07 | [32mINFO[0m | werkzeug | 127.0.0.1 - - [30/Sep/2025 21:38:07] "GET / HTTP/1.1" 200 -
21:38:07 | [32mINFO[0m | middleware | Request received
2025-09-30 21:38:07 - app - INFO - Request started
21:38:07 | [32mINFO[0m | app | Request started
2025-09-30 21:38:07 - app - INFO - Request completed
21:38:07 | [32mINFO[0m | app | Request completed
21:38:07 | [32mINFO[0m | middleware | Response sent
21:38:07 | [32mINFO[0m | werkzeug | 127.0.0.1 - - [30/Sep/2025 21:38:07] "[36mGET /static/style.css HTTP/1.1[0m" 304 -
21:38:07 | [32mINFO[0m | middleware | Request received
21:38:07 | [32mINFO[0m | middleware | Request received
21:38:07 | [32mINFO[0m | middleware | Request received
21:38:07 | [32mINFO[0m | middleware | Request received
21:38:07 | [32mINFO[0m | middleware | Request received
2025-09-30 21:38:07 - app - INFO - Request started
21:38:07 | [32mINFO[0m | middleware | Request received
2025-09-30 21:38:07 - app - INFO - Request started
21:38:07 | [32mINFO[0m | app | Request started
2025-09-30 21:38:07 - app - INFO - Request started
21:38:07 | [32mINFO[0m | app | Request started
21:38:07 | [32mINFO[0m | app | Request started
2025-09-30 21:38:07 - app - INFO - Request started
21:38:07 | [32mINFO[0m | app | Request started
2025-09-30 21:38:07 - app - INFO - Request started
21:38:07 | [32mINFO[0m | app | Request started
2025-09-30 21:38:07 - app - INFO - Request started
21:38:07 | [32mINFO[0m | app | Request started
2025-09-30 21:38:07 - app - INFO - Request completed
21:38:07 | [32mINFO[0m | app | Request completed
2025-09-30 21:38:07 - app - INFO - Request completed
21:38:07 | [32mINFO[0m | app | Request completed
2025-09-30 21:38:07 - app - INFO - Request completed
2025-09-30 21:38:07 - app - INFO - Request completed
21:38:07 | [32mINFO[0m | app | Request completed
2025-09-30 21:38:07 - app - INFO - Request completed
21:38:07 | [32mINFO[0m | middleware | Response sent
21:38:07 | [32mINFO[0m | app | Request completed
2025-09-30 21:38:07 - app - INFO - Request completed
21:38:07 | [32mINFO[0m | app | Request completed
21:38:07 | [32mINFO[0m | middleware | Response sent
21:38:07 | [32mINFO[0m | middleware | Response sent
21:38:07 | [32mINFO[0m | app | Request completed
21:38:07 | [32mINFO[0m | werkzeug | 127.0.0.1 - - [30/Sep/2025 21:38:07] "[36mGET /static/js/tag-management.js HTTP/1.1[0m" 304 -
21:38:07 | [32mINFO[0m | middleware | Response sent
21:38:07 | [32mINFO[0m | middleware | Response sent
21:38:07 | [32mINFO[0m | werkzeug | 127.0.0.1 - - [30/Sep/2025 21:38:07] "[36mGET /static/js/debounced-search.js HTTP/1.1[0m" 304 -
21:38:07 | [32mINFO[0m | werkzeug | 127.0.0.1 - - [30/Sep/2025 21:38:07] "[36mGET /static/js/main.js HTTP/1.1[0m" 304 -
21:38:07 | [32mINFO[0m | middleware | Response sent
21:38:07 | [32mINFO[0m | werkzeug | 127.0.0.1 - - [30/Sep/2025 21:38:07] "[36mGET /static/js/prefetch-manager.js HTTP/1.1[0m" 304 -
21:38:07 | [32mINFO[0m | werkzeug | 127.0.0.1 - - [30/Sep/2025 21:38:07] "[36mGET /static/js/contacts.js HTTP/1.1[0m" 304 -
21:38:07 | [32mINFO[0m | werkzeug | 127.0.0.1 - - [30/Sep/2025 21:38:07] "GET /static/js/cache-manager.js HTTP/1.1" 200 -
21:38:07 | [32mINFO[0m | middleware | Request received
21:38:07 | [32mINFO[0m | middleware | Request received
21:38:07 | [32mINFO[0m | middleware | Request received
2025-09-30 21:38:07 - app - INFO - Request started
21:38:07 | [32mINFO[0m | middleware | Request received
2025-09-30 21:38:07 - app - INFO - Request started
21:38:07 | [32mINFO[0m | app | Request started
21:38:07 | [32mINFO[0m | app | Request started
2025-09-30 21:38:07 - app - INFO - Request started
21:38:07 | [32mINFO[0m | app | Request started
2025-09-30 21:38:07 - app - INFO - Request started
21:38:07 | [32mINFO[0m | app | Request started
2025-09-30 21:38:07 - app - INFO - Request completed
21:38:07 | [32mINFO[0m | app | Request completed
2025-09-30 21:38:07 - app - INFO - Request completed
21:38:07 | [32mINFO[0m | middleware | Response sent
2025-09-30 21:38:07 - app - INFO - Request completed
21:38:07 | [32mINFO[0m | app | Request completed
2025-09-30 21:38:07 - app - INFO - Request completed
21:38:07 | [32mINFO[0m | app | Request completed
21:38:07 | [32mINFO[0m | werkzeug | 127.0.0.1 - - [30/Sep/2025 21:38:07] "[36mGET /static/js/lazy-loader.js HTTP/1.1[0m" 304 -
21:38:07 | [32mINFO[0m | app | Request completed
21:38:07 | [32mINFO[0m | middleware | Response sent
21:38:07 | [32mINFO[0m | middleware | Response sent
21:38:07 | [32mINFO[0m | middleware | Response sent
21:38:07 | [32mINFO[0m | werkzeug | 127.0.0.1 - - [30/Sep/2025 21:38:07] "[36mGET /static/js/settings.js HTTP/1.1[0m" 304 -
21:38:07 | [32mINFO[0m | werkzeug | 127.0.0.1 - - [30/Sep/2025 21:38:07] "[36mGET /static/js/ui-enhancements.js HTTP/1.1[0m" 304 -
21:38:07 | [32mINFO[0m | werkzeug | 127.0.0.1 - - [30/Sep/2025 21:38:07] "[36mGET /static/js/relationship-graph.js HTTP/1.1[0m" 304 -
21:38:07 | [32mINFO[0m | middleware | Request received
2025-09-30 21:38:07 - app - INFO - Request started
21:38:07 | [32mINFO[0m | middleware | Request received
21:38:07 | [32mINFO[0m | app | Request started
21:38:07 | [32mINFO[0m | middleware | Request received
2025-09-30 21:38:07 - app - INFO - Request started
21:38:07 | [32mINFO[0m | app | Request started
21:38:07 | [32mINFO[0m | middleware | Request received
21:38:07 | [32mINFO[0m | middleware | Request received
2025-09-30 21:38:07 - app.utils.database - INFO - 🔧 DEBUG: Database URL resolved: sqlite:////Users/benedictleong/Library/Mobile Docu...
2025-09-30 21:38:07 - app - INFO - Request started
21:38:07 | [32mINFO[0m | app.utils.database | 🔧 DEBUG: Database URL resolved: sqlite:////Users/benedictleong/Library/Mobile Docu...
21:38:07 | [32mINFO[0m | middleware | Request received
21:38:07 | [32mINFO[0m | app | Request started
2025-09-30 21:38:07 - app - INFO - Request started
21:38:07 | [32mINFO[0m | app | Request started
2025-09-30 21:38:07 - app.utils.database - INFO - 🔧 DEBUG: Getting database session...
21:38:07 | [32mINFO[0m | app.utils.database | 🔧 DEBUG: Getting database session...
2025-09-30 21:38:07 - app - INFO - Request started
2025-09-30 21:38:07 - app - INFO - Request started
21:38:07 | [32mINFO[0m | app | Request started
2025-09-30 21:38:07 - app - ERROR - Unhandled exception
21:38:07 | [32mINFO[0m | app | Request started
2025-09-30 21:38:07 - app.utils.database - INFO - 🔧 DEBUG: Database URL resolved: sqlite:////Users/benedictleong/Library/Mobile Docu...
21:38:07 | [31mERROR[0m | app | Unhandled exception
2025-09-30 21:38:07 - app - INFO - Request completed
21:38:07 | [32mINFO[0m | app.utils.database | 🔧 DEBUG: Database URL resolved: sqlite:////Users/benedictleong/Library/Mobile Docu...
2025-09-30 21:38:07 - app.utils.database - INFO - 🔧 DEBUG: Creating database engine...
21:38:07 | [32mINFO[0m | app | Request completed
2025-09-30 21:38:07 - app - INFO - Request completed
21:38:07 | [32mINFO[0m | app.utils.database | 🔧 DEBUG: Creating database engine...
21:38:07 | [32mINFO[0m | app | Request completed
2025-09-30 21:38:07 - app - INFO - Request completed
21:38:07 | [32mINFO[0m | app | Request completed
21:38:07 | [32mINFO[0m | middleware | Response sent
2025-09-30 21:38:07 - app.utils.database - INFO - 🔧 DEBUG: Getting database session...
21:38:07 | [32mINFO[0m | app.utils.database | 🔧 DEBUG: Getting database session...
2025-09-30 21:38:07 - app - ERROR - Unhandled exception
21:38:07 | [32mINFO[0m | middleware | Response sent
2025-09-30 21:38:07 - app.utils.database - INFO - 🔧 DEBUG: Original URL: sqlite:////Users/benedictleong/Library/Mobile Documents/com~apple~CloudDocs/2. Archive/2. Pet Projects /Spiderman-v3-main/kith-platform/local_kith_platform.db
21:38:07 | [31mERROR[0m | app | Unhandled exception
21:38:07 | [32mINFO[0m | app.utils.database | 🔧 DEBUG: Original URL: sqlite:////Users/benedictleong/Library/Mobile Documents/com~apple~CloudDocs/2. Archive/2. Pet Projects /Spiderman-v3-main/kith-platform/local_kith_platform.db
21:38:07 | [32mINFO[0m | middleware | Response sent
21:38:07 | [32mINFO[0m | werkzeug | 127.0.0.1 - - [30/Sep/2025 21:38:07] "[32mGET /api/contacts HTTP/1.1[0m" 308 -
2025-09-30 21:38:07 - app.utils.database - INFO - 🔧 DEBUG: Creating database engine...
21:38:07 | [32mINFO[0m | werkzeug | 127.0.0.1 - - [30/Sep/2025 21:38:07] "[32mGET /api/contacts HTTP/1.1[0m" 308 -
21:38:07 | [32mINFO[0m | app.utils.database | 🔧 DEBUG: Creating database engine...
2025-09-30 21:38:07 - app.utils.database - INFO - 🔧 DEBUG: Creating engine with URL: sqlite:////Users/benedictleong/Library/Mobile Docu...
21:38:07 | [32mINFO[0m | werkzeug | 127.0.0.1 - - [30/Sep/2025 21:38:07] "[35m[1mGET /api/tags HTTP/1.1[0m" 500 -
2025-09-30 21:38:07 - app - INFO - Request completed
21:38:07 | [32mINFO[0m | app.utils.database | 🔧 DEBUG: Creating engine with URL: sqlite:////Users/benedictleong/Library/Mobile Docu...
21:38:07 | [32mINFO[0m | app | Request completed
2025-09-30 21:38:07 - app.utils.database - INFO - 🔧 DEBUG: Original URL: sqlite:////Users/benedictleong/Library/Mobile Documents/com~apple~CloudDocs/2. Archive/2. Pet Projects /Spiderman-v3-main/kith-platform/local_kith_platform.db
21:38:07 | [32mINFO[0m | app.utils.database | 🔧 DEBUG: Original URL: sqlite:////Users/benedictleong/Library/Mobile Documents/com~apple~CloudDocs/2. Archive/2. Pet Projects /Spiderman-v3-main/kith-platform/local_kith_platform.db
2025-09-30 21:38:07 - app.utils.database - INFO - 🔧 DEBUG: Testing database connection...
21:38:07 | [32mINFO[0m | app.utils.database | 🔧 DEBUG: Testing database connection...
21:38:07 | [32mINFO[0m | middleware | Response sent
2025-09-30 21:38:07 - app.utils.database - INFO - 🔧 DEBUG: Creating engine with URL: sqlite:////Users/benedictleong/Library/Mobile Docu...
21:38:07 | [32mINFO[0m | app.utils.database | 🔧 DEBUG: Creating engine with URL: sqlite:////Users/benedictleong/Library/Mobile Docu...
21:38:07 | [32mINFO[0m | werkzeug | 127.0.0.1 - - [30/Sep/2025 21:38:07] "[35m[1mGET /api/telegram/status HTTP/1.1[0m" 500 -
2025-09-30 21:38:07 - app.utils.database - INFO - 🔧 DEBUG: Testing database connection...
21:38:07 | [32mINFO[0m | middleware | Request received
21:38:07 | [32mINFO[0m | app.utils.database | 🔧 DEBUG: Testing database connection...
21:38:07 | [32mINFO[0m | middleware | Request received
2025-09-30 21:38:07 - app.utils.database - INFO - 🔧 DEBUG: Connection test successful, result: (1,)
2025-09-30 21:38:07 - app - INFO - Request started
21:38:07 | [32mINFO[0m | middleware | Request received
21:38:07 | [32mINFO[0m | app.utils.database | 🔧 DEBUG: Connection test successful, result: (1,)
21:38:07 | [32mINFO[0m | app | Request started
2025-09-30 21:38:07 - app - INFO - Request started
21:38:07 | [32mINFO[0m | middleware | Request received
21:38:07 | [32mINFO[0m | app | Request started
2025-09-30 21:38:07 - app.utils.database - INFO - ✅ Database connection successful
21:38:07 | [32mINFO[0m | app.utils.database | ✅ Database connection successful
2025-09-30 21:38:07 - app.utils.database - INFO - 🔧 DEBUG: Connection test successful, result: (1,)
21:38:07 | [32mINFO[0m | app.utils.database | 🔧 DEBUG: Connection test successful, result: (1,)
2025-09-30 21:38:07 - app - INFO - Request started
21:38:07 | [32mINFO[0m | app | Request started
2025-09-30 21:38:07 - app.utils.database - INFO - 🔧 DEBUG: Database URL resolved: sqlite:////Users/benedictleong/Library/Mobile Docu...
21:38:07 | [32mINFO[0m | app.utils.database | 🔧 DEBUG: Database URL resolved: sqlite:////Users/benedictleong/Library/Mobile Docu...
2025-09-30 21:38:07 - app.utils.database - INFO - 🔧 DEBUG: Database URL resolved: sqlite:////Users/benedictleong/Library/Mobile Docu...
21:38:07 | [32mINFO[0m | app.utils.database | 🔧 DEBUG: Database URL resolved: sqlite:////Users/benedictleong/Library/Mobile Docu...
2025-09-30 21:38:07 - app.utils.database - INFO - 🔧 DEBUG: Creating/verifying database tables...
21:38:07 | [32mINFO[0m | app.utils.database | 🔧 DEBUG: Creating/verifying database tables...
2025-09-30 21:38:07 - app.utils.database - INFO - ✅ Database connection successful
21:38:07 | [32mINFO[0m | app.utils.database | ✅ Database connection successful
2025-09-30 21:38:07 - app.utils.database - INFO - 🔧 DEBUG: Database URL resolved: sqlite:////Users/benedictleong/Library/Mobile Docu...
21:38:07 | [32mINFO[0m | app.utils.database | 🔧 DEBUG: Database URL resolved: sqlite:////Users/benedictleong/Library/Mobile Docu...
2025-09-30 21:38:07 - app - INFO - Request started
21:38:07 | [32mINFO[0m | app | Request started
2025-09-30 21:38:07 - app.utils.database - INFO - 🔧 DEBUG: Getting database session...
21:38:07 | [32mINFO[0m | app.utils.database | 🔧 DEBUG: Getting database session...
2025-09-30 21:38:07 - app.utils.database - INFO - 🔧 DEBUG: Getting database session...
21:38:07 | [32mINFO[0m | app.utils.database | 🔧 DEBUG: Getting database session...
2025-09-30 21:38:07 - app.utils.database - INFO - 🔧 DEBUG: Creating/verifying database tables...
21:38:07 | [32mINFO[0m | app.utils.database | 🔧 DEBUG: Creating/verifying database tables...
2025-09-30 21:38:07 - app.utils.database - INFO - 🔧 DEBUG: Getting database session...
21:38:07 | [32mINFO[0m | app.utils.database | 🔧 DEBUG: Getting database session...
2025-09-30 21:38:07 - app.utils.database - INFO - 🔧 DEBUG: Database URL resolved: sqlite:////Users/benedictleong/Library/Mobile Docu...
21:38:07 | [32mINFO[0m | app.utils.database | 🔧 DEBUG: Database URL resolved: sqlite:////Users/benedictleong/Library/Mobile Docu...
2025-09-30 21:38:07 - app.utils.database - INFO - 🔧 DEBUG: Creating database engine...
21:38:07 | [32mINFO[0m | app.utils.database | 🔧 DEBUG: Creating database engine...
2025-09-30 21:38:07 - app.utils.database - INFO - 🔧 DEBUG: Creating database engine...
21:38:07 | [32mINFO[0m | app.utils.database | 🔧 DEBUG: Creating database engine...
2025-09-30 21:38:07 - app.utils.database - INFO - 🔧 DEBUG: Creating database engine...
21:38:07 | [32mINFO[0m | app.utils.database | 🔧 DEBUG: Creating database engine...
2025-09-30 21:38:07 - app.utils.database - INFO - 🔧 DEBUG: Getting database session...
21:38:07 | [32mINFO[0m | app.utils.database | 🔧 DEBUG: Getting database session...
2025-09-30 21:38:07 - app.utils.database - INFO - 🔧 DEBUG: Original URL: sqlite:////Users/benedictleong/Library/Mobile Documents/com~apple~CloudDocs/2. Archive/2. Pet Projects /Spiderman-v3-main/kith-platform/local_kith_platform.db
21:38:07 | [32mINFO[0m | app.utils.database | 🔧 DEBUG: Original URL: sqlite:////Users/benedictleong/Library/Mobile Documents/com~apple~CloudDocs/2. Archive/2. Pet Projects /Spiderman-v3-main/kith-platform/local_kith_platform.db
2025-09-30 21:38:07 - app.utils.database - INFO - 🔧 DEBUG: Original URL: sqlite:////Users/benedictleong/Library/Mobile Documents/com~apple~CloudDocs/2. Archive/2. Pet Projects /Spiderman-v3-main/kith-platform/local_kith_platform.db
21:38:07 | [32mINFO[0m | app.utils.database | 🔧 DEBUG: Original URL: sqlite:////Users/benedictleong/Library/Mobile Documents/com~apple~CloudDocs/2. Archive/2. Pet Projects /Spiderman-v3-main/kith-platform/local_kith_platform.db
2025-09-30 21:38:07 - app.utils.database - INFO - 🔧 DEBUG: Original URL: sqlite:////Users/benedictleong/Library/Mobile Documents/com~apple~CloudDocs/2. Archive/2. Pet Projects /Spiderman-v3-main/kith-platform/local_kith_platform.db
21:38:07 | [32mINFO[0m | app.utils.database | 🔧 DEBUG: Original URL: sqlite:////Users/benedictleong/Library/Mobile Documents/com~apple~CloudDocs/2. Archive/2. Pet Projects /Spiderman-v3-main/kith-platform/local_kith_platform.db
2025-09-30 21:38:07 - app.utils.database - INFO - 🔧 DEBUG: Creating database engine...
21:38:07 | [32mINFO[0m | app.utils.database | 🔧 DEBUG: Creating database engine...
2025-09-30 21:38:07 - app.utils.database - INFO - 🔧 DEBUG: Creating engine with URL: sqlite:////Users/benedictleong/Library/Mobile Docu...
21:38:07 | [32mINFO[0m | app.utils.database | 🔧 DEBUG: Creating engine with URL: sqlite:////Users/benedictleong/Library/Mobile Docu...
2025-09-30 21:38:07 - app.utils.database - INFO - 🔧 DEBUG: Creating engine with URL: sqlite:////Users/benedictleong/Library/Mobile Docu...
21:38:07 | [32mINFO[0m | app.utils.database | 🔧 DEBUG: Creating engine with URL: sqlite:////Users/benedictleong/Library/Mobile Docu...
2025-09-30 21:38:07 - app.utils.database - INFO - 🔧 DEBUG: Creating engine with URL: sqlite:////Users/benedictleong/Library/Mobile Docu...
21:38:07 | [32mINFO[0m | app.utils.database | 🔧 DEBUG: Creating engine with URL: sqlite:////Users/benedictleong/Library/Mobile Docu...
2025-09-30 21:38:07 - app.utils.database - INFO - 🔧 DEBUG: Original URL: sqlite:////Users/benedictleong/Library/Mobile Documents/com~apple~CloudDocs/2. Archive/2. Pet Projects /Spiderman-v3-main/kith-platform/local_kith_platform.db
21:38:07 | [32mINFO[0m | app.utils.database | 🔧 DEBUG: Original URL: sqlite:////Users/benedictleong/Library/Mobile Documents/com~apple~CloudDocs/2. Archive/2. Pet Projects /Spiderman-v3-main/kith-platform/local_kith_platform.db
2025-09-30 21:38:07 - app.utils.database - INFO - 🔧 DEBUG: Testing database connection...
21:38:07 | [32mINFO[0m | app.utils.database | 🔧 DEBUG: Testing database connection...
2025-09-30 21:38:07 - app.utils.database - INFO - 🔧 DEBUG: Testing database connection...
21:38:07 | [32mINFO[0m | app.utils.database | 🔧 DEBUG: Testing database connection...
2025-09-30 21:38:07 - app.utils.database - INFO - 🔧 DEBUG: Testing database connection...
21:38:07 | [32mINFO[0m | app.utils.database | 🔧 DEBUG: Testing database connection...
2025-09-30 21:38:07 - app.utils.database - INFO - 🔧 DEBUG: Creating engine with URL: sqlite:////Users/benedictleong/Library/Mobile Docu...
21:38:07 | [32mINFO[0m | app.utils.database | 🔧 DEBUG: Creating engine with URL: sqlite:////Users/benedictleong/Library/Mobile Docu...
2025-09-30 21:38:07 - app.utils.database - INFO - 🔧 DEBUG: Connection test successful, result: (1,)
21:38:07 | [32mINFO[0m | app.utils.database | 🔧 DEBUG: Connection test successful, result: (1,)
2025-09-30 21:38:07 - app.utils.database - INFO - 🔧 DEBUG: Connection test successful, result: (1,)
21:38:07 | [32mINFO[0m | app.utils.database | 🔧 DEBUG: Connection test successful, result: (1,)
2025-09-30 21:38:07 - app.utils.database - INFO - 🔧 DEBUG: Testing database connection...
21:38:07 | [32mINFO[0m | app.utils.database | 🔧 DEBUG: Testing database connection...
2025-09-30 21:38:07 - app.utils.database - INFO - ✅ Database connection successful
21:38:07 | [32mINFO[0m | app.utils.database | ✅ Database connection successful
2025-09-30 21:38:07 - app.utils.database - INFO - ✅ Database connection successful
21:38:07 | [32mINFO[0m | app.utils.database | ✅ Database connection successful
2025-09-30 21:38:07 - app.utils.database - INFO - 🔧 DEBUG: Connection test successful, result: (1,)
21:38:07 | [32mINFO[0m | app.utils.database | 🔧 DEBUG: Connection test successful, result: (1,)
2025-09-30 21:38:07 - app.utils.database - INFO - 🔧 DEBUG: Creating/verifying database tables...
21:38:07 | [32mINFO[0m | app.utils.database | 🔧 DEBUG: Creating/verifying database tables...
2025-09-30 21:38:07 - app.utils.database - INFO - 🔧 DEBUG: Connection test successful, result: (1,)
21:38:07 | [32mINFO[0m | app.utils.database | 🔧 DEBUG: Connection test successful, result: (1,)
2025-09-30 21:38:07 - app.utils.database - INFO - 🔧 DEBUG: Creating/verifying database tables...
21:38:07 | [32mINFO[0m | app.utils.database | 🔧 DEBUG: Creating/verifying database tables...
2025-09-30 21:38:07 - app.utils.database - INFO - ✅ Database connection successful
21:38:07 | [32mINFO[0m | app.utils.database | ✅ Database connection successful
2025-09-30 21:38:07 - app.utils.database - INFO - ✅ Database connection successful
21:38:07 | [32mINFO[0m | app.utils.database | ✅ Database connection successful
2025-09-30 21:38:07 - app.utils.database - INFO - 🔧 DEBUG: Creating/verifying database tables...
21:38:07 | [32mINFO[0m | app.utils.database | 🔧 DEBUG: Creating/verifying database tables...
2025-09-30 21:38:07 - app.utils.database - INFO - 🔧 DEBUG: Creating/verifying database tables...
21:38:07 | [32mINFO[0m | app.utils.database | 🔧 DEBUG: Creating/verifying database tables...
2025-09-30 21:38:07 - app.utils.database - INFO - ✅ Database tables created/verified
21:38:07 | [32mINFO[0m | app.utils.database | ✅ Database tables created/verified
2025-09-30 21:38:07 - app.utils.database - INFO - ✅ Database tables created/verified
21:38:07 | [32mINFO[0m | app.utils.database | ✅ Database tables created/verified
2025-09-30 21:38:07 - app.utils.database - INFO - 🔧 DEBUG: Session created: 4628074848
21:38:07 | [32mINFO[0m | app.utils.database | 🔧 DEBUG: Session created: 4628074848
2025-09-30 21:38:07 - app.utils.database - INFO - 🔧 DEBUG: Session created: 4628074608
21:38:07 | [32mINFO[0m | app.utils.database | 🔧 DEBUG: Session created: 4628074608
2025-09-30 21:38:07 - app.utils.database - INFO - 🔧 DEBUG: Committing session...
21:38:07 | [32mINFO[0m | app.utils.database | 🔧 DEBUG: Committing session...
2025-09-30 21:38:07 - app.utils.database - INFO - ✅ Session committed successfully
21:38:07 | [32mINFO[0m | app.utils.database | ✅ Session committed successfully
2025-09-30 21:38:07 - app.utils.database - INFO - 🔧 DEBUG: Closing session...
21:38:07 | [32mINFO[0m | app.utils.database | 🔧 DEBUG: Closing session...
2025-09-30 21:38:07 - app.utils.database - INFO - ✅ Session closed
21:38:07 | [32mINFO[0m | app.utils.database | ✅ Session closed
2025-09-30 21:38:07 - app.utils.database - INFO - 🔧 DEBUG: Database URL resolved: sqlite:////Users/benedictleong/Library/Mobile Docu...
21:38:07 | [32mINFO[0m | app.utils.database | 🔧 DEBUG: Database URL resolved: sqlite:////Users/benedictleong/Library/Mobile Docu...
2025-09-30 21:38:07 - app.utils.database - INFO - 🔧 DEBUG: Committing session...
21:38:07 | [32mINFO[0m | app.utils.database | 🔧 DEBUG: Committing session...
2025-09-30 21:38:07 - app.utils.database - INFO - 🔧 DEBUG: Getting database session...
21:38:07 | [32mINFO[0m | app.utils.database | 🔧 DEBUG: Getting database session...
2025-09-30 21:38:07 - app.utils.database - INFO - ✅ Session committed successfully
21:38:07 | [32mINFO[0m | app.utils.database | ✅ Session committed successfully
2025-09-30 21:38:07 - app.utils.database - INFO - 🔧 DEBUG: Creating database engine...
21:38:07 | [32mINFO[0m | app.utils.database | 🔧 DEBUG: Creating database engine...
2025-09-30 21:38:07 - app.utils.database - INFO - 🔧 DEBUG: Closing session...
2025-09-30 21:38:07 - app.utils.database - INFO - 🔧 DEBUG: Original URL: sqlite:////Users/benedictleong/Library/Mobile Documents/com~apple~CloudDocs/2. Archive/2. Pet Projects /Spiderman-v3-main/kith-platform/local_kith_platform.db
21:38:07 | [32mINFO[0m | app.utils.database | 🔧 DEBUG: Closing session...
21:38:07 | [32mINFO[0m | app.utils.database | 🔧 DEBUG: Original URL: sqlite:////Users/benedictleong/Library/Mobile Documents/com~apple~CloudDocs/2. Archive/2. Pet Projects /Spiderman-v3-main/kith-platform/local_kith_platform.db
2025-09-30 21:38:07 - app.utils.database - INFO - ✅ Session closed
21:38:07 | [32mINFO[0m | app.utils.database | ✅ Session closed
2025-09-30 21:38:07 - app.utils.database - INFO - 🔧 DEBUG: Creating engine with URL: sqlite:////Users/benedictleong/Library/Mobile Docu...
21:38:07 | [32mINFO[0m | app.utils.database | 🔧 DEBUG: Creating engine with URL: sqlite:////Users/benedictleong/Library/Mobile Docu...
2025-09-30 21:38:07 - app.utils.database - INFO - 🔧 DEBUG: Getting database session...
21:38:07 | [32mINFO[0m | app.utils.database | 🔧 DEBUG: Getting database session...
2025-09-30 21:38:07 - app.utils.database - INFO - 🔧 DEBUG: Testing database connection...
21:38:07 | [32mINFO[0m | app.utils.database | 🔧 DEBUG: Testing database connection...
2025-09-30 21:38:07 - app.utils.database - INFO - 🔧 DEBUG: Engine already exists, skipping creation
21:38:07 | [32mINFO[0m | app.utils.database | 🔧 DEBUG: Engine already exists, skipping creation
2025-09-30 21:38:07 - app.utils.database - INFO - 🔧 DEBUG: Session created: 4627934848
21:38:07 | [32mINFO[0m | app.utils.database | 🔧 DEBUG: Session created: 4627934848
2025-09-30 21:38:07 - app.utils.database - INFO - 🔧 DEBUG: Connection test successful, result: (1,)
21:38:07 | [32mINFO[0m | app.utils.database | 🔧 DEBUG: Connection test successful, result: (1,)
2025-09-30 21:38:07 - app.utils.database - INFO - ✅ Database connection successful
21:38:07 | [32mINFO[0m | app.utils.database | ✅ Database connection successful
2025-09-30 21:38:07 - app.utils.database - INFO - 🔧 DEBUG: Creating/verifying database tables...
21:38:07 | [32mINFO[0m | app.utils.database | 🔧 DEBUG: Creating/verifying database tables...
2025-09-30 21:38:07 - app.services.contact_service - INFO - Retrieved 1 contacts for user 1
21:38:07 | [32mINFO[0m | app.services.contact_service | Retrieved 1 contacts for user 1
2025-09-30 21:38:07 - app.utils.database - INFO - 🔧 DEBUG: Committing session...
21:38:07 | [32mINFO[0m | app.utils.database | 🔧 DEBUG: Committing session...
2025-09-30 21:38:07 - app.utils.database - INFO - ✅ Session committed successfully
21:38:07 | [32mINFO[0m | app.utils.database | ✅ Session committed successfully
2025-09-30 21:38:07 - app.utils.database - INFO - 🔧 DEBUG: Closing session...
21:38:07 | [32mINFO[0m | app.utils.database | 🔧 DEBUG: Closing session...
2025-09-30 21:38:07 - app.utils.database - INFO - ✅ Session closed
21:38:07 | [32mINFO[0m | app.utils.database | ✅ Session closed
2025-09-30 21:38:07 - app - INFO - Request completed
21:38:07 | [32mINFO[0m | app | Request completed
21:38:07 | [32mINFO[0m | middleware | Response sent
21:38:07 | [32mINFO[0m | werkzeug | 127.0.0.1 - - [30/Sep/2025 21:38:07] "GET /api/contacts/?tier=1&_=1759239487868 HTTP/1.1" 200 -
2025-09-30 21:38:07 - app.utils.database - INFO - ✅ Database tables created/verified
21:38:07 | [32mINFO[0m | app.utils.database | ✅ Database tables created/verified
2025-09-30 21:38:07 - app.utils.database - INFO - 🔧 DEBUG: Session created: 4627734000
21:38:07 | [32mINFO[0m | app.utils.database | 🔧 DEBUG: Session created: 4627734000
21:38:07 | [32mINFO[0m | middleware | Request received
2025-09-30 21:38:07 - app - INFO - Request started
21:38:07 | [32mINFO[0m | app | Request started
2025-09-30 21:38:07 - app.utils.database - INFO - ✅ Database tables created/verified
21:38:07 | [32mINFO[0m | app.utils.database | ✅ Database tables created/verified
2025-09-30 21:38:07 - app.utils.database - INFO - 🔧 DEBUG: Database URL resolved: sqlite:////Users/benedictleong/Library/Mobile Docu...
21:38:07 | [32mINFO[0m | app.utils.database | 🔧 DEBUG: Database URL resolved: sqlite:////Users/benedictleong/Library/Mobile Docu...
2025-09-30 21:38:07 - app.utils.database - INFO - ✅ Database tables created/verified
21:38:07 | [32mINFO[0m | app.utils.database | ✅ Database tables created/verified
2025-09-30 21:38:07 - app.utils.database - INFO - ✅ Database tables created/verified
21:38:07 | [32mINFO[0m | app.utils.database | ✅ Database tables created/verified
2025-09-30 21:38:07 - app.utils.database - INFO - 🔧 DEBUG: Session created: 4627691456
21:38:07 | [32mINFO[0m | app.utils.database | 🔧 DEBUG: Session created: 4627691456
2025-09-30 21:38:07 - app.utils.database - INFO - 🔧 DEBUG: Getting database session...
21:38:07 | [32mINFO[0m | app.utils.database | 🔧 DEBUG: Getting database session...
2025-09-30 21:38:07 - app.utils.database - INFO - 🔧 DEBUG: Committing session...
21:38:07 | [32mINFO[0m | app.utils.database | 🔧 DEBUG: Committing session...
2025-09-30 21:38:07 - app.utils.database - INFO - 🔧 DEBUG: Session created: 4627558848
2025-09-30 21:38:07 - app.utils.database - INFO - 🔧 DEBUG: Session created: 4627558512
21:38:07 | [32mINFO[0m | app.utils.database | 🔧 DEBUG: Session created: 4627558848
2025-09-30 21:38:07 - app.utils.database - INFO - 🔧 DEBUG: Committing session...
21:38:07 | [32mINFO[0m | app.utils.database | 🔧 DEBUG: Session created: 4627558512
21:38:07 | [32mINFO[0m | app.utils.database | 🔧 DEBUG: Committing session...
2025-09-30 21:38:07 - app.utils.database - INFO - 🔧 DEBUG: Creating database engine...
21:38:07 | [32mINFO[0m | app.utils.database | 🔧 DEBUG: Creating database engine...
2025-09-30 21:38:07 - app.utils.database - INFO - ✅ Session committed successfully
21:38:07 | [32mINFO[0m | app.utils.database | ✅ Session committed successfully
2025-09-30 21:38:07 - app.utils.database - INFO - ✅ Session committed successfully
21:38:07 | [32mINFO[0m | app.utils.database | ✅ Session committed successfully
2025-09-30 21:38:07 - app.utils.database - INFO - 🔧 DEBUG: Original URL: sqlite:////Users/benedictleong/Library/Mobile Documents/com~apple~CloudDocs/2. Archive/2. Pet Projects /Spiderman-v3-main/kith-platform/local_kith_platform.db
21:38:07 | [32mINFO[0m | app.utils.database | 🔧 DEBUG: Original URL: sqlite:////Users/benedictleong/Library/Mobile Documents/com~apple~CloudDocs/2. Archive/2. Pet Projects /Spiderman-v3-main/kith-platform/local_kith_platform.db
2025-09-30 21:38:07 - app.utils.database - INFO - 🔧 DEBUG: Closing session...
21:38:07 | [32mINFO[0m | app.utils.database | 🔧 DEBUG: Closing session...
2025-09-30 21:38:07 - app.utils.database - INFO - 🔧 DEBUG: Closing session...
21:38:07 | [32mINFO[0m | app.utils.database | 🔧 DEBUG: Closing session...
2025-09-30 21:38:07 - app.utils.database - INFO - 🔧 DEBUG: Committing session...
21:38:07 | [32mINFO[0m | app.utils.database | 🔧 DEBUG: Committing session...
2025-09-30 21:38:07 - app.utils.database - INFO - 🔧 DEBUG: Committing session...
21:38:07 | [32mINFO[0m | app.utils.database | 🔧 DEBUG: Committing session...
2025-09-30 21:38:07 - app.utils.database - INFO - 🔧 DEBUG: Creating engine with URL: sqlite:////Users/benedictleong/Library/Mobile Docu...
21:38:07 | [32mINFO[0m | app.utils.database | 🔧 DEBUG: Creating engine with URL: sqlite:////Users/benedictleong/Library/Mobile Docu...
2025-09-30 21:38:07 - app.utils.database - INFO - ✅ Database tables created/verified
21:38:07 | [32mINFO[0m | app.utils.database | ✅ Database tables created/verified
2025-09-30 21:38:07 - app.utils.database - INFO - ✅ Session closed
21:38:07 | [32mINFO[0m | app.utils.database | ✅ Session closed
2025-09-30 21:38:07 - app.utils.database - INFO - ✅ Session closed
21:38:07 | [32mINFO[0m | app.utils.database | ✅ Session closed
2025-09-30 21:38:07 - app.utils.database - INFO - ✅ Session committed successfully
21:38:07 | [32mINFO[0m | app.utils.database | ✅ Session committed successfully
2025-09-30 21:38:07 - app.utils.database - INFO - ✅ Session committed successfully
21:38:07 | [32mINFO[0m | app.utils.database | ✅ Session committed successfully
2025-09-30 21:38:07 - app.utils.database - INFO - 🔧 DEBUG: Testing database connection...
21:38:07 | [32mINFO[0m | app.utils.database | 🔧 DEBUG: Testing database connection...
2025-09-30 21:38:07 - app.utils.database - INFO - 🔧 DEBUG: Session created: 4628076096
21:38:07 | [32mINFO[0m | app.utils.database | 🔧 DEBUG: Session created: 4628076096
2025-09-30 21:38:07 - app.utils.database - INFO - 🔧 DEBUG: Getting database session...
21:38:07 | [32mINFO[0m | app.utils.database | 🔧 DEBUG: Getting database session...
2025-09-30 21:38:07 - app.utils.database - INFO - 🔧 DEBUG: Getting database session...
21:38:07 | [32mINFO[0m | app.utils.database | 🔧 DEBUG: Getting database session...
2025-09-30 21:38:07 - app.utils.database - INFO - 🔧 DEBUG: Closing session...
21:38:07 | [32mINFO[0m | app.utils.database | 🔧 DEBUG: Closing session...
2025-09-30 21:38:07 - app.utils.database - INFO - 🔧 DEBUG: Closing session...
21:38:07 | [32mINFO[0m | app.utils.database | 🔧 DEBUG: Closing session...
2025-09-30 21:38:07 - app.utils.database - INFO - 🔧 DEBUG: Connection test successful, result: (1,)
21:38:07 | [32mINFO[0m | app.utils.database | 🔧 DEBUG: Connection test successful, result: (1,)
2025-09-30 21:38:07 - app.services.contact_service - INFO - Retrieved 1 contacts for user 1
21:38:07 | [32mINFO[0m | app.services.contact_service | Retrieved 1 contacts for user 1
2025-09-30 21:38:07 - app.utils.database - INFO - 🔧 DEBUG: Engine already exists, skipping creation
21:38:07 | [32mINFO[0m | app.utils.database | 🔧 DEBUG: Engine already exists, skipping creation
2025-09-30 21:38:07 - app.utils.database - INFO - 🔧 DEBUG: Engine already exists, skipping creation
21:38:07 | [32mINFO[0m | app.utils.database | 🔧 DEBUG: Engine already exists, skipping creation
2025-09-30 21:38:07 - app.utils.database - INFO - ✅ Session closed
21:38:07 | [32mINFO[0m | app.utils.database | ✅ Session closed
2025-09-30 21:38:07 - app.utils.database - INFO - ✅ Session closed
21:38:07 | [32mINFO[0m | app.utils.database | ✅ Session closed
2025-09-30 21:38:07 - app.utils.database - INFO - ✅ Database connection successful
21:38:07 | [32mINFO[0m | app.utils.database | ✅ Database connection successful
2025-09-30 21:38:07 - app.utils.database - INFO - 🔧 DEBUG: Committing session...
21:38:07 | [32mINFO[0m | app.utils.database | 🔧 DEBUG: Committing session...
2025-09-30 21:38:07 - app.utils.database - INFO - 🔧 DEBUG: Session created: 4627560576
21:38:07 | [32mINFO[0m | app.utils.database | 🔧 DEBUG: Session created: 4627560576
2025-09-30 21:38:07 - app.utils.database - INFO - 🔧 DEBUG: Session created: 4627734288
21:38:07 | [32mINFO[0m | app.utils.database | 🔧 DEBUG: Session created: 4627734288
2025-09-30 21:38:07 - app.utils.database - INFO - 🔧 DEBUG: Getting database session...
21:38:07 | [32mINFO[0m | app.utils.database | 🔧 DEBUG: Getting database session...
2025-09-30 21:38:07 - app.utils.database - INFO - 🔧 DEBUG: Getting database session...
21:38:07 | [32mINFO[0m | app.utils.database | 🔧 DEBUG: Getting database session...
2025-09-30 21:38:07 - app.utils.database - INFO - 🔧 DEBUG: Creating/verifying database tables...
21:38:07 | [32mINFO[0m | app.utils.database | 🔧 DEBUG: Creating/verifying database tables...
2025-09-30 21:38:07 - app.utils.database - INFO - ✅ Session committed successfully
21:38:07 | [32mINFO[0m | app.utils.database | ✅ Session committed successfully
2025-09-30 21:38:07 - app.utils.database - INFO - 🔧 DEBUG: Engine already exists, skipping creation
21:38:07 | [32mINFO[0m | app.utils.database | 🔧 DEBUG: Engine already exists, skipping creation
2025-09-30 21:38:07 - app.utils.database - INFO - 🔧 DEBUG: Engine already exists, skipping creation
21:38:07 | [32mINFO[0m | app.utils.database | 🔧 DEBUG: Engine already exists, skipping creation
2025-09-30 21:38:07 - app.services.contact_service - INFO - Retrieved 1 contacts for user 1
21:38:07 | [32mINFO[0m | app.services.contact_service | Retrieved 1 contacts for user 1
2025-09-30 21:38:07 - app.services.contact_service - INFO - Retrieved 1 contacts for user 1
21:38:07 | [32mINFO[0m | app.services.contact_service | Retrieved 1 contacts for user 1
2025-09-30 21:38:07 - app.utils.database - INFO - 🔧 DEBUG: Closing session...
21:38:07 | [32mINFO[0m | app.utils.database | 🔧 DEBUG: Closing session...
2025-09-30 21:38:07 - app.utils.database - INFO - 🔧 DEBUG: Session created: 4628075088
21:38:07 | [32mINFO[0m | app.utils.database | 🔧 DEBUG: Session created: 4628075088
2025-09-30 21:38:07 - app.utils.database - INFO - 🔧 DEBUG: Session created: 4627841520
21:38:07 | [32mINFO[0m | app.utils.database | 🔧 DEBUG: Session created: 4627841520
2025-09-30 21:38:07 - app.utils.database - INFO - 🔧 DEBUG: Committing session...
21:38:07 | [32mINFO[0m | app.utils.database | 🔧 DEBUG: Committing session...
2025-09-30 21:38:07 - app.utils.database - INFO - 🔧 DEBUG: Committing session...
21:38:07 | [32mINFO[0m | app.utils.database | 🔧 DEBUG: Committing session...
2025-09-30 21:38:07 - app.utils.database - INFO - ✅ Session closed
21:38:07 | [32mINFO[0m | app.utils.database | ✅ Session closed
2025-09-30 21:38:07 - app.utils.database - INFO - ✅ Session committed successfully
21:38:07 | [32mINFO[0m | app.utils.database | ✅ Session committed successfully
2025-09-30 21:38:07 - app.utils.database - INFO - ✅ Session committed successfully
21:38:07 | [32mINFO[0m | app.utils.database | ✅ Session committed successfully
2025-09-30 21:38:07 - app - INFO - Request completed
21:38:07 | [32mINFO[0m | app | Request completed
2025-09-30 21:38:07 - app.services.contact_service - INFO - Retrieved 1 contacts for user 1
21:38:07 | [32mINFO[0m | app.services.contact_service | Retrieved 1 contacts for user 1
2025-09-30 21:38:07 - app.utils.database - INFO - 🔧 DEBUG: Closing session...
21:38:07 | [32mINFO[0m | app.utils.database | 🔧 DEBUG: Closing session...
2025-09-30 21:38:07 - app.utils.database - INFO - 🔧 DEBUG: Closing session...
21:38:07 | [32mINFO[0m | app.utils.database | 🔧 DEBUG: Closing session...
21:38:07 | [32mINFO[0m | middleware | Response sent
2025-09-30 21:38:07 - app.utils.database - INFO - 🔧 DEBUG: Committing session...
21:38:07 | [32mINFO[0m | app.utils.database | 🔧 DEBUG: Committing session...
2025-09-30 21:38:07 - app.services.contact_service - INFO - Retrieved 1 contacts for user 1
21:38:07 | [32mINFO[0m | app.services.contact_service | Retrieved 1 contacts for user 1
2025-09-30 21:38:07 - app.utils.database - INFO - ✅ Session closed
21:38:07 | [32mINFO[0m | app.utils.database | ✅ Session closed
2025-09-30 21:38:07 - app.utils.database - INFO - ✅ Session closed
21:38:07 | [32mINFO[0m | app.utils.database | ✅ Session closed
21:38:07 | [32mINFO[0m | werkzeug | 127.0.0.1 - - [30/Sep/2025 21:38:07] "GET /api/contacts/?tier=2&_=1759239487868 HTTP/1.1" 200 -
2025-09-30 21:38:07 - app.utils.database - INFO - ✅ Session committed successfully
21:38:07 | [32mINFO[0m | app.utils.database | ✅ Session committed successfully
2025-09-30 21:38:07 - app.utils.database - INFO - 🔧 DEBUG: Committing session...
21:38:07 | [32mINFO[0m | app.utils.database | 🔧 DEBUG: Committing session...
2025-09-30 21:38:07 - app.utils.database - INFO - ✅ Database tables created/verified
21:38:07 | [32mINFO[0m | app.utils.database | ✅ Database tables created/verified
2025-09-30 21:38:07 - app - INFO - Request completed
21:38:07 | [32mINFO[0m | app | Request completed
2025-09-30 21:38:07 - app - INFO - Request completed
21:38:07 | [32mINFO[0m | app | Request completed
2025-09-30 21:38:07 - app.utils.database - INFO - 🔧 DEBUG: Closing session...
21:38:07 | [32mINFO[0m | app.utils.database | 🔧 DEBUG: Closing session...
2025-09-30 21:38:07 - app.utils.database - INFO - ✅ Session committed successfully
21:38:07 | [32mINFO[0m | app.utils.database | ✅ Session committed successfully
2025-09-30 21:38:07 - app.utils.database - INFO - 🔧 DEBUG: Session created: 4627676944
21:38:07 | [32mINFO[0m | app.utils.database | 🔧 DEBUG: Session created: 4627676944
21:38:07 | [32mINFO[0m | middleware | Response sent
21:38:07 | [32mINFO[0m | middleware | Response sent
2025-09-30 21:38:07 - app.utils.database - INFO - ✅ Session closed
21:38:07 | [32mINFO[0m | app.utils.database | ✅ Session closed
2025-09-30 21:38:07 - app.utils.database - INFO - 🔧 DEBUG: Closing session...
21:38:07 | [32mINFO[0m | app.utils.database | 🔧 DEBUG: Closing session...
21:38:07 | [32mINFO[0m | middleware | Request received
21:38:07 | [32mINFO[0m | werkzeug | 127.0.0.1 - - [30/Sep/2025 21:38:07] "GET /api/contacts/ HTTP/1.1" 200 -
2025-09-30 21:38:07 - app.utils.database - INFO - 🔧 DEBUG: Committing session...
21:38:07 | [32mINFO[0m | app.utils.database | 🔧 DEBUG: Committing session...
21:38:07 | [32mINFO[0m | werkzeug | 127.0.0.1 - - [30/Sep/2025 21:38:07] "GET /api/contacts/ HTTP/1.1" 200 -
2025-09-30 21:38:07 - app - INFO - Request completed
21:38:07 | [32mINFO[0m | app | Request completed
2025-09-30 21:38:07 - app.utils.database - INFO - ✅ Session closed
21:38:07 | [32mINFO[0m | app.utils.database | ✅ Session closed
2025-09-30 21:38:07 - app.utils.database - INFO - ✅ Session committed successfully
21:38:07 | [32mINFO[0m | app.utils.database | ✅ Session committed successfully
2025-09-30 21:38:07 - app - INFO - Request started
21:38:07 | [32mINFO[0m | app | Request started
21:38:07 | [32mINFO[0m | middleware | Response sent
2025-09-30 21:38:07 - app - INFO - Request completed
21:38:07 | [32mINFO[0m | app | Request completed
2025-09-30 21:38:07 - app.utils.database - INFO - 🔧 DEBUG: Closing session...
21:38:07 | [32mINFO[0m | app.utils.database | 🔧 DEBUG: Closing session...
21:38:07 | [32mINFO[0m | werkzeug | 127.0.0.1 - - [30/Sep/2025 21:38:07] "GET /api/contacts/ HTTP/1.1" 200 -
21:38:07 | [32mINFO[0m | middleware | Response sent
2025-09-30 21:38:07 - app - ERROR - Unhandled exception
21:38:07 | [32mINFO[0m | werkzeug | 127.0.0.1 - - [30/Sep/2025 21:38:07] "GET /api/contacts/?tier=1&_=1759239487870 HTTP/1.1" 200 -
21:38:07 | [31mERROR[0m | app | Unhandled exception
2025-09-30 21:38:07 - app.utils.database - INFO - ✅ Session closed
21:38:07 | [32mINFO[0m | app.utils.database | ✅ Session closed
2025-09-30 21:38:07 - app - INFO - Request completed
21:38:07 | [32mINFO[0m | app | Request completed
21:38:07 | [32mINFO[0m | middleware | Response sent
2025-09-30 21:38:07 - app.utils.database - INFO - 🔧 DEBUG: Getting database session...
21:38:07 | [32mINFO[0m | app.utils.database | 🔧 DEBUG: Getting database session...
21:38:07 | [32mINFO[0m | werkzeug | 127.0.0.1 - - [30/Sep/2025 21:38:07] "[35m[1mGET /api/telegram/status HTTP/1.1[0m" 500 -
2025-09-30 21:38:07 - app.utils.database - INFO - 🔧 DEBUG: Engine already exists, skipping creation
21:38:07 | [32mINFO[0m | app.utils.database | 🔧 DEBUG: Engine already exists, skipping creation
2025-09-30 21:38:07 - app.utils.database - INFO - 🔧 DEBUG: Session created: 4627869904
21:38:07 | [32mINFO[0m | app.utils.database | 🔧 DEBUG: Session created: 4627869904
2025-09-30 21:38:07 - app.services.contact_service - INFO - Retrieved 1 contacts for user 1
21:38:07 | [32mINFO[0m | app.services.contact_service | Retrieved 1 contacts for user 1
2025-09-30 21:38:07 - app.utils.database - INFO - 🔧 DEBUG: Committing session...
21:38:07 | [32mINFO[0m | app.utils.database | 🔧 DEBUG: Committing session...
2025-09-30 21:38:07 - app.utils.database - INFO - ✅ Session committed successfully
21:38:07 | [32mINFO[0m | app.utils.database | ✅ Session committed successfully
2025-09-30 21:38:07 - app.utils.database - INFO - 🔧 DEBUG: Closing session...
21:38:07 | [32mINFO[0m | app.utils.database | 🔧 DEBUG: Closing session...
2025-09-30 21:38:07 - app.utils.database - INFO - ✅ Session closed
21:38:07 | [32mINFO[0m | app.utils.database | ✅ Session closed
2025-09-30 21:38:07 - app - INFO - Request completed
21:38:07 | [32mINFO[0m | app | Request completed
21:38:07 | [32mINFO[0m | middleware | Response sent
21:38:07 | [32mINFO[0m | werkzeug | 127.0.0.1 - - [30/Sep/2025 21:38:07] "GET /api/contacts/?tier=2&_=1759239487870 HTTP/1.1" 200 -
21:38:13 | [32mINFO[0m | middleware | Request received
2025-09-30 21:38:13 - app - INFO - Request started
21:38:13 | [32mINFO[0m | app | Request started
2025-09-30 21:38:13 - app.utils.database - INFO - 🔧 DEBUG: Database URL resolved: sqlite:////Users/benedictleong/Library/Mobile Docu...
21:38:13 | [32mINFO[0m | app.utils.database | 🔧 DEBUG: Database URL resolved: sqlite:////Users/benedictleong/Library/Mobile Docu...
2025-09-30 21:38:13 - app.utils.database - INFO - 🔧 DEBUG: Getting database session...
21:38:13 | [32mINFO[0m | app.utils.database | 🔧 DEBUG: Getting database session...
2025-09-30 21:38:13 - app.utils.database - INFO - 🔧 DEBUG: Creating database engine...
21:38:13 | [32mINFO[0m | app.utils.database | 🔧 DEBUG: Creating database engine...
2025-09-30 21:38:13 - app.utils.database - INFO - 🔧 DEBUG: Original URL: sqlite:////Users/benedictleong/Library/Mobile Documents/com~apple~CloudDocs/2. Archive/2. Pet Projects /Spiderman-v3-main/kith-platform/local_kith_platform.db
21:38:13 | [32mINFO[0m | app.utils.database | 🔧 DEBUG: Original URL: sqlite:////Users/benedictleong/Library/Mobile Documents/com~apple~CloudDocs/2. Archive/2. Pet Projects /Spiderman-v3-main/kith-platform/local_kith_platform.db
2025-09-30 21:38:13 - app.utils.database - INFO - 🔧 DEBUG: Creating engine with URL: sqlite:////Users/benedictleong/Library/Mobile Docu...
21:38:13 | [32mINFO[0m | app.utils.database | 🔧 DEBUG: Creating engine with URL: sqlite:////Users/benedictleong/Library/Mobile Docu...
2025-09-30 21:38:13 - app.utils.database - INFO - 🔧 DEBUG: Testing database connection...
21:38:13 | [32mINFO[0m | app.utils.database | 🔧 DEBUG: Testing database connection...
2025-09-30 21:38:13 - app.utils.database - INFO - 🔧 DEBUG: Connection test successful, result: (1,)
21:38:13 | [32mINFO[0m | app.utils.database | 🔧 DEBUG: Connection test successful, result: (1,)
2025-09-30 21:38:13 - app.utils.database - INFO - ✅ Database connection successful
21:38:13 | [32mINFO[0m | app.utils.database | ✅ Database connection successful
2025-09-30 21:38:13 - app.utils.database - INFO - 🔧 DEBUG: Creating/verifying database tables...
21:38:13 | [32mINFO[0m | app.utils.database | 🔧 DEBUG: Creating/verifying database tables...
2025-09-30 21:38:13 - app.utils.database - INFO - ✅ Database tables created/verified
21:38:13 | [32mINFO[0m | app.utils.database | ✅ Database tables created/verified
2025-09-30 21:38:13 - app.utils.database - INFO - 🔧 DEBUG: Session created: 4627704128
21:38:13 | [32mINFO[0m | app.utils.database | 🔧 DEBUG: Session created: 4627704128
2025-09-30 21:38:13 - app.utils.database - INFO - 🔧 DEBUG: Committing session...
21:38:13 | [32mINFO[0m | app.utils.database | 🔧 DEBUG: Committing session...
2025-09-30 21:38:13 - app.utils.database - INFO - ✅ Session committed successfully
21:38:13 | [32mINFO[0m | app.utils.database | ✅ Session committed successfully
2025-09-30 21:38:13 - app.utils.database - INFO - 🔧 DEBUG: Closing session...
21:38:13 | [32mINFO[0m | app.utils.database | 🔧 DEBUG: Closing session...
2025-09-30 21:38:13 - app.utils.database - INFO - ✅ Session closed
21:38:13 | [32mINFO[0m | app.utils.database | ✅ Session closed
21:38:13 | [32mINFO[0m | root | Authenticated user 1 accessing main page
2025-09-30 21:38:13 - app - INFO - Request completed
21:38:13 | [32mINFO[0m | app | Request completed
21:38:13 | [32mINFO[0m | middleware | Response sent
21:38:13 | [32mINFO[0m | werkzeug | 127.0.0.1 - - [30/Sep/2025 21:38:13] "GET / HTTP/1.1" 200 -
21:38:13 | [32mINFO[0m | middleware | Request received
2025-09-30 21:38:13 - app - INFO - Request started
21:38:13 | [32mINFO[0m | app | Request started
2025-09-30 21:38:13 - app - INFO - Request completed
21:38:13 | [32mINFO[0m | app | Request completed
21:38:13 | [32mINFO[0m | middleware | Response sent
21:38:13 | [32mINFO[0m | werkzeug | 127.0.0.1 - - [30/Sep/2025 21:38:13] "[36mGET /static/style.css HTTP/1.1[0m" 304 -
21:38:13 | [32mINFO[0m | middleware | Request received
2025-09-30 21:38:13 - app - INFO - Request started
21:38:13 | [32mINFO[0m | app | Request started
21:38:13 | [32mINFO[0m | middleware | Request received
21:38:13 | [32mINFO[0m | middleware | Request received
21:38:13 | [32mINFO[0m | middleware | Request received
2025-09-30 21:38:13 - app - INFO - Request completed
2025-09-30 21:38:13 - app - INFO - Request started
2025-09-30 21:38:13 - app - INFO - Request started
21:38:13 | [32mINFO[0m | app | Request completed
21:38:13 | [32mINFO[0m | middleware | Request received
2025-09-30 21:38:13 - app - INFO - Request started
21:38:13 | [32mINFO[0m | app | Request started
21:38:13 | [32mINFO[0m | middleware | Request received
21:38:13 | [32mINFO[0m | app | Request started
2025-09-30 21:38:13 - app - INFO - Request started
21:38:13 | [32mINFO[0m | middleware | Response sent
21:38:13 | [32mINFO[0m | app | Request started
21:38:13 | [32mINFO[0m | app | Request started
2025-09-30 21:38:13 - app - INFO - Request completed
21:38:13 | [32mINFO[0m | werkzeug | 127.0.0.1 - - [30/Sep/2025 21:38:13] "[36mGET /static/js/tag-management.js HTTP/1.1[0m" 304 -
21:38:13 | [32mINFO[0m | app | Request completed
2025-09-30 21:38:13 - app - INFO - Request started
2025-09-30 21:38:13 - app - INFO - Request completed
21:38:13 | [32mINFO[0m | app | Request started
2025-09-30 21:38:13 - app - INFO - Request completed
2025-09-30 21:38:13 - app - INFO - Request completed
21:38:13 | [32mINFO[0m | app | Request completed
21:38:13 | [32mINFO[0m | middleware | Response sent
21:38:13 | [32mINFO[0m | app | Request completed
21:38:13 | [32mINFO[0m | app | Request completed
21:38:13 | [32mINFO[0m | middleware | Request received
2025-09-30 21:38:13 - app - INFO - Request completed
21:38:13 | [32mINFO[0m | middleware | Response sent
21:38:13 | [32mINFO[0m | app | Request completed
21:38:13 | [32mINFO[0m | werkzeug | 127.0.0.1 - - [30/Sep/2025 21:38:13] "[36mGET /static/js/cache-manager.js HTTP/1.1[0m" 304 -
21:38:13 | [32mINFO[0m | middleware | Response sent
21:38:13 | [32mINFO[0m | middleware | Response sent
21:38:13 | [32mINFO[0m | werkzeug | 127.0.0.1 - - [30/Sep/2025 21:38:13] "[36mGET /static/js/lazy-loader.js HTTP/1.1[0m" 304 -
2025-09-30 21:38:13 - app - INFO - Request started
21:38:13 | [32mINFO[0m | middleware | Response sent
21:38:13 | [32mINFO[0m | app | Request started
21:38:13 | [32mINFO[0m | werkzeug | 127.0.0.1 - - [30/Sep/2025 21:38:13] "[36mGET /static/js/main.js HTTP/1.1[0m" 304 -
21:38:13 | [32mINFO[0m | werkzeug | 127.0.0.1 - - [30/Sep/2025 21:38:13] "[36mGET /static/js/prefetch-manager.js HTTP/1.1[0m" 304 -
21:38:13 | [32mINFO[0m | werkzeug | 127.0.0.1 - - [30/Sep/2025 21:38:13] "[36mGET /static/js/debounced-search.js HTTP/1.1[0m" 304 -
21:38:13 | [32mINFO[0m | middleware | Request received
2025-09-30 21:38:13 - app - INFO - Request completed
21:38:13 | [32mINFO[0m | middleware | Request received
2025-09-30 21:38:13 - app - INFO - Request started
21:38:13 | [32mINFO[0m | app | Request completed
2025-09-30 21:38:13 - app - INFO - Request started
21:38:13 | [32mINFO[0m | middleware | Request received
21:38:13 | [32mINFO[0m | app | Request started
21:38:13 | [32mINFO[0m | middleware | Response sent
21:38:13 | [32mINFO[0m | app | Request started
2025-09-30 21:38:13 - app - INFO - Request started
21:38:13 | [32mINFO[0m | werkzeug | 127.0.0.1 - - [30/Sep/2025 21:38:13] "[36mGET /static/js/contacts.js HTTP/1.1[0m" 304 -
2025-09-30 21:38:13 - app - INFO - Request completed
21:38:13 | [32mINFO[0m | app | Request started
2025-09-30 21:38:13 - app - INFO - Request completed
21:38:13 | [32mINFO[0m | app | Request completed
21:38:13 | [32mINFO[0m | app | Request completed
21:38:13 | [32mINFO[0m | middleware | Response sent
21:38:13 | [32mINFO[0m | middleware | Response sent
21:38:13 | [32mINFO[0m | werkzeug | 127.0.0.1 - - [30/Sep/2025 21:38:13] "[36mGET /static/js/settings.js HTTP/1.1[0m" 304 -
21:38:13 | [32mINFO[0m | werkzeug | 127.0.0.1 - - [30/Sep/2025 21:38:13] "[36mGET /static/js/relationship-graph.js HTTP/1.1[0m" 304 -
2025-09-30 21:38:13 - app - INFO - Request completed
21:38:13 | [32mINFO[0m | app | Request completed
21:38:13 | [32mINFO[0m | middleware | Response sent
21:38:13 | [32mINFO[0m | werkzeug | 127.0.0.1 - - [30/Sep/2025 21:38:13] "[36mGET /static/js/ui-enhancements.js HTTP/1.1[0m" 304 -
21:38:13 | [32mINFO[0m | middleware | Request received
2025-09-30 21:38:13 - app - INFO - Request started
21:38:13 | [32mINFO[0m | app | Request started
2025-09-30 21:38:13 - app - ERROR - Unhandled exception
21:38:13 | [31mERROR[0m | app | Unhandled exception
2025-09-30 21:38:13 - app - INFO - Request completed
21:38:13 | [32mINFO[0m | app | Request completed
21:38:13 | [32mINFO[0m | middleware | Request received
21:38:13 | [32mINFO[0m | middleware | Response sent
21:38:13 | [32mINFO[0m | middleware | Request received
21:38:13 | [32mINFO[0m | middleware | Request received
21:38:13 | [32mINFO[0m | middleware | Request received
21:38:13 | [32mINFO[0m | middleware | Request received
21:38:13 | [32mINFO[0m | werkzeug | 127.0.0.1 - - [30/Sep/2025 21:38:13] "[35m[1mGET /api/tags HTTP/1.1[0m" 500 -
2025-09-30 21:38:13 - app - INFO - Request started
21:38:13 | [32mINFO[0m | app | Request started
2025-09-30 21:38:13 - app - INFO - Request started
21:38:13 | [32mINFO[0m | app | Request started
2025-09-30 21:38:13 - app - INFO - Request started
21:38:13 | [32mINFO[0m | app | Request started
2025-09-30 21:38:13 - app - INFO - Request started
21:38:13 | [32mINFO[0m | app | Request started
2025-09-30 21:38:13 - app - INFO - Request started
21:38:13 | [32mINFO[0m | app | Request started
2025-09-30 21:38:13 - app.utils.database - INFO - 🔧 DEBUG: Database URL resolved: sqlite:////Users/benedictleong/Library/Mobile Docu...
21:38:13 | [32mINFO[0m | app.utils.database | 🔧 DEBUG: Database URL resolved: sqlite:////Users/benedictleong/Library/Mobile Docu...
2025-09-30 21:38:13 - app - INFO - Request completed
21:38:13 | [32mINFO[0m | app | Request completed
2025-09-30 21:38:13 - app.utils.database - INFO - 🔧 DEBUG: Database URL resolved: sqlite:////Users/benedictleong/Library/Mobile Docu...
21:38:13 | [32mINFO[0m | app.utils.database | 🔧 DEBUG: Database URL resolved: sqlite:////Users/benedictleong/Library/Mobile Docu...
2025-09-30 21:38:13 - app - INFO - Request completed
21:38:13 | [32mINFO[0m | app | Request completed
2025-09-30 21:38:13 - app.utils.database - INFO - 🔧 DEBUG: Getting database session...
21:38:13 | [32mINFO[0m | middleware | Request received
21:38:13 | [32mINFO[0m | middleware | Response sent
2025-09-30 21:38:13 - app - ERROR - Unhandled exception
2025-09-30 21:38:13 - app.utils.database - INFO - 🔧 DEBUG: Getting database session...
21:38:13 | [32mINFO[0m | app.utils.database | 🔧 DEBUG: Getting database session...
21:38:13 | [32mINFO[0m | middleware | Response sent
21:38:13 | [31mERROR[0m | app | Unhandled exception
21:38:13 | [32mINFO[0m | app.utils.database | 🔧 DEBUG: Getting database session...
2025-09-30 21:38:13 - app - INFO - Request started
21:38:13 | [32mINFO[0m | werkzeug | 127.0.0.1 - - [30/Sep/2025 21:38:13] "[32mGET /api/contacts HTTP/1.1[0m" 308 -
2025-09-30 21:38:13 - app.utils.database - INFO - 🔧 DEBUG: Creating database engine...
21:38:13 | [32mINFO[0m | app | Request started
21:38:13 | [32mINFO[0m | app.utils.database | 🔧 DEBUG: Creating database engine...
2025-09-30 21:38:13 - app - INFO - Request completed
21:38:13 | [32mINFO[0m | werkzeug | 127.0.0.1 - - [30/Sep/2025 21:38:13] "[32mGET /api/contacts HTTP/1.1[0m" 308 -
2025-09-30 21:38:13 - app.utils.database - INFO - 🔧 DEBUG: Creating database engine...
21:38:13 | [32mINFO[0m | app | Request completed
21:38:13 | [32mINFO[0m | app.utils.database | 🔧 DEBUG: Creating database engine...
2025-09-30 21:38:13 - app.utils.database - INFO - 🔧 DEBUG: Database URL resolved: sqlite:////Users/benedictleong/Library/Mobile Docu...
21:38:13 | [32mINFO[0m | app.utils.database | 🔧 DEBUG: Database URL resolved: sqlite:////Users/benedictleong/Library/Mobile Docu...
2025-09-30 21:38:13 - app.utils.database - INFO - 🔧 DEBUG: Original URL: sqlite:////Users/benedictleong/Library/Mobile Documents/com~apple~CloudDocs/2. Archive/2. Pet Projects /Spiderman-v3-main/kith-platform/local_kith_platform.db
21:38:13 | [32mINFO[0m | app.utils.database | 🔧 DEBUG: Original URL: sqlite:////Users/benedictleong/Library/Mobile Documents/com~apple~CloudDocs/2. Archive/2. Pet Projects /Spiderman-v3-main/kith-platform/local_kith_platform.db
21:38:13 | [32mINFO[0m | middleware | Response sent
2025-09-30 21:38:13 - app.utils.database - INFO - 🔧 DEBUG: Original URL: sqlite:////Users/benedictleong/Library/Mobile Documents/com~apple~CloudDocs/2. Archive/2. Pet Projects /Spiderman-v3-main/kith-platform/local_kith_platform.db
21:38:13 | [32mINFO[0m | app.utils.database | 🔧 DEBUG: Original URL: sqlite:////Users/benedictleong/Library/Mobile Documents/com~apple~CloudDocs/2. Archive/2. Pet Projects /Spiderman-v3-main/kith-platform/local_kith_platform.db
2025-09-30 21:38:13 - app.utils.database - INFO - 🔧 DEBUG: Getting database session...
21:38:13 | [32mINFO[0m | app.utils.database | 🔧 DEBUG: Getting database session...
21:38:13 | [32mINFO[0m | werkzeug | 127.0.0.1 - - [30/Sep/2025 21:38:13] "[35m[1mGET /api/telegram/status HTTP/1.1[0m" 500 -
2025-09-30 21:38:13 - app.utils.database - INFO - 🔧 DEBUG: Creating engine with URL: sqlite:////Users/benedictleong/Library/Mobile Docu...
21:38:13 | [32mINFO[0m | app.utils.database | 🔧 DEBUG: Creating engine with URL: sqlite:////Users/benedictleong/Library/Mobile Docu...
2025-09-30 21:38:13 - app.utils.database - INFO - 🔧 DEBUG: Creating engine with URL: sqlite:////Users/benedictleong/Library/Mobile Docu...
21:38:13 | [32mINFO[0m | app.utils.database | 🔧 DEBUG: Creating engine with URL: sqlite:////Users/benedictleong/Library/Mobile Docu...
2025-09-30 21:38:13 - app.utils.database - INFO - 🔧 DEBUG: Creating database engine...
21:38:13 | [32mINFO[0m | app.utils.database | 🔧 DEBUG: Creating database engine...
2025-09-30 21:38:13 - app.utils.database - INFO - 🔧 DEBUG: Testing database connection...
21:38:13 | [32mINFO[0m | app.utils.database | 🔧 DEBUG: Testing database connection...
2025-09-30 21:38:13 - app.utils.database - INFO - 🔧 DEBUG: Testing database connection...
21:38:13 | [32mINFO[0m | middleware | Request received
2025-09-30 21:38:13 - app.utils.database - INFO - 🔧 DEBUG: Original URL: sqlite:////Users/benedictleong/Library/Mobile Documents/com~apple~CloudDocs/2. Archive/2. Pet Projects /Spiderman-v3-main/kith-platform/local_kith_platform.db
21:38:13 | [32mINFO[0m | app.utils.database | 🔧 DEBUG: Testing database connection...
2025-09-30 21:38:13 - app - INFO - Request started
21:38:13 | [32mINFO[0m | app.utils.database | 🔧 DEBUG: Original URL: sqlite:////Users/benedictleong/Library/Mobile Documents/com~apple~CloudDocs/2. Archive/2. Pet Projects /Spiderman-v3-main/kith-platform/local_kith_platform.db
21:38:13 | [32mINFO[0m | middleware | Request received
2025-09-30 21:38:13 - app.utils.database - INFO - 🔧 DEBUG: Creating engine with URL: sqlite:////Users/benedictleong/Library/Mobile Docu...
21:38:13 | [32mINFO[0m | middleware | Request received
21:38:13 | [32mINFO[0m | app | Request started
21:38:13 | [32mINFO[0m | app.utils.database | 🔧 DEBUG: Creating engine with URL: sqlite:////Users/benedictleong/Library/Mobile Docu...
2025-09-30 21:38:13 - app.utils.database - INFO - 🔧 DEBUG: Connection test successful, result: (1,)
21:38:13 | [32mINFO[0m | app.utils.database | 🔧 DEBUG: Connection test successful, result: (1,)
2025-09-30 21:38:13 - app.utils.database - INFO - 🔧 DEBUG: Connection test successful, result: (1,)
21:38:13 | [32mINFO[0m | app.utils.database | 🔧 DEBUG: Connection test successful, result: (1,)
2025-09-30 21:38:13 - app - INFO - Request started
21:38:13 | [32mINFO[0m | app | Request started
2025-09-30 21:38:13 - app - INFO - Request started
21:38:13 | [32mINFO[0m | app | Request started
2025-09-30 21:38:13 - app.utils.database - INFO - 🔧 DEBUG: Database URL resolved: sqlite:////Users/benedictleong/Library/Mobile Docu...
21:38:13 | [32mINFO[0m | app.utils.database | 🔧 DEBUG: Database URL resolved: sqlite:////Users/benedictleong/Library/Mobile Docu...
2025-09-30 21:38:13 - app.utils.database - INFO - 🔧 DEBUG: Testing database connection...
21:38:13 | [32mINFO[0m | app.utils.database | 🔧 DEBUG: Testing database connection...
2025-09-30 21:38:13 - app.utils.database - INFO - ✅ Database connection successful
21:38:13 | [32mINFO[0m | app.utils.database | ✅ Database connection successful
2025-09-30 21:38:13 - app.utils.database - INFO - ✅ Database connection successful
21:38:13 | [32mINFO[0m | app.utils.database | ✅ Database connection successful
2025-09-30 21:38:13 - app.utils.database - INFO - 🔧 DEBUG: Database URL resolved: sqlite:////Users/benedictleong/Library/Mobile Docu...
21:38:13 | [32mINFO[0m | app.utils.database | 🔧 DEBUG: Database URL resolved: sqlite:////Users/benedictleong/Library/Mobile Docu...
2025-09-30 21:38:13 - app.utils.database - INFO - 🔧 DEBUG: Database URL resolved: sqlite:////Users/benedictleong/Library/Mobile Docu...
21:38:13 | [32mINFO[0m | app.utils.database | 🔧 DEBUG: Database URL resolved: sqlite:////Users/benedictleong/Library/Mobile Docu...
2025-09-30 21:38:13 - app.utils.database - INFO - 🔧 DEBUG: Getting database session...
21:38:13 | [32mINFO[0m | app.utils.database | 🔧 DEBUG: Getting database session...
2025-09-30 21:38:13 - app.utils.database - INFO - 🔧 DEBUG: Creating/verifying database tables...
21:38:13 | [32mINFO[0m | app.utils.database | 🔧 DEBUG: Creating/verifying database tables...
2025-09-30 21:38:13 - app.utils.database - INFO - 🔧 DEBUG: Creating/verifying database tables...
21:38:13 | [32mINFO[0m | app.utils.database | 🔧 DEBUG: Creating/verifying database tables...
2025-09-30 21:38:13 - app.utils.database - INFO - 🔧 DEBUG: Connection test successful, result: (1,)
21:38:13 | [32mINFO[0m | app.utils.database | 🔧 DEBUG: Connection test successful, result: (1,)
2025-09-30 21:38:13 - app.utils.database - INFO - 🔧 DEBUG: Getting database session...
21:38:13 | [32mINFO[0m | app.utils.database | 🔧 DEBUG: Getting database session...
2025-09-30 21:38:13 - app.utils.database - INFO - 🔧 DEBUG: Getting database session...
21:38:13 | [32mINFO[0m | app.utils.database | 🔧 DEBUG: Getting database session...
2025-09-30 21:38:13 - app.utils.database - INFO - 🔧 DEBUG: Creating database engine...
21:38:13 | [32mINFO[0m | app.utils.database | 🔧 DEBUG: Creating database engine...
2025-09-30 21:38:13 - app.utils.database - INFO - ✅ Database connection successful
21:38:13 | [32mINFO[0m | app.utils.database | ✅ Database connection successful
2025-09-30 21:38:13 - app.utils.database - INFO - 🔧 DEBUG: Creating database engine...
21:38:13 | [32mINFO[0m | app.utils.database | 🔧 DEBUG: Creating database engine...
2025-09-30 21:38:13 - app.utils.database - INFO - 🔧 DEBUG: Creating database engine...
21:38:13 | [32mINFO[0m | app.utils.database | 🔧 DEBUG: Creating database engine...
2025-09-30 21:38:13 - app.utils.database - INFO - 🔧 DEBUG: Original URL: sqlite:////Users/benedictleong/Library/Mobile Documents/com~apple~CloudDocs/2. Archive/2. Pet Projects /Spiderman-v3-main/kith-platform/local_kith_platform.db
21:38:13 | [32mINFO[0m | app.utils.database | 🔧 DEBUG: Original URL: sqlite:////Users/benedictleong/Library/Mobile Documents/com~apple~CloudDocs/2. Archive/2. Pet Projects /Spiderman-v3-main/kith-platform/local_kith_platform.db
2025-09-30 21:38:13 - app.utils.database - INFO - 🔧 DEBUG: Creating/verifying database tables...
21:38:13 | [32mINFO[0m | app.utils.database | 🔧 DEBUG: Creating/verifying database tables...
2025-09-30 21:38:13 - app.utils.database - INFO - 🔧 DEBUG: Original URL: sqlite:////Users/benedictleong/Library/Mobile Documents/com~apple~CloudDocs/2. Archive/2. Pet Projects /Spiderman-v3-main/kith-platform/local_kith_platform.db
21:38:13 | [32mINFO[0m | app.utils.database | 🔧 DEBUG: Original URL: sqlite:////Users/benedictleong/Library/Mobile Documents/com~apple~CloudDocs/2. Archive/2. Pet Projects /Spiderman-v3-main/kith-platform/local_kith_platform.db
2025-09-30 21:38:13 - app.utils.database - INFO - 🔧 DEBUG: Original URL: sqlite:////Users/benedictleong/Library/Mobile Documents/com~apple~CloudDocs/2. Archive/2. Pet Projects /Spiderman-v3-main/kith-platform/local_kith_platform.db
21:38:13 | [32mINFO[0m | app.utils.database | 🔧 DEBUG: Original URL: sqlite:////Users/benedictleong/Library/Mobile Documents/com~apple~CloudDocs/2. Archive/2. Pet Projects /Spiderman-v3-main/kith-platform/local_kith_platform.db
2025-09-30 21:38:13 - app.utils.database - INFO - 🔧 DEBUG: Creating engine with URL: sqlite:////Users/benedictleong/Library/Mobile Docu...
21:38:13 | [32mINFO[0m | app.utils.database | 🔧 DEBUG: Creating engine with URL: sqlite:////Users/benedictleong/Library/Mobile Docu...
2025-09-30 21:38:13 - app.utils.database - INFO - 🔧 DEBUG: Creating engine with URL: sqlite:////Users/benedictleong/Library/Mobile Docu...
21:38:13 | [32mINFO[0m | app.utils.database | 🔧 DEBUG: Creating engine with URL: sqlite:////Users/benedictleong/Library/Mobile Docu...
2025-09-30 21:38:13 - app.utils.database - INFO - 🔧 DEBUG: Creating engine with URL: sqlite:////Users/benedictleong/Library/Mobile Docu...
21:38:13 | [32mINFO[0m | app.utils.database | 🔧 DEBUG: Creating engine with URL: sqlite:////Users/benedictleong/Library/Mobile Docu...
2025-09-30 21:38:13 - app.utils.database - INFO - 🔧 DEBUG: Testing database connection...
21:38:13 | [32mINFO[0m | app.utils.database | 🔧 DEBUG: Testing database connection...
2025-09-30 21:38:13 - app.utils.database - INFO - 🔧 DEBUG: Testing database connection...
21:38:13 | [32mINFO[0m | app.utils.database | 🔧 DEBUG: Testing database connection...
2025-09-30 21:38:13 - app.utils.database - INFO - 🔧 DEBUG: Testing database connection...
21:38:13 | [32mINFO[0m | app.utils.database | 🔧 DEBUG: Testing database connection...
2025-09-30 21:38:13 - app.utils.database - INFO - 🔧 DEBUG: Connection test successful, result: (1,)
21:38:13 | [32mINFO[0m | app.utils.database | 🔧 DEBUG: Connection test successful, result: (1,)
2025-09-30 21:38:13 - app.utils.database - INFO - ✅ Database connection successful
21:38:13 | [32mINFO[0m | app.utils.database | ✅ Database connection successful
2025-09-30 21:38:13 - app.utils.database - INFO - 🔧 DEBUG: Creating/verifying database tables...
21:38:13 | [32mINFO[0m | app.utils.database | 🔧 DEBUG: Creating/verifying database tables...
2025-09-30 21:38:13 - app.utils.database - INFO - 🔧 DEBUG: Connection test successful, result: (1,)
21:38:13 | [32mINFO[0m | app.utils.database | 🔧 DEBUG: Connection test successful, result: (1,)
2025-09-30 21:38:13 - app.utils.database - INFO - 🔧 DEBUG: Connection test successful, result: (1,)
21:38:13 | [32mINFO[0m | app.utils.database | 🔧 DEBUG: Connection test successful, result: (1,)
2025-09-30 21:38:13 - app.utils.database - INFO - ✅ Database connection successful
21:38:13 | [32mINFO[0m | app.utils.database | ✅ Database connection successful
2025-09-30 21:38:13 - app.utils.database - INFO - ✅ Database connection successful
21:38:13 | [32mINFO[0m | app.utils.database | ✅ Database connection successful
2025-09-30 21:38:13 - app.utils.database - INFO - 🔧 DEBUG: Creating/verifying database tables...
21:38:13 | [32mINFO[0m | app.utils.database | 🔧 DEBUG: Creating/verifying database tables...
2025-09-30 21:38:13 - app.utils.database - INFO - 🔧 DEBUG: Creating/verifying database tables...
21:38:13 | [32mINFO[0m | app.utils.database | 🔧 DEBUG: Creating/verifying database tables...
2025-09-30 21:38:13 - app.utils.database - INFO - ✅ Database tables created/verified
21:38:13 | [32mINFO[0m | app.utils.database | ✅ Database tables created/verified
2025-09-30 21:38:13 - app.utils.database - INFO - 🔧 DEBUG: Session created: 4628177440
21:38:13 | [32mINFO[0m | app.utils.database | 🔧 DEBUG: Session created: 4628177440
2025-09-30 21:38:13 - app.utils.database - INFO - ✅ Database tables created/verified
21:38:13 | [32mINFO[0m | app.utils.database | ✅ Database tables created/verified
2025-09-30 21:38:13 - app.utils.database - INFO - 🔧 DEBUG: Session created: 4629465072
21:38:13 | [32mINFO[0m | app.utils.database | 🔧 DEBUG: Session created: 4629465072
2025-09-30 21:38:13 - app.utils.database - INFO - ✅ Database tables created/verified
21:38:13 | [32mINFO[0m | app.utils.database | ✅ Database tables created/verified
2025-09-30 21:38:13 - app.utils.database - INFO - 🔧 DEBUG: Session created: 4628804560
21:38:13 | [32mINFO[0m | app.utils.database | 🔧 DEBUG: Session created: 4628804560
2025-09-30 21:38:13 - app.utils.database - INFO - 🔧 DEBUG: Committing session...
21:38:13 | [32mINFO[0m | app.utils.database | 🔧 DEBUG: Committing session...
2025-09-30 21:38:13 - app.utils.database - INFO - ✅ Session committed successfully
21:38:13 | [32mINFO[0m | app.utils.database | ✅ Session committed successfully
2025-09-30 21:38:13 - app.utils.database - INFO - 🔧 DEBUG: Committing session...
21:38:13 | [32mINFO[0m | app.utils.database | 🔧 DEBUG: Committing session...
2025-09-30 21:38:13 - app.utils.database - INFO - 🔧 DEBUG: Committing session...
21:38:13 | [32mINFO[0m | app.utils.database | 🔧 DEBUG: Committing session...
2025-09-30 21:38:13 - app.utils.database - INFO - 🔧 DEBUG: Closing session...
21:38:13 | [32mINFO[0m | app.utils.database | 🔧 DEBUG: Closing session...
2025-09-30 21:38:13 - app.utils.database - INFO - ✅ Session committed successfully
21:38:13 | [32mINFO[0m | app.utils.database | ✅ Session committed successfully
2025-09-30 21:38:13 - app.utils.database - INFO - ✅ Session committed successfully
21:38:13 | [32mINFO[0m | app.utils.database | ✅ Session committed successfully
2025-09-30 21:38:13 - app.utils.database - INFO - ✅ Session closed
2025-09-30 21:38:13 - app.utils.database - INFO - 🔧 DEBUG: Closing session...
2025-09-30 21:38:13 - app.utils.database - INFO - ✅ Database tables created/verified
21:38:13 | [32mINFO[0m | app.utils.database | ✅ Session closed
21:38:13 | [32mINFO[0m | app.utils.database | 🔧 DEBUG: Closing session...
2025-09-30 21:38:13 - app.utils.database - INFO - 🔧 DEBUG: Closing session...
2025-09-30 21:38:13 - app.utils.database - INFO - 🔧 DEBUG: Getting database session...
21:38:13 | [32mINFO[0m | app.utils.database | ✅ Database tables created/verified
2025-09-30 21:38:13 - app.utils.database - INFO - ✅ Session closed
21:38:13 | [32mINFO[0m | app.utils.database | 🔧 DEBUG: Closing session...
2025-09-30 21:38:13 - app.utils.database - INFO - 🔧 DEBUG: Session created: 4629466896
21:38:13 | [32mINFO[0m | app.utils.database | 🔧 DEBUG: Getting database session...
2025-09-30 21:38:13 - app.utils.database - INFO - ✅ Session closed
21:38:13 | [32mINFO[0m | app.utils.database | ✅ Session closed
21:38:13 | [32mINFO[0m | app.utils.database | 🔧 DEBUG: Session created: 4629466896
21:38:13 | [32mINFO[0m | app.utils.database | ✅ Session closed
2025-09-30 21:38:13 - app.utils.database - INFO - ✅ Database tables created/verified
21:38:13 | [32mINFO[0m | app.utils.database | ✅ Database tables created/verified
2025-09-30 21:38:13 - app.utils.database - INFO - ✅ Database tables created/verified
21:38:13 | [32mINFO[0m | app.utils.database | ✅ Database tables created/verified
2025-09-30 21:38:13 - app.utils.database - INFO - 🔧 DEBUG: Engine already exists, skipping creation
21:38:13 | [32mINFO[0m | app.utils.database | 🔧 DEBUG: Engine already exists, skipping creation
2025-09-30 21:38:13 - app.utils.database - INFO - 🔧 DEBUG: Getting database session...
21:38:13 | [32mINFO[0m | app.utils.database | 🔧 DEBUG: Getting database session...
2025-09-30 21:38:13 - app.utils.database - INFO - 🔧 DEBUG: Getting database session...
21:38:13 | [32mINFO[0m | app.utils.database | 🔧 DEBUG: Getting database session...
2025-09-30 21:38:13 - app.utils.database - INFO - 🔧 DEBUG: Session created: 4629463824
21:38:13 | [32mINFO[0m | app.utils.database | 🔧 DEBUG: Session created: 4629463824
2025-09-30 21:38:13 - app.utils.database - INFO - 🔧 DEBUG: Committing session...
21:38:13 | [32mINFO[0m | app.utils.database | 🔧 DEBUG: Committing session...
2025-09-30 21:38:13 - app.utils.database - INFO - 🔧 DEBUG: Session created: 4629466464
21:38:13 | [32mINFO[0m | app.utils.database | 🔧 DEBUG: Session created: 4629466464
2025-09-30 21:38:13 - app.utils.database - INFO - 🔧 DEBUG: Session created: 4627675840
21:38:13 | [32mINFO[0m | app.utils.database | 🔧 DEBUG: Session created: 4627675840
2025-09-30 21:38:13 - app.utils.database - INFO - 🔧 DEBUG: Engine already exists, skipping creation
21:38:13 | [32mINFO[0m | app.utils.database | 🔧 DEBUG: Engine already exists, skipping creation
2025-09-30 21:38:13 - app.utils.database - INFO - 🔧 DEBUG: Engine already exists, skipping creation
21:38:13 | [32mINFO[0m | app.utils.database | 🔧 DEBUG: Engine already exists, skipping creation
2025-09-30 21:38:13 - app.utils.database - INFO - 🔧 DEBUG: Committing session...
21:38:13 | [32mINFO[0m | app.utils.database | 🔧 DEBUG: Committing session...
2025-09-30 21:38:13 - app.utils.database - INFO - ✅ Session committed successfully
21:38:13 | [32mINFO[0m | app.utils.database | ✅ Session committed successfully
2025-09-30 21:38:13 - app.utils.database - INFO - 🔧 DEBUG: Committing session...
21:38:13 | [32mINFO[0m | app.utils.database | 🔧 DEBUG: Committing session...
2025-09-30 21:38:13 - app.utils.database - INFO - 🔧 DEBUG: Session created: 4628177872
21:38:13 | [32mINFO[0m | app.utils.database | 🔧 DEBUG: Session created: 4628177872
2025-09-30 21:38:13 - app.services.contact_service - INFO - Retrieved 1 contacts for user 1
21:38:13 | [32mINFO[0m | app.services.contact_service | Retrieved 1 contacts for user 1
2025-09-30 21:38:13 - app.utils.database - INFO - 🔧 DEBUG: Session created: 4627676464
21:38:13 | [32mINFO[0m | app.utils.database | 🔧 DEBUG: Session created: 4627676464
2025-09-30 21:38:13 - app.utils.database - INFO - ✅ Session committed successfully
21:38:13 | [32mINFO[0m | app.utils.database | ✅ Session committed successfully
2025-09-30 21:38:13 - app.utils.database - INFO - 🔧 DEBUG: Closing session...
21:38:13 | [32mINFO[0m | app.utils.database | 🔧 DEBUG: Closing session...
2025-09-30 21:38:13 - app.utils.database - INFO - ✅ Session committed successfully
21:38:13 | [32mINFO[0m | app.utils.database | ✅ Session committed successfully
2025-09-30 21:38:13 - app.utils.database - INFO - 🔧 DEBUG: Committing session...
21:38:13 | [32mINFO[0m | app.utils.database | 🔧 DEBUG: Committing session...
2025-09-30 21:38:13 - app.services.contact_service - INFO - Retrieved 1 contacts for user 1
21:38:13 | [32mINFO[0m | app.services.contact_service | Retrieved 1 contacts for user 1
2025-09-30 21:38:13 - app.utils.database - INFO - 🔧 DEBUG: Closing session...
21:38:13 | [32mINFO[0m | app.utils.database | 🔧 DEBUG: Closing session...
2025-09-30 21:38:13 - app.utils.database - INFO - ✅ Session closed
21:38:13 | [32mINFO[0m | app.utils.database | ✅ Session closed
2025-09-30 21:38:13 - app.services.contact_service - INFO - Retrieved 1 contacts for user 1
21:38:13 | [32mINFO[0m | app.services.contact_service | Retrieved 1 contacts for user 1
2025-09-30 21:38:13 - app.utils.database - INFO - 🔧 DEBUG: Closing session...
21:38:13 | [32mINFO[0m | app.utils.database | 🔧 DEBUG: Closing session...
2025-09-30 21:38:13 - app.utils.database - INFO - ✅ Session committed successfully
21:38:13 | [32mINFO[0m | app.utils.database | ✅ Session committed successfully
2025-09-30 21:38:13 - app.utils.database - INFO - 🔧 DEBUG: Committing session...
21:38:13 | [32mINFO[0m | app.utils.database | 🔧 DEBUG: Committing session...
2025-09-30 21:38:13 - app.utils.database - INFO - ✅ Session closed
21:38:13 | [32mINFO[0m | app.utils.database | ✅ Session closed
2025-09-30 21:38:13 - app.utils.database - INFO - 🔧 DEBUG: Getting database session...
21:38:13 | [32mINFO[0m | app.utils.database | 🔧 DEBUG: Getting database session...
2025-09-30 21:38:13 - app.utils.database - INFO - 🔧 DEBUG: Committing session...
21:38:13 | [32mINFO[0m | app.utils.database | 🔧 DEBUG: Committing session...
2025-09-30 21:38:13 - app.utils.database - INFO - ✅ Session closed
21:38:13 | [32mINFO[0m | app.utils.database | ✅ Session closed
2025-09-30 21:38:13 - app.utils.database - INFO - 🔧 DEBUG: Closing session...
21:38:13 | [32mINFO[0m | app.utils.database | 🔧 DEBUG: Closing session...
2025-09-30 21:38:13 - app.utils.database - INFO - ✅ Session committed successfully
21:38:13 | [32mINFO[0m | app.utils.database | ✅ Session committed successfully
2025-09-30 21:38:13 - app.utils.database - INFO - 🔧 DEBUG: Getting database session...
21:38:13 | [32mINFO[0m | app.utils.database | 🔧 DEBUG: Getting database session...
2025-09-30 21:38:13 - app.utils.database - INFO - 🔧 DEBUG: Engine already exists, skipping creation
21:38:13 | [32mINFO[0m | app.utils.database | 🔧 DEBUG: Engine already exists, skipping creation
2025-09-30 21:38:13 - app.utils.database - INFO - ✅ Session committed successfully
21:38:13 | [32mINFO[0m | app.utils.database | ✅ Session committed successfully
2025-09-30 21:38:13 - app.utils.database - INFO - 🔧 DEBUG: Getting database session...
21:38:13 | [32mINFO[0m | app.utils.database | 🔧 DEBUG: Getting database session...
2025-09-30 21:38:13 - app.utils.database - INFO - ✅ Session closed
21:38:13 | [32mINFO[0m | app.utils.database | ✅ Session closed
2025-09-30 21:38:13 - app.utils.database - INFO - 🔧 DEBUG: Closing session...
21:38:13 | [32mINFO[0m | app.utils.database | 🔧 DEBUG: Closing session...
2025-09-30 21:38:13 - app.utils.database - INFO - 🔧 DEBUG: Engine already exists, skipping creation
21:38:13 | [32mINFO[0m | app.utils.database | 🔧 DEBUG: Engine already exists, skipping creation
2025-09-30 21:38:13 - app.utils.database - INFO - 🔧 DEBUG: Session created: 4629411728
21:38:13 | [32mINFO[0m | app.utils.database | 🔧 DEBUG: Session created: 4629411728
2025-09-30 21:38:13 - app.utils.database - INFO - 🔧 DEBUG: Closing session...
21:38:13 | [32mINFO[0m | app.utils.database | 🔧 DEBUG: Closing session...
2025-09-30 21:38:13 - app.utils.database - INFO - 🔧 DEBUG: Engine already exists, skipping creation
21:38:13 | [32mINFO[0m | app.utils.database | 🔧 DEBUG: Engine already exists, skipping creation
2025-09-30 21:38:13 - app - INFO - Request completed
21:38:13 | [32mINFO[0m | app | Request completed
2025-09-30 21:38:13 - app.utils.database - INFO - ✅ Session closed
21:38:13 | [32mINFO[0m | app.utils.database | ✅ Session closed
2025-09-30 21:38:13 - app.utils.database - INFO - 🔧 DEBUG: Session created: 4629466608
21:38:13 | [32mINFO[0m | app.utils.database | 🔧 DEBUG: Session created: 4629466608
2025-09-30 21:38:13 - app.utils.database - INFO - ✅ Session closed
21:38:13 | [32mINFO[0m | app.utils.database | ✅ Session closed
2025-09-30 21:38:13 - app.services.contact_service - INFO - Retrieved 1 contacts for user 1
21:38:13 | [32mINFO[0m | app.services.contact_service | Retrieved 1 contacts for user 1
2025-09-30 21:38:13 - app.utils.database - INFO - 🔧 DEBUG: Session created: 4629522896
21:38:13 | [32mINFO[0m | app.utils.database | 🔧 DEBUG: Session created: 4629522896
21:38:13 | [32mINFO[0m | middleware | Response sent
2025-09-30 21:38:13 - app - INFO - Request completed
21:38:13 | [32mINFO[0m | app | Request completed
2025-09-30 21:38:13 - app - INFO - Request completed
21:38:13 | [32mINFO[0m | app | Request completed
2025-09-30 21:38:13 - app.services.contact_service - INFO - Retrieved 1 contacts for user 1
21:38:13 | [32mINFO[0m | app.services.contact_service | Retrieved 1 contacts for user 1
2025-09-30 21:38:13 - app.utils.database - INFO - 🔧 DEBUG: Committing session...
21:38:13 | [32mINFO[0m | app.utils.database | 🔧 DEBUG: Committing session...
2025-09-30 21:38:13 - app.services.contact_service - INFO - Retrieved 1 contacts for user 1
21:38:13 | [32mINFO[0m | app.services.contact_service | Retrieved 1 contacts for user 1
21:38:13 | [32mINFO[0m | werkzeug | 127.0.0.1 - - [30/Sep/2025 21:38:13] "GET /api/contacts/ HTTP/1.1" 200 -
21:38:13 | [32mINFO[0m | middleware | Response sent
21:38:13 | [32mINFO[0m | middleware | Response sent
2025-09-30 21:38:13 - app.utils.database - INFO - 🔧 DEBUG: Committing session...
21:38:13 | [32mINFO[0m | app.utils.database | 🔧 DEBUG: Committing session...
2025-09-30 21:38:13 - app.utils.database - INFO - ✅ Session committed successfully
21:38:13 | [32mINFO[0m | app.utils.database | ✅ Session committed successfully
2025-09-30 21:38:13 - app.utils.database - INFO - 🔧 DEBUG: Committing session...
21:38:13 | [32mINFO[0m | app.utils.database | 🔧 DEBUG: Committing session...
21:38:13 | [32mINFO[0m | werkzeug | 127.0.0.1 - - [30/Sep/2025 21:38:13] "GET /api/contacts/?tier=2&_=1759239493551 HTTP/1.1" 200 -
21:38:13 | [32mINFO[0m | werkzeug | 127.0.0.1 - - [30/Sep/2025 21:38:13] "GET /api/contacts/?tier=1&_=1759239493551 HTTP/1.1" 200 -
2025-09-30 21:38:13 - app.utils.database - INFO - ✅ Session committed successfully
21:38:13 | [32mINFO[0m | app.utils.database | ✅ Session committed successfully
2025-09-30 21:38:13 - app.utils.database - INFO - 🔧 DEBUG: Closing session...
21:38:13 | [32mINFO[0m | app.utils.database | 🔧 DEBUG: Closing session...
2025-09-30 21:38:13 - app.utils.database - INFO - ✅ Session committed successfully
21:38:13 | [32mINFO[0m | app.utils.database | ✅ Session committed successfully
2025-09-30 21:38:13 - app.utils.database - INFO - 🔧 DEBUG: Closing session...
21:38:13 | [32mINFO[0m | app.utils.database | 🔧 DEBUG: Closing session...
2025-09-30 21:38:13 - app.utils.database - INFO - ✅ Session closed
21:38:13 | [32mINFO[0m | app.utils.database | ✅ Session closed
2025-09-30 21:38:13 - app.utils.database - INFO - 🔧 DEBUG: Closing session...
21:38:13 | [32mINFO[0m | app.utils.database | 🔧 DEBUG: Closing session...
2025-09-30 21:38:13 - app.utils.database - INFO - ✅ Session closed
21:38:13 | [32mINFO[0m | app.utils.database | ✅ Session closed
2025-09-30 21:38:13 - app - INFO - Request completed
21:38:13 | [32mINFO[0m | app | Request completed
2025-09-30 21:38:13 - app.utils.database - INFO - ✅ Session closed
21:38:13 | [32mINFO[0m | app.utils.database | ✅ Session closed
2025-09-30 21:38:13 - app - INFO - Request completed
21:38:13 | [32mINFO[0m | app | Request completed
21:38:13 | [32mINFO[0m | middleware | Response sent
2025-09-30 21:38:13 - app - INFO - Request completed
21:38:13 | [32mINFO[0m | app | Request completed
21:38:13 | [32mINFO[0m | middleware | Response sent
21:38:13 | [32mINFO[0m | middleware | Request received
21:38:13 | [32mINFO[0m | werkzeug | 127.0.0.1 - - [30/Sep/2025 21:38:13] "GET /api/contacts/ HTTP/1.1" 200 -
21:38:13 | [32mINFO[0m | middleware | Response sent
21:38:13 | [32mINFO[0m | middleware | Request received
21:38:13 | [32mINFO[0m | werkzeug | 127.0.0.1 - - [30/Sep/2025 21:38:13] "GET /api/contacts/ HTTP/1.1" 200 -
21:38:13 | [32mINFO[0m | werkzeug | 127.0.0.1 - - [30/Sep/2025 21:38:13] "GET /api/contacts/?tier=1&_=1759239493551 HTTP/1.1" 200 -
2025-09-30 21:38:13 - app - INFO - Request started
21:38:13 | [32mINFO[0m | app | Request started
2025-09-30 21:38:13 - app - INFO - Request started
21:38:13 | [32mINFO[0m | app | Request started
2025-09-30 21:38:13 - app.utils.database - INFO - 🔧 DEBUG: Database URL resolved: sqlite:////Users/benedictleong/Library/Mobile Docu...
21:38:13 | [32mINFO[0m | app.utils.database | 🔧 DEBUG: Database URL resolved: sqlite:////Users/benedictleong/Library/Mobile Docu...
2025-09-30 21:38:13 - app.utils.database - INFO - 🔧 DEBUG: Getting database session...
21:38:13 | [32mINFO[0m | app.utils.database | 🔧 DEBUG: Getting database session...
2025-09-30 21:38:13 - app.utils.database - INFO - 🔧 DEBUG: Creating database engine...
21:38:13 | [32mINFO[0m | app.utils.database | 🔧 DEBUG: Creating database engine...
2025-09-30 21:38:13 - app.utils.database - INFO - 🔧 DEBUG: Original URL: sqlite:////Users/benedictleong/Library/Mobile Documents/com~apple~CloudDocs/2. Archive/2. Pet Projects /Spiderman-v3-main/kith-platform/local_kith_platform.db
21:38:13 | [32mINFO[0m | app.utils.database | 🔧 DEBUG: Original URL: sqlite:////Users/benedictleong/Library/Mobile Documents/com~apple~CloudDocs/2. Archive/2. Pet Projects /Spiderman-v3-main/kith-platform/local_kith_platform.db
2025-09-30 21:38:13 - app.utils.database - INFO - 🔧 DEBUG: Creating engine with URL: sqlite:////Users/benedictleong/Library/Mobile Docu...
21:38:13 | [32mINFO[0m | app.utils.database | 🔧 DEBUG: Creating engine with URL: sqlite:////Users/benedictleong/Library/Mobile Docu...
2025-09-30 21:38:13 - app.utils.database - INFO - 🔧 DEBUG: Testing database connection...
21:38:13 | [32mINFO[0m | app.utils.database | 🔧 DEBUG: Testing database connection...
2025-09-30 21:38:13 - app - ERROR - Unhandled exception
21:38:13 | [31mERROR[0m | app | Unhandled exception
2025-09-30 21:38:13 - app - INFO - Request completed
21:38:13 | [32mINFO[0m | app | Request completed
21:38:13 | [32mINFO[0m | middleware | Response sent
21:38:13 | [32mINFO[0m | werkzeug | 127.0.0.1 - - [30/Sep/2025 21:38:13] "[35m[1mGET /api/telegram/status HTTP/1.1[0m" 500 -
2025-09-30 21:38:13 - app.utils.database - INFO - 🔧 DEBUG: Connection test successful, result: (1,)
21:38:13 | [32mINFO[0m | app.utils.database | 🔧 DEBUG: Connection test successful, result: (1,)
2025-09-30 21:38:13 - app.utils.database - INFO - ✅ Database connection successful
21:38:13 | [32mINFO[0m | app.utils.database | ✅ Database connection successful
2025-09-30 21:38:13 - app.utils.database - INFO - 🔧 DEBUG: Creating/verifying database tables...
21:38:13 | [32mINFO[0m | app.utils.database | 🔧 DEBUG: Creating/verifying database tables...
2025-09-30 21:38:13 - app.utils.database - INFO - ✅ Database tables created/verified
21:38:13 | [32mINFO[0m | app.utils.database | ✅ Database tables created/verified
2025-09-30 21:38:13 - app.utils.database - INFO - 🔧 DEBUG: Session created: 4628068528
21:38:13 | [32mINFO[0m | app.utils.database | 🔧 DEBUG: Session created: 4628068528
2025-09-30 21:38:13 - app.utils.database - INFO - 🔧 DEBUG: Committing session...
21:38:13 | [32mINFO[0m | app.utils.database | 🔧 DEBUG: Committing session...
2025-09-30 21:38:13 - app.utils.database - INFO - ✅ Session committed successfully
21:38:13 | [32mINFO[0m | app.utils.database | ✅ Session committed successfully
2025-09-30 21:38:13 - app.utils.database - INFO - 🔧 DEBUG: Closing session...
21:38:13 | [32mINFO[0m | app.utils.database | 🔧 DEBUG: Closing session...
2025-09-30 21:38:13 - app.utils.database - INFO - ✅ Session closed
21:38:13 | [32mINFO[0m | app.utils.database | ✅ Session closed
2025-09-30 21:38:13 - app.utils.database - INFO - 🔧 DEBUG: Getting database session...
21:38:13 | [32mINFO[0m | app.utils.database | 🔧 DEBUG: Getting database session...
2025-09-30 21:38:13 - app.utils.database - INFO - 🔧 DEBUG: Engine already exists, skipping creation
21:38:13 | [32mINFO[0m | app.utils.database | 🔧 DEBUG: Engine already exists, skipping creation
2025-09-30 21:38:13 - app.utils.database - INFO - 🔧 DEBUG: Session created: 4627693520
21:38:13 | [32mINFO[0m | app.utils.database | 🔧 DEBUG: Session created: 4627693520
2025-09-30 21:38:13 - app.services.contact_service - INFO - Retrieved 1 contacts for user 1
21:38:13 | [32mINFO[0m | app.services.contact_service | Retrieved 1 contacts for user 1
2025-09-30 21:38:13 - app.utils.database - INFO - 🔧 DEBUG: Committing session...
21:38:13 | [32mINFO[0m | app.utils.database | 🔧 DEBUG: Committing session...
2025-09-30 21:38:13 - app.utils.database - INFO - ✅ Session committed successfully
21:38:13 | [32mINFO[0m | app.utils.database | ✅ Session committed successfully
2025-09-30 21:38:13 - app.utils.database - INFO - 🔧 DEBUG: Closing session...
21:38:13 | [32mINFO[0m | app.utils.database | 🔧 DEBUG: Closing session...
2025-09-30 21:38:13 - app.utils.database - INFO - ✅ Session closed
21:38:13 | [32mINFO[0m | app.utils.database | ✅ Session closed
2025-09-30 21:38:13 - app - INFO - Request completed
21:38:13 | [32mINFO[0m | app | Request completed
21:38:13 | [32mINFO[0m | middleware | Response sent
21:38:13 | [32mINFO[0m | werkzeug | 127.0.0.1 - - [30/Sep/2025 21:38:13] "GET /api/contacts/?tier=2&_=1759239493551 HTTP/1.1" 200 -
21:38:16 | [32mINFO[0m | middleware | Request received
2025-09-30 21:38:16 - app - INFO - Request started
21:38:16 | [32mINFO[0m | app | Request started
21:38:16 | [32mINFO[0m | middleware | Request received
21:38:16 | [32mINFO[0m | middleware | Request received
2025-09-30 21:38:16 - app - INFO - Request started
21:38:16 | [32mINFO[0m | middleware | Request received
21:38:16 | [32mINFO[0m | middleware | Request received
21:38:16 | [32mINFO[0m | app | Request started
2025-09-30 21:38:16 - app - ERROR - Unhandled exception
21:38:16 | [31mERROR[0m | app | Unhandled exception
2025-09-30 21:38:16 - app - INFO - Request started
21:38:16 | [32mINFO[0m | app | Request started
2025-09-30 21:38:16 - app - INFO - Request started
21:38:16 | [32mINFO[0m | app | Request started
2025-09-30 21:38:16 - app.utils.database - INFO - 🔧 DEBUG: Database URL resolved: sqlite:////Users/benedictleong/Library/Mobile Docu...
21:38:16 | [32mINFO[0m | app.utils.database | 🔧 DEBUG: Database URL resolved: sqlite:////Users/benedictleong/Library/Mobile Docu...
2025-09-30 21:38:16 - app - INFO - Request started
21:38:16 | [32mINFO[0m | app | Request started
2025-09-30 21:38:16 - app - INFO - Request completed
21:38:16 | [32mINFO[0m | middleware | Request received
2025-09-30 21:38:16 - app.utils.database - INFO - 🔧 DEBUG: Database URL resolved: sqlite:////Users/benedictleong/Library/Mobile Docu...
21:38:16 | [32mINFO[0m | app | Request completed
21:38:16 | [32mINFO[0m | app.utils.database | 🔧 DEBUG: Database URL resolved: sqlite:////Users/benedictleong/Library/Mobile Docu...
2025-09-30 21:38:16 - app.utils.database - INFO - 🔧 DEBUG: Getting database session...
21:38:16 | [32mINFO[0m | app.utils.database | 🔧 DEBUG: Getting database session...
2025-09-30 21:38:16 - app - ERROR - Unhandled exception
21:38:16 | [31mERROR[0m | app | Unhandled exception
2025-09-30 21:38:16 - app - ERROR - Unhandled exception
21:38:16 | [32mINFO[0m | middleware | Response sent
2025-09-30 21:38:16 - app - INFO - Request started
21:38:16 | [31mERROR[0m | app | Unhandled exception
21:38:16 | [32mINFO[0m | app | Request started
2025-09-30 21:38:16 - app.utils.database - INFO - 🔧 DEBUG: Getting database session...
21:38:16 | [32mINFO[0m | app.utils.database | 🔧 DEBUG: Getting database session...
2025-09-30 21:38:16 - app.utils.database - INFO - 🔧 DEBUG: Creating database engine...
21:38:16 | [32mINFO[0m | app.utils.database | 🔧 DEBUG: Creating database engine...
21:38:16 | [32mINFO[0m | werkzeug | 127.0.0.1 - - [30/Sep/2025 21:38:16] "[35m[1mGET /api/tags HTTP/1.1[0m" 500 -
2025-09-30 21:38:16 - app - INFO - Request completed
21:38:16 | [32mINFO[0m | app | Request completed
2025-09-30 21:38:16 - app - INFO - Request completed
21:38:16 | [32mINFO[0m | app | Request completed
2025-09-30 21:38:16 - app.utils.database - INFO - 🔧 DEBUG: Database URL resolved: sqlite:////Users/benedictleong/Library/Mobile Docu...
21:38:16 | [32mINFO[0m | app.utils.database | 🔧 DEBUG: Database URL resolved: sqlite:////Users/benedictleong/Library/Mobile Docu...
2025-09-30 21:38:16 - app.utils.database - INFO - 🔧 DEBUG: Creating database engine...
21:38:16 | [32mINFO[0m | app.utils.database | 🔧 DEBUG: Creating database engine...
2025-09-30 21:38:16 - app.utils.database - INFO - 🔧 DEBUG: Original URL: sqlite:////Users/benedictleong/Library/Mobile Documents/com~apple~CloudDocs/2. Archive/2. Pet Projects /Spiderman-v3-main/kith-platform/local_kith_platform.db
21:38:16 | [32mINFO[0m | app.utils.database | 🔧 DEBUG: Original URL: sqlite:////Users/benedictleong/Library/Mobile Documents/com~apple~CloudDocs/2. Archive/2. Pet Projects /Spiderman-v3-main/kith-platform/local_kith_platform.db
21:38:16 | [32mINFO[0m | middleware | Response sent
21:38:16 | [32mINFO[0m | middleware | Response sent
2025-09-30 21:38:16 - app.utils.database - INFO - 🔧 DEBUG: Getting database session...
21:38:16 | [32mINFO[0m | app.utils.database | 🔧 DEBUG: Getting database session...
2025-09-30 21:38:16 - app.utils.database - INFO - 🔧 DEBUG: Original URL: sqlite:////Users/benedictleong/Library/Mobile Documents/com~apple~CloudDocs/2. Archive/2. Pet Projects /Spiderman-v3-main/kith-platform/local_kith_platform.db
21:38:16 | [32mINFO[0m | app.utils.database | 🔧 DEBUG: Original URL: sqlite:////Users/benedictleong/Library/Mobile Documents/com~apple~CloudDocs/2. Archive/2. Pet Projects /Spiderman-v3-main/kith-platform/local_kith_platform.db
2025-09-30 21:38:16 - app.utils.database - INFO - 🔧 DEBUG: Creating engine with URL: sqlite:////Users/benedictleong/Library/Mobile Docu...
21:38:16 | [32mINFO[0m | werkzeug | 127.0.0.1 - - [30/Sep/2025 21:38:16] "[35m[1mGET /api/tags HTTP/1.1[0m" 500 -
21:38:16 | [32mINFO[0m | app.utils.database | 🔧 DEBUG: Creating engine with URL: sqlite:////Users/benedictleong/Library/Mobile Docu...
21:38:16 | [32mINFO[0m | werkzeug | 127.0.0.1 - - [30/Sep/2025 21:38:16] "[35m[1mGET /api/tags HTTP/1.1[0m" 500 -
2025-09-30 21:38:16 - app.utils.database - INFO - 🔧 DEBUG: Creating database engine...
21:38:16 | [32mINFO[0m | app.utils.database | 🔧 DEBUG: Creating database engine...
2025-09-30 21:38:16 - app.utils.database - INFO - 🔧 DEBUG: Creating engine with URL: sqlite:////Users/benedictleong/Library/Mobile Docu...
21:38:16 | [32mINFO[0m | app.utils.database | 🔧 DEBUG: Creating engine with URL: sqlite:////Users/benedictleong/Library/Mobile Docu...
2025-09-30 21:38:16 - app.utils.database - INFO - 🔧 DEBUG: Testing database connection...
21:38:16 | [32mINFO[0m | app.utils.database | 🔧 DEBUG: Testing database connection...
21:38:16 | [32mINFO[0m | middleware | Request received
21:38:16 | [32mINFO[0m | middleware | Request received
2025-09-30 21:38:16 - app.utils.database - INFO - 🔧 DEBUG: Original URL: sqlite:////Users/benedictleong/Library/Mobile Documents/com~apple~CloudDocs/2. Archive/2. Pet Projects /Spiderman-v3-main/kith-platform/local_kith_platform.db
21:38:16 | [32mINFO[0m | app.utils.database | 🔧 DEBUG: Original URL: sqlite:////Users/benedictleong/Library/Mobile Documents/com~apple~CloudDocs/2. Archive/2. Pet Projects /Spiderman-v3-main/kith-platform/local_kith_platform.db
2025-09-30 21:38:16 - app.utils.database - INFO - 🔧 DEBUG: Testing database connection...
21:38:16 | [32mINFO[0m | app.utils.database | 🔧 DEBUG: Testing database connection...
2025-09-30 21:38:16 - app - INFO - Request started
21:38:16 | [32mINFO[0m | app | Request started
2025-09-30 21:38:16 - app - INFO - Request started
21:38:16 | [32mINFO[0m | app | Request started
2025-09-30 21:38:16 - app.utils.database - INFO - 🔧 DEBUG: Creating engine with URL: sqlite:////Users/benedictleong/Library/Mobile Docu...
21:38:16 | [32mINFO[0m | app.utils.database | 🔧 DEBUG: Creating engine with URL: sqlite:////Users/benedictleong/Library/Mobile Docu...
2025-09-30 21:38:16 - app.utils.database - INFO - 🔧 DEBUG: Connection test successful, result: (1,)
21:38:16 | [32mINFO[0m | app.utils.database | 🔧 DEBUG: Connection test successful, result: (1,)
2025-09-30 21:38:16 - app.utils.database - INFO - 🔧 DEBUG: Database URL resolved: sqlite:////Users/benedictleong/Library/Mobile Docu...
21:38:16 | [32mINFO[0m | app.utils.database | 🔧 DEBUG: Database URL resolved: sqlite:////Users/benedictleong/Library/Mobile Docu...
2025-09-30 21:38:16 - app.utils.database - INFO - 🔧 DEBUG: Connection test successful, result: (1,)
21:38:16 | [32mINFO[0m | app.utils.database | 🔧 DEBUG: Connection test successful, result: (1,)
2025-09-30 21:38:16 - app.utils.database - INFO - 🔧 DEBUG: Testing database connection...
21:38:16 | [32mINFO[0m | app.utils.database | 🔧 DEBUG: Testing database connection...
2025-09-30 21:38:16 - app.utils.database - INFO - ✅ Database connection successful
21:38:16 | [32mINFO[0m | app.utils.database | ✅ Database connection successful
2025-09-30 21:38:16 - app.utils.database - INFO - 🔧 DEBUG: Getting database session...
21:38:16 | [32mINFO[0m | app.utils.database | 🔧 DEBUG: Getting database session...
2025-09-30 21:38:16 - app - ERROR - Unhandled exception
21:38:16 | [31mERROR[0m | app | Unhandled exception
2025-09-30 21:38:16 - app.utils.database - INFO - ✅ Database connection successful
21:38:16 | [32mINFO[0m | app.utils.database | ✅ Database connection successful
2025-09-30 21:38:16 - app.utils.database - INFO - 🔧 DEBUG: Creating/verifying database tables...
21:38:16 | [32mINFO[0m | app.utils.database | 🔧 DEBUG: Creating/verifying database tables...
2025-09-30 21:38:16 - app.utils.database - INFO - 🔧 DEBUG: Connection test successful, result: (1,)
2025-09-30 21:38:16 - app.utils.database - INFO - 🔧 DEBUG: Creating database engine...
21:38:16 | [32mINFO[0m | app.utils.database | 🔧 DEBUG: Connection test successful, result: (1,)
21:38:16 | [32mINFO[0m | app.utils.database | 🔧 DEBUG: Creating database engine...
2025-09-30 21:38:16 - app.utils.database - INFO - 🔧 DEBUG: Creating/verifying database tables...
21:38:16 | [32mINFO[0m | app.utils.database | 🔧 DEBUG: Creating/verifying database tables...
2025-09-30 21:38:16 - app - INFO - Request completed
21:38:16 | [32mINFO[0m | app | Request completed
2025-09-30 21:38:16 - app.utils.database - INFO - ✅ Database connection successful
21:38:16 | [32mINFO[0m | app.utils.database | ✅ Database connection successful
2025-09-30 21:38:16 - app.utils.database - INFO - 🔧 DEBUG: Original URL: sqlite:////Users/benedictleong/Library/Mobile Documents/com~apple~CloudDocs/2. Archive/2. Pet Projects /Spiderman-v3-main/kith-platform/local_kith_platform.db
21:38:16 | [32mINFO[0m | middleware | Response sent
2025-09-30 21:38:16 - app.utils.database - INFO - 🔧 DEBUG: Creating/verifying database tables...
21:38:16 | [32mINFO[0m | app.utils.database | 🔧 DEBUG: Original URL: sqlite:////Users/benedictleong/Library/Mobile Documents/com~apple~CloudDocs/2. Archive/2. Pet Projects /Spiderman-v3-main/kith-platform/local_kith_platform.db
21:38:16 | [32mINFO[0m | app.utils.database | 🔧 DEBUG: Creating/verifying database tables...
21:38:16 | [32mINFO[0m | werkzeug | 127.0.0.1 - - [30/Sep/2025 21:38:16] "[35m[1mGET /api/tags HTTP/1.1[0m" 500 -
2025-09-30 21:38:16 - app.utils.database - INFO - 🔧 DEBUG: Creating engine with URL: sqlite:////Users/benedictleong/Library/Mobile Docu...
21:38:16 | [32mINFO[0m | app.utils.database | 🔧 DEBUG: Creating engine with URL: sqlite:////Users/benedictleong/Library/Mobile Docu...
2025-09-30 21:38:16 - app.utils.database - INFO - 🔧 DEBUG: Testing database connection...
21:38:16 | [32mINFO[0m | app.utils.database | 🔧 DEBUG: Testing database connection...
2025-09-30 21:38:16 - app.utils.database - INFO - 🔧 DEBUG: Connection test successful, result: (1,)
21:38:16 | [32mINFO[0m | app.utils.database | 🔧 DEBUG: Connection test successful, result: (1,)
2025-09-30 21:38:16 - app.utils.database - INFO - ✅ Database connection successful
21:38:16 | [32mINFO[0m | app.utils.database | ✅ Database connection successful
2025-09-30 21:38:16 - app.utils.database - INFO - 🔧 DEBUG: Creating/verifying database tables...
21:38:16 | [32mINFO[0m | app.utils.database | 🔧 DEBUG: Creating/verifying database tables...
2025-09-30 21:38:16 - app.utils.database - INFO - ✅ Database tables created/verified
21:38:16 | [32mINFO[0m | app.utils.database | ✅ Database tables created/verified
2025-09-30 21:38:16 - app.utils.database - INFO - 🔧 DEBUG: Session created: 4627800016
21:38:16 | [32mINFO[0m | app.utils.database | 🔧 DEBUG: Session created: 4627800016
2025-09-30 21:38:16 - app.utils.database - INFO - 🔧 DEBUG: Committing session...
21:38:16 | [32mINFO[0m | app.utils.database | 🔧 DEBUG: Committing session...
2025-09-30 21:38:16 - app.utils.database - INFO - ✅ Session committed successfully
21:38:16 | [32mINFO[0m | app.utils.database | ✅ Session committed successfully
2025-09-30 21:38:16 - app.utils.database - INFO - 🔧 DEBUG: Closing session...
21:38:16 | [32mINFO[0m | app.utils.database | 🔧 DEBUG: Closing session...
2025-09-30 21:38:16 - app.utils.database - INFO - ✅ Session closed
21:38:16 | [32mINFO[0m | app.utils.database | ✅ Session closed
2025-09-30 21:38:16 - app.utils.database - INFO - 🔧 DEBUG: Getting database session...
21:38:16 | [32mINFO[0m | app.utils.database | 🔧 DEBUG: Getting database session...
2025-09-30 21:38:16 - app.utils.database - INFO - 🔧 DEBUG: Engine already exists, skipping creation
21:38:16 | [32mINFO[0m | app.utils.database | 🔧 DEBUG: Engine already exists, skipping creation
2025-09-30 21:38:16 - app.utils.database - INFO - 🔧 DEBUG: Session created: 4640570384
21:38:16 | [32mINFO[0m | app.utils.database | 🔧 DEBUG: Session created: 4640570384
2025-09-30 21:38:16 - app.utils.database - INFO - ✅ Database tables created/verified
21:38:16 | [32mINFO[0m | app.utils.database | ✅ Database tables created/verified
2025-09-30 21:38:16 - app.utils.database - INFO - 🔧 DEBUG: Session created: 4627869904
21:38:16 | [32mINFO[0m | app.utils.database | 🔧 DEBUG: Session created: 4627869904
2025-09-30 21:38:16 - app.services.contact_service - INFO - Retrieved 1 contacts for user 1
21:38:16 | [32mINFO[0m | app.services.contact_service | Retrieved 1 contacts for user 1
2025-09-30 21:38:16 - app.utils.database - INFO - 🔧 DEBUG: Committing session...
21:38:16 | [32mINFO[0m | app.utils.database | 🔧 DEBUG: Committing session...
2025-09-30 21:38:16 - app.utils.database - INFO - ✅ Session committed successfully
21:38:16 | [32mINFO[0m | app.utils.database | ✅ Session committed successfully
2025-09-30 21:38:16 - app.utils.database - INFO - 🔧 DEBUG: Closing session...
21:38:16 | [32mINFO[0m | app.utils.database | 🔧 DEBUG: Closing session...
2025-09-30 21:38:16 - app.utils.database - INFO - ✅ Session closed
21:38:16 | [32mINFO[0m | app.utils.database | ✅ Session closed
2025-09-30 21:38:16 - app.utils.database - INFO - 🔧 DEBUG: Committing session...
21:38:16 | [32mINFO[0m | app.utils.database | 🔧 DEBUG: Committing session...
2025-09-30 21:38:16 - app - INFO - Request completed
21:38:16 | [32mINFO[0m | app | Request completed
2025-09-30 21:38:16 - app.utils.database - INFO - ✅ Session committed successfully
21:38:16 | [32mINFO[0m | app.utils.database | ✅ Session committed successfully
2025-09-30 21:38:16 - app.utils.database - INFO - ✅ Database tables created/verified
21:38:16 | [32mINFO[0m | app.utils.database | ✅ Database tables created/verified
21:38:16 | [32mINFO[0m | middleware | Response sent
2025-09-30 21:38:16 - app.utils.database - INFO - 🔧 DEBUG: Closing session...
21:38:16 | [32mINFO[0m | app.utils.database | 🔧 DEBUG: Closing session...
2025-09-30 21:38:16 - app.utils.database - INFO - 🔧 DEBUG: Session created: 4628075088
21:38:16 | [32mINFO[0m | app.utils.database | 🔧 DEBUG: Session created: 4628075088
21:38:16 | [32mINFO[0m | werkzeug | 127.0.0.1 - - [30/Sep/2025 21:38:16] "GET /api/contacts/ HTTP/1.1" 200 -
2025-09-30 21:38:16 - app.utils.database - INFO - ✅ Session closed
21:38:16 | [32mINFO[0m | app.utils.database | ✅ Session closed
2025-09-30 21:38:16 - app.utils.database - INFO - 🔧 DEBUG: Getting database session...
21:38:16 | [32mINFO[0m | app.utils.database | 🔧 DEBUG: Getting database session...
2025-09-30 21:38:16 - app.utils.database - INFO - 🔧 DEBUG: Engine already exists, skipping creation
21:38:16 | [32mINFO[0m | app.utils.database | 🔧 DEBUG: Engine already exists, skipping creation
2025-09-30 21:38:16 - app.utils.database - INFO - 🔧 DEBUG: Session created: 4629493744
21:38:16 | [32mINFO[0m | app.utils.database | 🔧 DEBUG: Session created: 4629493744
2025-09-30 21:38:16 - app.utils.database - INFO - 🔧 DEBUG: Committing session...
21:38:16 | [32mINFO[0m | app.utils.database | 🔧 DEBUG: Committing session...
2025-09-30 21:38:16 - app.services.contact_service - INFO - Retrieved 1 contacts for user 1
21:38:16 | [32mINFO[0m | app.services.contact_service | Retrieved 1 contacts for user 1
2025-09-30 21:38:16 - app.utils.database - INFO - ✅ Session committed successfully
21:38:16 | [32mINFO[0m | app.utils.database | ✅ Session committed successfully
2025-09-30 21:38:16 - app.utils.database - INFO - 🔧 DEBUG: Committing session...
21:38:16 | [32mINFO[0m | app.utils.database | 🔧 DEBUG: Committing session...
2025-09-30 21:38:16 - app.utils.database - INFO - 🔧 DEBUG: Closing session...
21:38:16 | [32mINFO[0m | app.utils.database | 🔧 DEBUG: Closing session...
2025-09-30 21:38:16 - app.utils.database - INFO - ✅ Session committed successfully
21:38:16 | [32mINFO[0m | app.utils.database | ✅ Session committed successfully
2025-09-30 21:38:16 - app.utils.database - INFO - ✅ Session closed
21:38:16 | [32mINFO[0m | app.utils.database | ✅ Session closed
2025-09-30 21:38:16 - app.utils.database - INFO - 🔧 DEBUG: Closing session...
21:38:16 | [32mINFO[0m | app.utils.database | 🔧 DEBUG: Closing session...
2025-09-30 21:38:16 - app.utils.database - INFO - 🔧 DEBUG: Getting database session...
21:38:16 | [32mINFO[0m | app.utils.database | 🔧 DEBUG: Getting database session...
2025-09-30 21:38:16 - app.utils.database - INFO - ✅ Session closed
21:38:16 | [32mINFO[0m | app.utils.database | ✅ Session closed
2025-09-30 21:38:16 - app.utils.database - INFO - 🔧 DEBUG: Engine already exists, skipping creation
21:38:16 | [32mINFO[0m | app.utils.database | 🔧 DEBUG: Engine already exists, skipping creation
2025-09-30 21:38:16 - app - INFO - Request completed
21:38:16 | [32mINFO[0m | app | Request completed
2025-09-30 21:38:16 - app.utils.database - INFO - 🔧 DEBUG: Session created: 4627800016
21:38:16 | [32mINFO[0m | app.utils.database | 🔧 DEBUG: Session created: 4627800016
21:38:16 | [32mINFO[0m | middleware | Response sent
21:38:16 | [32mINFO[0m | werkzeug | 127.0.0.1 - - [30/Sep/2025 21:38:16] "GET /api/contacts/ HTTP/1.1" 200 -
2025-09-30 21:38:16 - app.services.contact_service - INFO - Retrieved 1 contacts for user 1
21:38:16 | [32mINFO[0m | app.services.contact_service | Retrieved 1 contacts for user 1
2025-09-30 21:38:16 - app.utils.database - INFO - ✅ Database tables created/verified
21:38:16 | [32mINFO[0m | app.utils.database | ✅ Database tables created/verified
2025-09-30 21:38:16 - app.utils.database - INFO - 🔧 DEBUG: Committing session...
21:38:16 | [32mINFO[0m | app.utils.database | 🔧 DEBUG: Committing session...
2025-09-30 21:38:16 - app.utils.database - INFO - 🔧 DEBUG: Session created: 4640521712
21:38:16 | [32mINFO[0m | app.utils.database | 🔧 DEBUG: Session created: 4640521712
2025-09-30 21:38:16 - app.utils.database - INFO - ✅ Session committed successfully
21:38:16 | [32mINFO[0m | app.utils.database | ✅ Session committed successfully
2025-09-30 21:38:16 - app.utils.database - INFO - 🔧 DEBUG: Closing session...
21:38:16 | [32mINFO[0m | app.utils.database | 🔧 DEBUG: Closing session...
2025-09-30 21:38:16 - app.utils.database - INFO - 🔧 DEBUG: Committing session...
21:38:16 | [32mINFO[0m | app.utils.database | 🔧 DEBUG: Committing session...
2025-09-30 21:38:16 - app.utils.database - INFO - ✅ Session closed
21:38:16 | [32mINFO[0m | app.utils.database | ✅ Session closed
2025-09-30 21:38:16 - app.utils.database - INFO - ✅ Session committed successfully
21:38:16 | [32mINFO[0m | app.utils.database | ✅ Session committed successfully
2025-09-30 21:38:16 - app - INFO - Request completed
21:38:16 | [32mINFO[0m | app | Request completed
2025-09-30 21:38:16 - app.utils.database - INFO - 🔧 DEBUG: Closing session...
21:38:16 | [32mINFO[0m | app.utils.database | 🔧 DEBUG: Closing session...
21:38:16 | [32mINFO[0m | middleware | Response sent
2025-09-30 21:38:16 - app.utils.database - INFO - ✅ Session closed
21:38:16 | [32mINFO[0m | app.utils.database | ✅ Session closed
21:38:16 | [32mINFO[0m | werkzeug | 127.0.0.1 - - [30/Sep/2025 21:38:16] "GET /api/contacts/ HTTP/1.1" 200 -
2025-09-30 21:38:16 - app.utils.database - INFO - 🔧 DEBUG: Getting database session...
21:38:16 | [32mINFO[0m | app.utils.database | 🔧 DEBUG: Getting database session...
2025-09-30 21:38:16 - app.utils.database - INFO - 🔧 DEBUG: Engine already exists, skipping creation
21:38:16 | [32mINFO[0m | app.utils.database | 🔧 DEBUG: Engine already exists, skipping creation
2025-09-30 21:38:16 - app.utils.database - INFO - 🔧 DEBUG: Session created: 4629493024
21:38:16 | [32mINFO[0m | app.utils.database | 🔧 DEBUG: Session created: 4629493024
2025-09-30 21:38:16 - app.services.contact_service - INFO - Retrieved 1 contacts for user 1
21:38:16 | [32mINFO[0m | app.services.contact_service | Retrieved 1 contacts for user 1
2025-09-30 21:38:16 - app.utils.database - INFO - 🔧 DEBUG: Committing session...
21:38:16 | [32mINFO[0m | app.utils.database | 🔧 DEBUG: Committing session...
2025-09-30 21:38:16 - app.utils.database - INFO - ✅ Session committed successfully
21:38:16 | [32mINFO[0m | app.utils.database | ✅ Session committed successfully
2025-09-30 21:38:16 - app.utils.database - INFO - 🔧 DEBUG: Closing session...
21:38:16 | [32mINFO[0m | app.utils.database | 🔧 DEBUG: Closing session...
2025-09-30 21:38:16 - app.utils.database - INFO - ✅ Session closed
21:38:16 | [32mINFO[0m | app.utils.database | ✅ Session closed
2025-09-30 21:38:16 - app - INFO - Request completed
21:38:16 | [32mINFO[0m | app | Request completed
21:38:16 | [32mINFO[0m | middleware | Response sent
21:38:16 | [32mINFO[0m | werkzeug | 127.0.0.1 - - [30/Sep/2025 21:38:16] "GET /api/contacts/ HTTP/1.1" 200 -
21:38:22 | [32mINFO[0m | middleware | Request received
2025-09-30 21:38:22 - app - INFO - Request started
21:38:22 | [32mINFO[0m | app | Request started
2025-09-30 21:38:22 - app.utils.database - INFO - 🔧 DEBUG: Database URL resolved: sqlite:////Users/benedictleong/Library/Mobile Docu...
21:38:22 | [32mINFO[0m | app.utils.database | 🔧 DEBUG: Database URL resolved: sqlite:////Users/benedictleong/Library/Mobile Docu...
2025-09-30 21:38:22 - app.utils.database - INFO - 🔧 DEBUG: Getting database session...
21:38:22 | [32mINFO[0m | app.utils.database | 🔧 DEBUG: Getting database session...
2025-09-30 21:38:22 - app.utils.database - INFO - 🔧 DEBUG: Creating database engine...
21:38:22 | [32mINFO[0m | app.utils.database | 🔧 DEBUG: Creating database engine...
2025-09-30 21:38:22 - app.utils.database - INFO - 🔧 DEBUG: Original URL: sqlite:////Users/benedictleong/Library/Mobile Documents/com~apple~CloudDocs/2. Archive/2. Pet Projects /Spiderman-v3-main/kith-platform/local_kith_platform.db
21:38:22 | [32mINFO[0m | app.utils.database | 🔧 DEBUG: Original URL: sqlite:////Users/benedictleong/Library/Mobile Documents/com~apple~CloudDocs/2. Archive/2. Pet Projects /Spiderman-v3-main/kith-platform/local_kith_platform.db
2025-09-30 21:38:22 - app.utils.database - INFO - 🔧 DEBUG: Creating engine with URL: sqlite:////Users/benedictleong/Library/Mobile Docu...
21:38:22 | [32mINFO[0m | app.utils.database | 🔧 DEBUG: Creating engine with URL: sqlite:////Users/benedictleong/Library/Mobile Docu...
2025-09-30 21:38:22 - app.utils.database - INFO - 🔧 DEBUG: Testing database connection...
21:38:22 | [32mINFO[0m | app.utils.database | 🔧 DEBUG: Testing database connection...
2025-09-30 21:38:22 - app.utils.database - INFO - 🔧 DEBUG: Connection test successful, result: (1,)
21:38:22 | [32mINFO[0m | app.utils.database | 🔧 DEBUG: Connection test successful, result: (1,)
2025-09-30 21:38:22 - app.utils.database - INFO - ✅ Database connection successful
21:38:22 | [32mINFO[0m | app.utils.database | ✅ Database connection successful
2025-09-30 21:38:22 - app.utils.database - INFO - 🔧 DEBUG: Creating/verifying database tables...
21:38:22 | [32mINFO[0m | app.utils.database | 🔧 DEBUG: Creating/verifying database tables...
2025-09-30 21:38:22 - app.utils.database - INFO - ✅ Database tables created/verified
21:38:22 | [32mINFO[0m | app.utils.database | ✅ Database tables created/verified
2025-09-30 21:38:22 - app.utils.database - INFO - 🔧 DEBUG: Session created: 4640570576
21:38:22 | [32mINFO[0m | app.utils.database | 🔧 DEBUG: Session created: 4640570576
2025-09-30 21:38:22 - app.utils.database - INFO - 🔧 DEBUG: Committing session...
21:38:22 | [32mINFO[0m | app.utils.database | 🔧 DEBUG: Committing session...
2025-09-30 21:38:22 - app.utils.database - INFO - ✅ Session committed successfully
21:38:22 | [32mINFO[0m | app.utils.database | ✅ Session committed successfully
2025-09-30 21:38:22 - app.utils.database - INFO - 🔧 DEBUG: Closing session...
21:38:22 | [32mINFO[0m | app.utils.database | 🔧 DEBUG: Closing session...
2025-09-30 21:38:22 - app.utils.database - INFO - ✅ Session closed
21:38:22 | [32mINFO[0m | app.utils.database | ✅ Session closed
2025-09-30 21:38:22 - app.utils.database - INFO - 🔧 DEBUG: Getting database session...
21:38:22 | [32mINFO[0m | app.utils.database | 🔧 DEBUG: Getting database session...
2025-09-30 21:38:22 - app.utils.database - INFO - 🔧 DEBUG: Engine already exists, skipping creation
21:38:22 | [32mINFO[0m | app.utils.database | 🔧 DEBUG: Engine already exists, skipping creation
2025-09-30 21:38:22 - app.utils.database - INFO - 🔧 DEBUG: Session created: 4640570576
21:38:22 | [32mINFO[0m | app.utils.database | 🔧 DEBUG: Session created: 4640570576
2025-09-30 21:38:22 - app.utils.database - INFO - 🔧 DEBUG: Committing session...
21:38:22 | [32mINFO[0m | app.utils.database | 🔧 DEBUG: Committing session...
2025-09-30 21:38:22 - app.utils.database - INFO - ✅ Session committed successfully
21:38:22 | [32mINFO[0m | app.utils.database | ✅ Session committed successfully
2025-09-30 21:38:22 - app.utils.database - INFO - 🔧 DEBUG: Closing session...
21:38:22 | [32mINFO[0m | app.utils.database | 🔧 DEBUG: Closing session...
2025-09-30 21:38:22 - app.utils.database - INFO - ✅ Session closed
21:38:22 | [32mINFO[0m | app.utils.database | ✅ Session closed
2025-09-30 21:38:22 - app - ERROR - Unhandled exception
21:38:22 | [31mERROR[0m | app | Unhandled exception
2025-09-30 21:38:22 - app - INFO - Request completed
21:38:22 | [32mINFO[0m | app | Request completed
21:38:22 | [32mINFO[0m | middleware | Response sent
21:38:22 | [32mINFO[0m | werkzeug | 127.0.0.1 - - [30/Sep/2025 21:38:22] "[35m[1mGET /api/contacts/1 HTTP/1.1[0m" 500 -
21:38:32 | [32mINFO[0m | middleware | Request received
2025-09-30 21:38:32 - app - INFO - Request started
21:38:32 | [32mINFO[0m | app | Request started
2025-09-30 21:38:32 - app - ERROR - Unhandled exception
21:38:32 | [31mERROR[0m | app | Unhandled exception
2025-09-30 21:38:32 - app - INFO - Request completed
21:38:32 | [32mINFO[0m | app | Request completed
21:38:32 | [32mINFO[0m | middleware | Response sent
21:38:32 | [32mINFO[0m | werkzeug | 127.0.0.1 - - [30/Sep/2025 21:38:32] "[35m[1mPOST /api/process-note HTTP/1.1[0m" 500 -
21:39:04 | [32mINFO[0m | middleware | Request received
2025-09-30 21:39:04 - app - INFO - Request started
21:39:04 | [32mINFO[0m | app | Request started
2025-09-30 21:39:04 - app - ERROR - Unhandled exception
21:39:04 | [31mERROR[0m | app | Unhandled exception
2025-09-30 21:39:04 - app - INFO - Request completed
21:39:04 | [32mINFO[0m | app | Request completed
21:39:04 | [32mINFO[0m | middleware | Response sent
21:39:04 | [32mINFO[0m | werkzeug | 127.0.0.1 - - [30/Sep/2025 21:39:04] "[35m[1mPUT /api/contact/1/categories HTTP/1.1[0m" 500 -
21:39:11 | [32mINFO[0m | middleware | Request received
2025-09-30 21:39:11 - app - INFO - Request started
21:39:11 | [32mINFO[0m | app | Request started
2025-09-30 21:39:11 - app - ERROR - Unhandled exception
21:39:11 | [31mERROR[0m | app | Unhandled exception
2025-09-30 21:39:11 - app - INFO - Request completed
21:39:11 | [32mINFO[0m | app | Request completed
21:39:11 | [32mINFO[0m | middleware | Response sent
21:39:11 | [32mINFO[0m | werkzeug | 127.0.0.1 - - [30/Sep/2025 21:39:11] "[35m[1mPUT /api/contact/1/categories HTTP/1.1[0m" 500 -
21:39:56 | [32mINFO[0m | middleware | Request received
2025-09-30 21:39:56 - app - INFO - Request started
21:39:56 | [32mINFO[0m | app | Request started
2025-09-30 21:39:56 - app - ERROR - Unhandled exception
21:39:56 | [31mERROR[0m | app | Unhandled exception
2025-09-30 21:39:56 - app - INFO - Request completed
21:39:56 | [32mINFO[0m | app | Request completed
21:39:56 | [32mINFO[0m | middleware | Response sent
21:39:56 | [32mINFO[0m | werkzeug | 127.0.0.1 - - [30/Sep/2025 21:39:56] "[35m[1mPUT /api/contact/1/categories HTTP/1.1[0m" 500 -
21:40:48 | [32mINFO[0m | middleware | Request received
2025-09-30 21:40:48 - app - INFO - Request started
21:40:48 | [32mINFO[0m | app | Request started
21:40:48 | [32mINFO[0m | middleware | Request received
21:40:48 | [32mINFO[0m | middleware | Request received
21:40:48 | [32mINFO[0m | middleware | Request received
21:40:48 | [32mINFO[0m | middleware | Request received
2025-09-30 21:40:48 - app - ERROR - Unhandled exception
2025-09-30 21:40:48 - app - INFO - Request started
21:40:48 | [31mERROR[0m | app | Unhandled exception
2025-09-30 21:40:48 - app - INFO - Request started
21:40:48 | [32mINFO[0m | middleware | Request received
2025-09-30 21:40:48 - app - INFO - Request started
2025-09-30 21:40:48 - app - INFO - Request started
21:40:48 | [32mINFO[0m | app | Request started
21:40:48 | [32mINFO[0m | app | Request started
2025-09-30 21:40:48 - app - INFO - Request completed
21:40:48 | [32mINFO[0m | app | Request started
2025-09-30 21:40:48 - app - INFO - Request started
21:40:48 | [32mINFO[0m | app | Request started
2025-09-30 21:40:48 - app.utils.database - INFO - 🔧 DEBUG: Database URL resolved: sqlite:////Users/benedictleong/Library/Mobile Docu...
21:40:48 | [32mINFO[0m | app | Request completed
21:40:48 | [32mINFO[0m | app | Request started
2025-09-30 21:40:48 - app.utils.database - INFO - 🔧 DEBUG: Database URL resolved: sqlite:////Users/benedictleong/Library/Mobile Docu...
2025-09-30 21:40:48 - app - ERROR - Unhandled exception
21:40:48 | [32mINFO[0m | app.utils.database | 🔧 DEBUG: Database URL resolved: sqlite:////Users/benedictleong/Library/Mobile Docu...
21:40:48 | [32mINFO[0m | app.utils.database | 🔧 DEBUG: Database URL resolved: sqlite:////Users/benedictleong/Library/Mobile Docu...
21:40:48 | [32mINFO[0m | middleware | Response sent
21:40:48 | [31mERROR[0m | app | Unhandled exception
2025-09-30 21:40:48 - app - ERROR - Unhandled exception
21:40:48 | [31mERROR[0m | app | Unhandled exception
2025-09-30 21:40:48 - app.utils.database - INFO - 🔧 DEBUG: Database URL resolved: sqlite:////Users/benedictleong/Library/Mobile Docu...
21:40:48 | [32mINFO[0m | app.utils.database | 🔧 DEBUG: Database URL resolved: sqlite:////Users/benedictleong/Library/Mobile Docu...
2025-09-30 21:40:48 - app.utils.database - INFO - 🔧 DEBUG: Getting database session...
21:40:48 | [32mINFO[0m | werkzeug | 127.0.0.1 - - [30/Sep/2025 21:40:48] "[35m[1mGET /api/tags HTTP/1.1[0m" 500 -
21:40:48 | [32mINFO[0m | app.utils.database | 🔧 DEBUG: Getting database session...
2025-09-30 21:40:48 - app.utils.database - INFO - 🔧 DEBUG: Getting database session...
21:40:48 | [32mINFO[0m | app.utils.database | 🔧 DEBUG: Getting database session...
2025-09-30 21:40:48 - app - INFO - Request completed
21:40:48 | [32mINFO[0m | app | Request completed
2025-09-30 21:40:48 - app - INFO - Request completed
21:40:48 | [32mINFO[0m | app | Request completed
2025-09-30 21:40:48 - app.utils.database - INFO - 🔧 DEBUG: Getting database session...
21:40:48 | [32mINFO[0m | app.utils.database | 🔧 DEBUG: Getting database session...
2025-09-30 21:40:48 - app.utils.database - INFO - 🔧 DEBUG: Creating database engine...
21:40:48 | [32mINFO[0m | middleware | Response sent
2025-09-30 21:40:48 - app.utils.database - INFO - 🔧 DEBUG: Creating database engine...
21:40:48 | [32mINFO[0m | app.utils.database | 🔧 DEBUG: Creating database engine...
2025-09-30 21:40:48 - app.utils.database - INFO - 🔧 DEBUG: Creating database engine...
21:40:48 | [32mINFO[0m | middleware | Response sent
21:40:48 | [32mINFO[0m | app.utils.database | 🔧 DEBUG: Creating database engine...
21:40:48 | [32mINFO[0m | werkzeug | 127.0.0.1 - - [30/Sep/2025 21:40:48] "[35m[1mGET /api/tags HTTP/1.1[0m" 500 -
21:40:48 | [32mINFO[0m | app.utils.database | 🔧 DEBUG: Creating database engine...
2025-09-30 21:40:48 - app.utils.database - INFO - 🔧 DEBUG: Original URL: sqlite:////Users/benedictleong/Library/Mobile Documents/com~apple~CloudDocs/2. Archive/2. Pet Projects /Spiderman-v3-main/kith-platform/local_kith_platform.db
21:40:48 | [32mINFO[0m | app.utils.database | 🔧 DEBUG: Original URL: sqlite:////Users/benedictleong/Library/Mobile Documents/com~apple~CloudDocs/2. Archive/2. Pet Projects /Spiderman-v3-main/kith-platform/local_kith_platform.db
21:40:48 | [32mINFO[0m | werkzeug | 127.0.0.1 - - [30/Sep/2025 21:40:48] "[35m[1mGET /api/tags HTTP/1.1[0m" 500 -
2025-09-30 21:40:48 - app.utils.database - INFO - 🔧 DEBUG: Original URL: sqlite:////Users/benedictleong/Library/Mobile Documents/com~apple~CloudDocs/2. Archive/2. Pet Projects /Spiderman-v3-main/kith-platform/local_kith_platform.db
21:40:48 | [32mINFO[0m | app.utils.database | 🔧 DEBUG: Original URL: sqlite:////Users/benedictleong/Library/Mobile Documents/com~apple~CloudDocs/2. Archive/2. Pet Projects /Spiderman-v3-main/kith-platform/local_kith_platform.db
2025-09-30 21:40:48 - app.utils.database - INFO - 🔧 DEBUG: Original URL: sqlite:////Users/benedictleong/Library/Mobile Documents/com~apple~CloudDocs/2. Archive/2. Pet Projects /Spiderman-v3-main/kith-platform/local_kith_platform.db
21:40:48 | [32mINFO[0m | app.utils.database | 🔧 DEBUG: Original URL: sqlite:////Users/benedictleong/Library/Mobile Documents/com~apple~CloudDocs/2. Archive/2. Pet Projects /Spiderman-v3-main/kith-platform/local_kith_platform.db
2025-09-30 21:40:48 - app.utils.database - INFO - 🔧 DEBUG: Creating engine with URL: sqlite:////Users/benedictleong/Library/Mobile Docu...
21:40:48 | [32mINFO[0m | app.utils.database | 🔧 DEBUG: Creating engine with URL: sqlite:////Users/benedictleong/Library/Mobile Docu...
21:40:48 | [32mINFO[0m | middleware | Request received
2025-09-30 21:40:48 - app.utils.database - INFO - 🔧 DEBUG: Creating engine with URL: sqlite:////Users/benedictleong/Library/Mobile Docu...
21:40:48 | [32mINFO[0m | app.utils.database | 🔧 DEBUG: Creating engine with URL: sqlite:////Users/benedictleong/Library/Mobile Docu...
2025-09-30 21:40:48 - app.utils.database - INFO - 🔧 DEBUG: Creating engine with URL: sqlite:////Users/benedictleong/Library/Mobile Docu...
21:40:48 | [32mINFO[0m | app.utils.database | 🔧 DEBUG: Creating engine with URL: sqlite:////Users/benedictleong/Library/Mobile Docu...
2025-09-30 21:40:48 - app.utils.database - INFO - 🔧 DEBUG: Testing database connection...
21:40:48 | [32mINFO[0m | middleware | Request received
2025-09-30 21:40:48 - app - INFO - Request started
21:40:48 | [32mINFO[0m | app.utils.database | 🔧 DEBUG: Testing database connection...
21:40:48 | [32mINFO[0m | app | Request started
2025-09-30 21:40:48 - app.utils.database - INFO - 🔧 DEBUG: Testing database connection...
21:40:48 | [32mINFO[0m | app.utils.database | 🔧 DEBUG: Testing database connection...
2025-09-30 21:40:48 - app.utils.database - INFO - 🔧 DEBUG: Testing database connection...
2025-09-30 21:40:48 - app - INFO - Request started
21:40:48 | [32mINFO[0m | app.utils.database | 🔧 DEBUG: Testing database connection...
21:40:48 | [32mINFO[0m | app | Request started
2025-09-30 21:40:48 - app.utils.database - INFO - 🔧 DEBUG: Database URL resolved: sqlite:////Users/benedictleong/Library/Mobile Docu...
21:40:48 | [32mINFO[0m | app.utils.database | 🔧 DEBUG: Database URL resolved: sqlite:////Users/benedictleong/Library/Mobile Docu...
2025-09-30 21:40:48 - app - ERROR - Unhandled exception
21:40:48 | [31mERROR[0m | app | Unhandled exception
2025-09-30 21:40:48 - app.utils.database - INFO - 🔧 DEBUG: Connection test successful, result: (1,)
21:40:48 | [32mINFO[0m | app.utils.database | 🔧 DEBUG: Connection test successful, result: (1,)
2025-09-30 21:40:48 - app.utils.database - INFO - 🔧 DEBUG: Getting database session...
21:40:48 | [32mINFO[0m | app.utils.database | 🔧 DEBUG: Getting database session...
2025-09-30 21:40:48 - app.utils.database - INFO - 🔧 DEBUG: Connection test successful, result: (1,)
21:40:48 | [32mINFO[0m | app.utils.database | 🔧 DEBUG: Connection test successful, result: (1,)
2025-09-30 21:40:48 - app.utils.database - INFO - 🔧 DEBUG: Connection test successful, result: (1,)
21:40:48 | [32mINFO[0m | app.utils.database | 🔧 DEBUG: Connection test successful, result: (1,)
2025-09-30 21:40:48 - app - INFO - Request completed
21:40:48 | [32mINFO[0m | app | Request completed
2025-09-30 21:40:48 - app.utils.database - INFO - ✅ Database connection successful
21:40:48 | [32mINFO[0m | app.utils.database | ✅ Database connection successful
2025-09-30 21:40:48 - app.utils.database - INFO - 🔧 DEBUG: Creating database engine...
21:40:48 | [32mINFO[0m | app.utils.database | 🔧 DEBUG: Creating database engine...
2025-09-30 21:40:48 - app.utils.database - INFO - ✅ Database connection successful
21:40:48 | [32mINFO[0m | app.utils.database | ✅ Database connection successful
2025-09-30 21:40:48 - app.utils.database - INFO - ✅ Database connection successful
21:40:48 | [32mINFO[0m | app.utils.database | ✅ Database connection successful
21:40:48 | [32mINFO[0m | middleware | Response sent
2025-09-30 21:40:48 - app.utils.database - INFO - 🔧 DEBUG: Creating/verifying database tables...
21:40:48 | [32mINFO[0m | app.utils.database | 🔧 DEBUG: Creating/verifying database tables...
2025-09-30 21:40:48 - app.utils.database - INFO - 🔧 DEBUG: Original URL: sqlite:////Users/benedictleong/Library/Mobile Documents/com~apple~CloudDocs/2. Archive/2. Pet Projects /Spiderman-v3-main/kith-platform/local_kith_platform.db
21:40:48 | [32mINFO[0m | app.utils.database | 🔧 DEBUG: Original URL: sqlite:////Users/benedictleong/Library/Mobile Documents/com~apple~CloudDocs/2. Archive/2. Pet Projects /Spiderman-v3-main/kith-platform/local_kith_platform.db
2025-09-30 21:40:48 - app.utils.database - INFO - 🔧 DEBUG: Creating/verifying database tables...
21:40:48 | [32mINFO[0m | app.utils.database | 🔧 DEBUG: Creating/verifying database tables...
2025-09-30 21:40:48 - app.utils.database - INFO - 🔧 DEBUG: Creating/verifying database tables...
21:40:48 | [32mINFO[0m | app.utils.database | 🔧 DEBUG: Creating/verifying database tables...
21:40:48 | [32mINFO[0m | werkzeug | 127.0.0.1 - - [30/Sep/2025 21:40:48] "[35m[1mGET /api/tags HTTP/1.1[0m" 500 -
2025-09-30 21:40:48 - app.utils.database - INFO - 🔧 DEBUG: Creating engine with URL: sqlite:////Users/benedictleong/Library/Mobile Docu...
21:40:48 | [32mINFO[0m | app.utils.database | 🔧 DEBUG: Creating engine with URL: sqlite:////Users/benedictleong/Library/Mobile Docu...
2025-09-30 21:40:48 - app.utils.database - INFO - 🔧 DEBUG: Testing database connection...
21:40:48 | [32mINFO[0m | app.utils.database | 🔧 DEBUG: Testing database connection...
2025-09-30 21:40:48 - app.utils.database - INFO - 🔧 DEBUG: Connection test successful, result: (1,)
21:40:48 | [32mINFO[0m | app.utils.database | 🔧 DEBUG: Connection test successful, result: (1,)
2025-09-30 21:40:48 - app.utils.database - INFO - ✅ Database connection successful
21:40:48 | [32mINFO[0m | app.utils.database | ✅ Database connection successful
2025-09-30 21:40:48 - app.utils.database - INFO - 🔧 DEBUG: Creating/verifying database tables...
21:40:48 | [32mINFO[0m | app.utils.database | 🔧 DEBUG: Creating/verifying database tables...
2025-09-30 21:40:48 - app.utils.database - INFO - ✅ Database tables created/verified
21:40:48 | [32mINFO[0m | app.utils.database | ✅ Database tables created/verified
2025-09-30 21:40:48 - app.utils.database - INFO - 🔧 DEBUG: Session created: 4629581296
21:40:48 | [32mINFO[0m | app.utils.database | 🔧 DEBUG: Session created: 4629581296
2025-09-30 21:40:48 - app.utils.database - INFO - ✅ Database tables created/verified
21:40:48 | [32mINFO[0m | app.utils.database | ✅ Database tables created/verified
2025-09-30 21:40:48 - app.utils.database - INFO - 🔧 DEBUG: Session created: 4640519888
21:40:48 | [32mINFO[0m | app.utils.database | 🔧 DEBUG: Session created: 4640519888
2025-09-30 21:40:48 - app.utils.database - INFO - ✅ Database tables created/verified
21:40:48 | [32mINFO[0m | app.utils.database | ✅ Database tables created/verified
2025-09-30 21:40:48 - app.utils.database - INFO - 🔧 DEBUG: Committing session...
21:40:48 | [32mINFO[0m | app.utils.database | 🔧 DEBUG: Committing session...
2025-09-30 21:40:48 - app.utils.database - INFO - 🔧 DEBUG: Session created: 4629493840
21:40:48 | [32mINFO[0m | app.utils.database | 🔧 DEBUG: Session created: 4629493840
2025-09-30 21:40:48 - app.utils.database - INFO - 🔧 DEBUG: Committing session...
21:40:48 | [32mINFO[0m | app.utils.database | 🔧 DEBUG: Committing session...
2025-09-30 21:40:48 - app.utils.database - INFO - ✅ Session committed successfully
21:40:48 | [32mINFO[0m | app.utils.database | ✅ Session committed successfully
2025-09-30 21:40:48 - app.utils.database - INFO - ✅ Session committed successfully
21:40:48 | [32mINFO[0m | app.utils.database | ✅ Session committed successfully
2025-09-30 21:40:48 - app.utils.database - INFO - 🔧 DEBUG: Closing session...
21:40:48 | [32mINFO[0m | app.utils.database | 🔧 DEBUG: Closing session...
2025-09-30 21:40:48 - app.utils.database - INFO - 🔧 DEBUG: Closing session...
21:40:48 | [32mINFO[0m | app.utils.database | 🔧 DEBUG: Closing session...
2025-09-30 21:40:48 - app.utils.database - INFO - ✅ Session closed
21:40:48 | [32mINFO[0m | app.utils.database | ✅ Session closed
2025-09-30 21:40:48 - app.utils.database - INFO - ✅ Session closed
21:40:48 | [32mINFO[0m | app.utils.database | ✅ Session closed
2025-09-30 21:40:48 - app.utils.database - INFO - 🔧 DEBUG: Getting database session...
21:40:48 | [32mINFO[0m | app.utils.database | 🔧 DEBUG: Getting database session...
2025-09-30 21:40:48 - app.utils.database - INFO - 🔧 DEBUG: Getting database session...
21:40:48 | [32mINFO[0m | app.utils.database | 🔧 DEBUG: Getting database session...
2025-09-30 21:40:48 - app.utils.database - INFO - 🔧 DEBUG: Committing session...
21:40:48 | [32mINFO[0m | app.utils.database | 🔧 DEBUG: Committing session...
2025-09-30 21:40:48 - app.utils.database - INFO - 🔧 DEBUG: Engine already exists, skipping creation
21:40:48 | [32mINFO[0m | app.utils.database | 🔧 DEBUG: Engine already exists, skipping creation
2025-09-30 21:40:48 - app.utils.database - INFO - 🔧 DEBUG: Engine already exists, skipping creation
21:40:48 | [32mINFO[0m | app.utils.database | 🔧 DEBUG: Engine already exists, skipping creation
2025-09-30 21:40:48 - app.utils.database - INFO - ✅ Session committed successfully
21:40:48 | [32mINFO[0m | app.utils.database | ✅ Session committed successfully
2025-09-30 21:40:48 - app.utils.database - INFO - 🔧 DEBUG: Session created: 4629494464
21:40:48 | [32mINFO[0m | app.utils.database | 🔧 DEBUG: Session created: 4629494464
2025-09-30 21:40:48 - app.utils.database - INFO - 🔧 DEBUG: Session created: 4640520176
21:40:48 | [32mINFO[0m | app.utils.database | 🔧 DEBUG: Session created: 4640520176
2025-09-30 21:40:48 - app.utils.database - INFO - ✅ Database tables created/verified
21:40:48 | [32mINFO[0m | app.utils.database | ✅ Database tables created/verified
2025-09-30 21:40:48 - app.utils.database - INFO - 🔧 DEBUG: Closing session...
21:40:48 | [32mINFO[0m | app.utils.database | 🔧 DEBUG: Closing session...
2025-09-30 21:40:48 - app.services.contact_service - INFO - Retrieved 1 contacts for user 1
21:40:48 | [32mINFO[0m | app.services.contact_service | Retrieved 1 contacts for user 1
2025-09-30 21:40:48 - app.services.contact_service - INFO - Retrieved 1 contacts for user 1
21:40:48 | [32mINFO[0m | app.services.contact_service | Retrieved 1 contacts for user 1
2025-09-30 21:40:48 - app.utils.database - INFO - 🔧 DEBUG: Session created: 4640529808
21:40:48 | [32mINFO[0m | app.utils.database | 🔧 DEBUG: Session created: 4640529808
2025-09-30 21:40:48 - app.utils.database - INFO - ✅ Session closed
21:40:48 | [32mINFO[0m | app.utils.database | ✅ Session closed
2025-09-30 21:40:48 - app.utils.database - INFO - 🔧 DEBUG: Committing session...
21:40:48 | [32mINFO[0m | app.utils.database | 🔧 DEBUG: Committing session...
2025-09-30 21:40:48 - app.utils.database - INFO - 🔧 DEBUG: Committing session...
21:40:48 | [32mINFO[0m | app.utils.database | 🔧 DEBUG: Committing session...
2025-09-30 21:40:48 - app.utils.database - INFO - 🔧 DEBUG: Getting database session...
21:40:48 | [32mINFO[0m | app.utils.database | 🔧 DEBUG: Getting database session...
2025-09-30 21:40:48 - app.utils.database - INFO - ✅ Session committed successfully
21:40:48 | [32mINFO[0m | app.utils.database | ✅ Session committed successfully
2025-09-30 21:40:48 - app.utils.database - INFO - 🔧 DEBUG: Committing session...
21:40:48 | [32mINFO[0m | app.utils.database | 🔧 DEBUG: Committing session...
2025-09-30 21:40:48 - app.utils.database - INFO - ✅ Session committed successfully
2025-09-30 21:40:48 - app.utils.database - INFO - 🔧 DEBUG: Engine already exists, skipping creation
21:40:48 | [32mINFO[0m | app.utils.database | ✅ Session committed successfully
21:40:48 | [32mINFO[0m | app.utils.database | 🔧 DEBUG: Engine already exists, skipping creation
2025-09-30 21:40:48 - app.utils.database - INFO - 🔧 DEBUG: Closing session...
2025-09-30 21:40:48 - app.utils.database - INFO - ✅ Session committed successfully
2025-09-30 21:40:48 - app.utils.database - INFO - 🔧 DEBUG: Closing session...
2025-09-30 21:40:48 - app.utils.database - INFO - 🔧 DEBUG: Session created: 4629409904
21:40:48 | [32mINFO[0m | app.utils.database | 🔧 DEBUG: Closing session...
21:40:48 | [32mINFO[0m | app.utils.database | ✅ Session committed successfully
21:40:48 | [32mINFO[0m | app.utils.database | 🔧 DEBUG: Closing session...
21:40:48 | [32mINFO[0m | app.utils.database | 🔧 DEBUG: Session created: 4629409904
2025-09-30 21:40:48 - app.utils.database - INFO - ✅ Session closed
21:40:48 | [32mINFO[0m | app.utils.database | ✅ Session closed
2025-09-30 21:40:48 - app.utils.database - INFO - 🔧 DEBUG: Closing session...
21:40:48 | [32mINFO[0m | app.utils.database | 🔧 DEBUG: Closing session...
2025-09-30 21:40:48 - app.utils.database - INFO - ✅ Session closed
21:40:48 | [32mINFO[0m | app.utils.database | ✅ Session closed
2025-09-30 21:40:48 - app - INFO - Request completed
21:40:48 | [32mINFO[0m | app | Request completed
2025-09-30 21:40:48 - app.services.contact_service - INFO - Retrieved 1 contacts for user 1
21:40:48 | [32mINFO[0m | app.services.contact_service | Retrieved 1 contacts for user 1
2025-09-30 21:40:48 - app.utils.database - INFO - ✅ Session closed
21:40:48 | [32mINFO[0m | app.utils.database | ✅ Session closed
21:40:48 | [32mINFO[0m | middleware | Response sent
2025-09-30 21:40:48 - app - INFO - Request completed
21:40:48 | [32mINFO[0m | app | Request completed
2025-09-30 21:40:48 - app.utils.database - INFO - 🔧 DEBUG: Committing session...
21:40:48 | [32mINFO[0m | app.utils.database | 🔧 DEBUG: Committing session...
2025-09-30 21:40:48 - app.utils.database - INFO - 🔧 DEBUG: Getting database session...
21:40:48 | [32mINFO[0m | app.utils.database | 🔧 DEBUG: Getting database session...
21:40:48 | [32mINFO[0m | werkzeug | 127.0.0.1 - - [30/Sep/2025 21:40:48] "GET /api/contacts/ HTTP/1.1" 200 -
21:40:48 | [32mINFO[0m | middleware | Response sent
2025-09-30 21:40:48 - app.utils.database - INFO - ✅ Session committed successfully
21:40:48 | [32mINFO[0m | app.utils.database | ✅ Session committed successfully
2025-09-30 21:40:48 - app.utils.database - INFO - 🔧 DEBUG: Engine already exists, skipping creation
21:40:48 | [32mINFO[0m | app.utils.database | 🔧 DEBUG: Engine already exists, skipping creation
21:40:48 | [32mINFO[0m | werkzeug | 127.0.0.1 - - [30/Sep/2025 21:40:48] "GET /api/contacts/ HTTP/1.1" 200 -
2025-09-30 21:40:48 - app.utils.database - INFO - 🔧 DEBUG: Closing session...
21:40:48 | [32mINFO[0m | app.utils.database | 🔧 DEBUG: Closing session...
2025-09-30 21:40:48 - app.utils.database - INFO - 🔧 DEBUG: Session created: 4629463632
21:40:48 | [32mINFO[0m | app.utils.database | 🔧 DEBUG: Session created: 4629463632
2025-09-30 21:40:48 - app.utils.database - INFO - ✅ Session closed
21:40:48 | [32mINFO[0m | app.utils.database | ✅ Session closed
2025-09-30 21:40:48 - app.services.contact_service - INFO - Retrieved 1 contacts for user 1
21:40:48 | [32mINFO[0m | app.services.contact_service | Retrieved 1 contacts for user 1
2025-09-30 21:40:48 - app - INFO - Request completed
21:40:48 | [32mINFO[0m | app | Request completed
2025-09-30 21:40:48 - app.utils.database - INFO - 🔧 DEBUG: Committing session...
21:40:48 | [32mINFO[0m | app.utils.database | 🔧 DEBUG: Committing session...
21:40:48 | [32mINFO[0m | middleware | Response sent
21:40:48 | [32mINFO[0m | werkzeug | 127.0.0.1 - - [30/Sep/2025 21:40:48] "GET /api/contacts/ HTTP/1.1" 200 -
2025-09-30 21:40:48 - app.utils.database - INFO - ✅ Session committed successfully
21:40:48 | [32mINFO[0m | app.utils.database | ✅ Session committed successfully
2025-09-30 21:40:48 - app.utils.database - INFO - 🔧 DEBUG: Closing session...
21:40:48 | [32mINFO[0m | app.utils.database | 🔧 DEBUG: Closing session...
2025-09-30 21:40:48 - app.utils.database - INFO - ✅ Session closed
21:40:48 | [32mINFO[0m | app.utils.database | ✅ Session closed
2025-09-30 21:40:48 - app - INFO - Request completed
21:40:48 | [32mINFO[0m | app | Request completed
21:40:48 | [32mINFO[0m | middleware | Response sent
21:40:48 | [32mINFO[0m | werkzeug | 127.0.0.1 - - [30/Sep/2025 21:40:48] "GET /api/contacts/ HTTP/1.1" 200 -
21:42:22 | [32mINFO[0m | middleware | Request received
2025-09-30 21:42:22 - app - INFO - Request started
21:42:22 | [32mINFO[0m | app | Request started
2025-09-30 21:42:22 - app.utils.database - INFO - 🔧 DEBUG: Database URL resolved: sqlite:////Users/benedictleong/Library/Mobile Docu...
21:42:22 | [32mINFO[0m | app.utils.database | 🔧 DEBUG: Database URL resolved: sqlite:////Users/benedictleong/Library/Mobile Docu...
2025-09-30 21:42:22 - app.utils.database - INFO - 🔧 DEBUG: Getting database session...
21:42:22 | [32mINFO[0m | app.utils.database | 🔧 DEBUG: Getting database session...
2025-09-30 21:42:22 - app.utils.database - INFO - 🔧 DEBUG: Creating database engine...
21:42:22 | [32mINFO[0m | app.utils.database | 🔧 DEBUG: Creating database engine...
2025-09-30 21:42:22 - app.utils.database - INFO - 🔧 DEBUG: Original URL: sqlite:////Users/benedictleong/Library/Mobile Documents/com~apple~CloudDocs/2. Archive/2. Pet Projects /Spiderman-v3-main/kith-platform/local_kith_platform.db
21:42:22 | [32mINFO[0m | app.utils.database | 🔧 DEBUG: Original URL: sqlite:////Users/benedictleong/Library/Mobile Documents/com~apple~CloudDocs/2. Archive/2. Pet Projects /Spiderman-v3-main/kith-platform/local_kith_platform.db
2025-09-30 21:42:22 - app.utils.database - INFO - 🔧 DEBUG: Creating engine with URL: sqlite:////Users/benedictleong/Library/Mobile Docu...
21:42:22 | [32mINFO[0m | app.utils.database | 🔧 DEBUG: Creating engine with URL: sqlite:////Users/benedictleong/Library/Mobile Docu...
2025-09-30 21:42:22 - app.utils.database - INFO - 🔧 DEBUG: Testing database connection...
21:42:22 | [32mINFO[0m | app.utils.database | 🔧 DEBUG: Testing database connection...
2025-09-30 21:42:22 - app.utils.database - INFO - 🔧 DEBUG: Connection test successful, result: (1,)
21:42:22 | [32mINFO[0m | app.utils.database | 🔧 DEBUG: Connection test successful, result: (1,)
2025-09-30 21:42:22 - app.utils.database - INFO - ✅ Database connection successful
21:42:22 | [32mINFO[0m | app.utils.database | ✅ Database connection successful
2025-09-30 21:42:22 - app.utils.database - INFO - 🔧 DEBUG: Creating/verifying database tables...
21:42:22 | [32mINFO[0m | app.utils.database | 🔧 DEBUG: Creating/verifying database tables...
2025-09-30 21:42:22 - app.utils.database - INFO - ✅ Database tables created/verified
21:42:22 | [32mINFO[0m | app.utils.database | ✅ Database tables created/verified
2025-09-30 21:42:22 - app.utils.database - INFO - 🔧 DEBUG: Session created: 4627844112
21:42:22 | [32mINFO[0m | app.utils.database | 🔧 DEBUG: Session created: 4627844112
2025-09-30 21:42:22 - app.utils.database - INFO - 🔧 DEBUG: Committing session...
21:42:22 | [32mINFO[0m | app.utils.database | 🔧 DEBUG: Committing session...
2025-09-30 21:42:22 - app.utils.database - INFO - ✅ Session committed successfully
21:42:22 | [32mINFO[0m | app.utils.database | ✅ Session committed successfully
2025-09-30 21:42:22 - app.utils.database - INFO - 🔧 DEBUG: Closing session...
21:42:22 | [32mINFO[0m | app.utils.database | 🔧 DEBUG: Closing session...
2025-09-30 21:42:22 - app.utils.database - INFO - ✅ Session closed
21:42:22 | [32mINFO[0m | app.utils.database | ✅ Session closed
2025-09-30 21:42:22 - app.utils.database - INFO - 🔧 DEBUG: Getting database session...
21:42:22 | [32mINFO[0m | app.utils.database | 🔧 DEBUG: Getting database session...
2025-09-30 21:42:22 - app.utils.database - INFO - 🔧 DEBUG: Engine already exists, skipping creation
21:42:22 | [32mINFO[0m | app.utils.database | 🔧 DEBUG: Engine already exists, skipping creation
2025-09-30 21:42:22 - app.utils.database - INFO - 🔧 DEBUG: Session created: 4629524432
21:42:22 | [32mINFO[0m | app.utils.database | 🔧 DEBUG: Session created: 4629524432
2025-09-30 21:42:22 - app.services.contact_service - INFO - Retrieved 1 contacts for user 1
21:42:22 | [32mINFO[0m | app.services.contact_service | Retrieved 1 contacts for user 1
2025-09-30 21:42:22 - app.utils.database - INFO - 🔧 DEBUG: Committing session...
21:42:22 | [32mINFO[0m | app.utils.database | 🔧 DEBUG: Committing session...
2025-09-30 21:42:22 - app.utils.database - INFO - ✅ Session committed successfully
21:42:22 | [32mINFO[0m | app.utils.database | ✅ Session committed successfully
2025-09-30 21:42:22 - app.utils.database - INFO - 🔧 DEBUG: Closing session...
21:42:22 | [32mINFO[0m | app.utils.database | 🔧 DEBUG: Closing session...
2025-09-30 21:42:22 - app.utils.database - INFO - ✅ Session closed
21:42:22 | [32mINFO[0m | app.utils.database | ✅ Session closed
2025-09-30 21:42:22 - app - INFO - Request completed
21:42:22 | [32mINFO[0m | app | Request completed
21:42:22 | [32mINFO[0m | middleware | Response sent
21:42:22 | [32mINFO[0m | werkzeug | 127.0.0.1 - - [30/Sep/2025 21:42:22] "GET /api/contacts/ HTTP/1.1" 200 -
21:42:24 | [32mINFO[0m | middleware | Request received
2025-09-30 21:42:24 - app - INFO - Request started
21:42:24 | [32mINFO[0m | app | Request started
2025-09-30 21:42:24 - app - ERROR - Unhandled exception
21:42:24 | [31mERROR[0m | app | Unhandled exception
2025-09-30 21:42:24 - app - INFO - Request completed
21:42:24 | [32mINFO[0m | app | Request completed
21:42:24 | [32mINFO[0m | middleware | Response sent
21:42:24 | [32mINFO[0m | werkzeug | 127.0.0.1 - - [30/Sep/2025 21:42:24] "[35m[1mGET /api/graph-data?t=1759239744789 HTTP/1.1[0m" 500 -
21:42:31 | [32mINFO[0m | middleware | Request received
2025-09-30 21:42:31 - app - INFO - Request started
21:42:31 | [32mINFO[0m | app | Request started
2025-09-30 21:42:31 - app - ERROR - Unhandled exception
21:42:31 | [31mERROR[0m | app | Unhandled exception
2025-09-30 21:42:31 - app - INFO - Request completed
21:42:31 | [32mINFO[0m | app | Request completed
21:42:31 | [32mINFO[0m | middleware | Response sent
21:42:31 | [32mINFO[0m | werkzeug | 127.0.0.1 - - [30/Sep/2025 21:42:31] "[35m[1mGET /api/graph-data?t=1759239751389 HTTP/1.1[0m" 500 -
21:45:31 | [32mINFO[0m | middleware | Request received
2025-09-30 21:45:31 - app - INFO - Request started
21:45:31 | [32mINFO[0m | app | Request started
2025-09-30 21:45:31 - app.utils.database - INFO - 🔧 DEBUG: Database URL resolved: sqlite:////Users/benedictleong/Library/Mobile Docu...
21:45:31 | [32mINFO[0m | app.utils.database | 🔧 DEBUG: Database URL resolved: sqlite:////Users/benedictleong/Library/Mobile Docu...
2025-09-30 21:45:31 - app.utils.database - INFO - 🔧 DEBUG: Getting database session...
21:45:31 | [32mINFO[0m | app.utils.database | 🔧 DEBUG: Getting database session...
2025-09-30 21:45:31 - app.utils.database - INFO - 🔧 DEBUG: Creating database engine...
21:45:31 | [32mINFO[0m | app.utils.database | 🔧 DEBUG: Creating database engine...
2025-09-30 21:45:31 - app.utils.database - INFO - 🔧 DEBUG: Original URL: sqlite:////Users/benedictleong/Library/Mobile Documents/com~apple~CloudDocs/2. Archive/2. Pet Projects /Spiderman-v3-main/kith-platform/local_kith_platform.db
21:45:31 | [32mINFO[0m | app.utils.database | 🔧 DEBUG: Original URL: sqlite:////Users/benedictleong/Library/Mobile Documents/com~apple~CloudDocs/2. Archive/2. Pet Projects /Spiderman-v3-main/kith-platform/local_kith_platform.db
2025-09-30 21:45:31 - app.utils.database - INFO - 🔧 DEBUG: Creating engine with URL: sqlite:////Users/benedictleong/Library/Mobile Docu...
21:45:31 | [32mINFO[0m | app.utils.database | 🔧 DEBUG: Creating engine with URL: sqlite:////Users/benedictleong/Library/Mobile Docu...
2025-09-30 21:45:31 - app.utils.database - INFO - 🔧 DEBUG: Testing database connection...
21:45:31 | [32mINFO[0m | app.utils.database | 🔧 DEBUG: Testing database connection...
2025-09-30 21:45:31 - app.utils.database - INFO - 🔧 DEBUG: Connection test successful, result: (1,)
21:45:31 | [32mINFO[0m | app.utils.database | 🔧 DEBUG: Connection test successful, result: (1,)
2025-09-30 21:45:31 - app.utils.database - INFO - ✅ Database connection successful
21:45:31 | [32mINFO[0m | app.utils.database | ✅ Database connection successful
2025-09-30 21:45:31 - app.utils.database - INFO - 🔧 DEBUG: Creating/verifying database tables...
21:45:31 | [32mINFO[0m | app.utils.database | 🔧 DEBUG: Creating/verifying database tables...
2025-09-30 21:45:31 - app.utils.database - INFO - ✅ Database tables created/verified
21:45:31 | [32mINFO[0m | app.utils.database | ✅ Database tables created/verified
2025-09-30 21:45:31 - app.utils.database - INFO - 🔧 DEBUG: Session created: 4627844112
21:45:31 | [32mINFO[0m | app.utils.database | 🔧 DEBUG: Session created: 4627844112
2025-09-30 21:45:31 - app.utils.database - INFO - 🔧 DEBUG: Committing session...
21:45:31 | [32mINFO[0m | app.utils.database | 🔧 DEBUG: Committing session...
2025-09-30 21:45:31 - app.utils.database - INFO - ✅ Session committed successfully
21:45:31 | [32mINFO[0m | app.utils.database | ✅ Session committed successfully
2025-09-30 21:45:31 - app.utils.database - INFO - 🔧 DEBUG: Closing session...
21:45:31 | [32mINFO[0m | app.utils.database | 🔧 DEBUG: Closing session...
2025-09-30 21:45:31 - app.utils.database - INFO - ✅ Session closed
21:45:31 | [32mINFO[0m | app.utils.database | ✅ Session closed
21:45:31 | [32mINFO[0m | root | Authenticated user 1 accessing main page
2025-09-30 21:45:31 - app - INFO - Request completed
21:45:31 | [32mINFO[0m | app | Request completed
21:45:31 | [32mINFO[0m | middleware | Response sent
21:45:31 | [32mINFO[0m | werkzeug | 127.0.0.1 - - [30/Sep/2025 21:45:31] "GET / HTTP/1.1" 200 -
21:45:31 | [32mINFO[0m | middleware | Request received
2025-09-30 21:45:31 - app - INFO - Request started
21:45:31 | [32mINFO[0m | app | Request started
2025-09-30 21:45:31 - app - INFO - Request completed
21:45:31 | [32mINFO[0m | app | Request completed
21:45:31 | [32mINFO[0m | middleware | Response sent
21:45:31 | [32mINFO[0m | werkzeug | 127.0.0.1 - - [30/Sep/2025 21:45:31] "[36mGET /static/style.css HTTP/1.1[0m" 304 -
21:45:31 | [32mINFO[0m | middleware | Request received
2025-09-30 21:45:31 - app - INFO - Request started
21:45:31 | [32mINFO[0m | app | Request started
2025-09-30 21:45:31 - app - INFO - Request completed
21:45:31 | [32mINFO[0m | app | Request completed
21:45:31 | [32mINFO[0m | middleware | Response sent
21:45:31 | [32mINFO[0m | middleware | Request received
21:45:31 | [32mINFO[0m | middleware | Request received
21:45:31 | [32mINFO[0m | middleware | Request received
21:45:31 | [32mINFO[0m | werkzeug | 127.0.0.1 - - [30/Sep/2025 21:45:31] "[36mGET /static/js/cache-manager.js HTTP/1.1[0m" 304 -
21:45:31 | [32mINFO[0m | middleware | Request received
2025-09-30 21:45:31 - app - INFO - Request started
2025-09-30 21:45:31 - app - INFO - Request started
2025-09-30 21:45:31 - app - INFO - Request started
21:45:31 | [32mINFO[0m | middleware | Request received
21:45:31 | [32mINFO[0m | app | Request started
21:45:31 | [32mINFO[0m | app | Request started
21:45:31 | [32mINFO[0m | app | Request started
2025-09-30 21:45:31 - app - INFO - Request started
21:45:31 | [32mINFO[0m | app | Request started
2025-09-30 21:45:31 - app - INFO - Request started
21:45:31 | [32mINFO[0m | app | Request started
2025-09-30 21:45:31 - app - INFO - Request completed
21:45:31 | [32mINFO[0m | app | Request completed
2025-09-30 21:45:31 - app - INFO - Request completed
21:45:31 | [32mINFO[0m | app | Request completed
21:45:31 | [32mINFO[0m | middleware | Request received
21:45:31 | [32mINFO[0m | middleware | Response sent
2025-09-30 21:45:31 - app - INFO - Request completed
21:45:31 | [32mINFO[0m | app | Request completed
2025-09-30 21:45:31 - app - INFO - Request completed
21:45:31 | [32mINFO[0m | app | Request completed
21:45:31 | [32mINFO[0m | middleware | Response sent
2025-09-30 21:45:31 - app - INFO - Request completed
21:45:31 | [32mINFO[0m | app | Request completed
2025-09-30 21:45:31 - app - INFO - Request started
21:45:31 | [32mINFO[0m | app | Request started
21:45:31 | [32mINFO[0m | werkzeug | 127.0.0.1 - - [30/Sep/2025 21:45:31] "[36mGET /static/js/debounced-search.js HTTP/1.1[0m" 304 -
21:45:31 | [32mINFO[0m | middleware | Response sent
21:45:31 | [32mINFO[0m | middleware | Response sent
21:45:31 | [32mINFO[0m | werkzeug | 127.0.0.1 - - [30/Sep/2025 21:45:31] "[36mGET /static/js/prefetch-manager.js HTTP/1.1[0m" 304 -
21:45:31 | [32mINFO[0m | middleware | Response sent
21:45:31 | [32mINFO[0m | werkzeug | 127.0.0.1 - - [30/Sep/2025 21:45:31] "[36mGET /static/js/tag-management.js HTTP/1.1[0m" 304 -
2025-09-30 21:45:31 - app - INFO - Request completed
21:45:31 | [32mINFO[0m | app | Request completed
21:45:31 | [32mINFO[0m | werkzeug | 127.0.0.1 - - [30/Sep/2025 21:45:31] "[36mGET /static/js/main.js HTTP/1.1[0m" 304 -
21:45:31 | [32mINFO[0m | werkzeug | 127.0.0.1 - - [30/Sep/2025 21:45:31] "[36mGET /static/js/lazy-loader.js HTTP/1.1[0m" 304 -
21:45:31 | [32mINFO[0m | middleware | Response sent
21:45:31 | [32mINFO[0m | middleware | Request received
21:45:31 | [32mINFO[0m | werkzeug | 127.0.0.1 - - [30/Sep/2025 21:45:31] "[36mGET /static/js/contacts.js HTTP/1.1[0m" 304 -
2025-09-30 21:45:31 - app - INFO - Request started
21:45:31 | [32mINFO[0m | app | Request started
2025-09-30 21:45:31 - app - INFO - Request completed
21:45:31 | [32mINFO[0m | app | Request completed
21:45:31 | [32mINFO[0m | middleware | Response sent
21:45:31 | [32mINFO[0m | werkzeug | 127.0.0.1 - - [30/Sep/2025 21:45:31] "[36mGET /static/js/settings.js HTTP/1.1[0m" 304 -
21:45:31 | [32mINFO[0m | middleware | Request received
2025-09-30 21:45:31 - app - INFO - Request started
21:45:31 | [32mINFO[0m | app | Request started
21:45:31 | [32mINFO[0m | middleware | Request received
2025-09-30 21:45:31 - app - INFO - Request started
21:45:31 | [32mINFO[0m | app | Request started
2025-09-30 21:45:31 - app - INFO - Request completed
21:45:31 | [32mINFO[0m | app | Request completed
21:45:31 | [32mINFO[0m | middleware | Response sent
21:45:31 | [32mINFO[0m | werkzeug | 127.0.0.1 - - [30/Sep/2025 21:45:31] "[36mGET /static/js/relationship-graph.js HTTP/1.1[0m" 304 -
2025-09-30 21:45:31 - app - INFO - Request completed
21:45:31 | [32mINFO[0m | app | Request completed
21:45:31 | [32mINFO[0m | middleware | Response sent
21:45:31 | [32mINFO[0m | werkzeug | 127.0.0.1 - - [30/Sep/2025 21:45:31] "[36mGET /static/js/ui-enhancements.js HTTP/1.1[0m" 304 -
21:45:32 | [32mINFO[0m | middleware | Request received
21:45:32 | [32mINFO[0m | middleware | Request received
21:45:32 | [32mINFO[0m | middleware | Request received
2025-09-30 21:45:32 - app - INFO - Request started
21:45:32 | [32mINFO[0m | app | Request started
2025-09-30 21:45:32 - app - INFO - Request started
21:45:32 | [32mINFO[0m | middleware | Request received
2025-09-30 21:45:32 - app - INFO - Request started
21:45:32 | [32mINFO[0m | app | Request started
21:45:32 | [32mINFO[0m | app | Request started
2025-09-30 21:45:32 - app.utils.database - INFO - 🔧 DEBUG: Database URL resolved: sqlite:////Users/benedictleong/Library/Mobile Docu...
2025-09-30 21:45:32 - app - INFO - Request started
21:45:32 | [32mINFO[0m | middleware | Request received
21:45:32 | [32mINFO[0m | app.utils.database | 🔧 DEBUG: Database URL resolved: sqlite:////Users/benedictleong/Library/Mobile Docu...
2025-09-30 21:45:32 - app - ERROR - Unhandled exception
21:45:32 | [32mINFO[0m | middleware | Request received
2025-09-30 21:45:32 - app.utils.database - INFO - 🔧 DEBUG: Database URL resolved: sqlite:////Users/benedictleong/Library/Mobile Docu...
21:45:32 | [32mINFO[0m | app | Request started
2025-09-30 21:45:32 - app - INFO - Request started
21:45:32 | [31mERROR[0m | app | Unhandled exception
2025-09-30 21:45:32 - app.utils.database - INFO - 🔧 DEBUG: Getting database session...
21:45:32 | [32mINFO[0m | app.utils.database | 🔧 DEBUG: Database URL resolved: sqlite:////Users/benedictleong/Library/Mobile Docu...
21:45:32 | [32mINFO[0m | app | Request started
21:45:32 | [32mINFO[0m | app.utils.database | 🔧 DEBUG: Getting database session...
2025-09-30 21:45:32 - app - INFO - Request started
21:45:32 | [32mINFO[0m | app | Request started
2025-09-30 21:45:32 - app - INFO - Request completed
21:45:32 | [32mINFO[0m | app | Request completed
2025-09-30 21:45:32 - app.utils.database - INFO - 🔧 DEBUG: Getting database session...
21:45:32 | [32mINFO[0m | app.utils.database | 🔧 DEBUG: Getting database session...
2025-09-30 21:45:32 - app - ERROR - Unhandled exception
21:45:32 | [32mINFO[0m | middleware | Response sent
21:45:32 | [31mERROR[0m | app | Unhandled exception
2025-09-30 21:45:32 - app - INFO - Request completed
21:45:32 | [32mINFO[0m | app | Request completed
2025-09-30 21:45:32 - app.utils.database - INFO - 🔧 DEBUG: Creating database engine...
21:45:32 | [32mINFO[0m | werkzeug | 127.0.0.1 - - [30/Sep/2025 21:45:32] "[35m[1mGET /api/tags HTTP/1.1[0m" 500 -
2025-09-30 21:45:32 - app - INFO - Request completed
21:45:32 | [32mINFO[0m | app.utils.database | 🔧 DEBUG: Creating database engine...
2025-09-30 21:45:32 - app.utils.database - INFO - 🔧 DEBUG: Creating database engine...
21:45:32 | [32mINFO[0m | app | Request completed
2025-09-30 21:45:32 - app - INFO - Request completed
21:45:32 | [32mINFO[0m | app.utils.database | 🔧 DEBUG: Creating database engine...
21:45:32 | [32mINFO[0m | middleware | Response sent
21:45:32 | [32mINFO[0m | app | Request completed
2025-09-30 21:45:32 - app.utils.database - INFO - 🔧 DEBUG: Original URL: sqlite:////Users/benedictleong/Library/Mobile Documents/com~apple~CloudDocs/2. Archive/2. Pet Projects /Spiderman-v3-main/kith-platform/local_kith_platform.db
21:45:32 | [32mINFO[0m | middleware | Response sent
21:45:32 | [32mINFO[0m | app.utils.database | 🔧 DEBUG: Original URL: sqlite:////Users/benedictleong/Library/Mobile Documents/com~apple~CloudDocs/2. Archive/2. Pet Projects /Spiderman-v3-main/kith-platform/local_kith_platform.db
2025-09-30 21:45:32 - app.utils.database - INFO - 🔧 DEBUG: Original URL: sqlite:////Users/benedictleong/Library/Mobile Documents/com~apple~CloudDocs/2. Archive/2. Pet Projects /Spiderman-v3-main/kith-platform/local_kith_platform.db
21:45:32 | [32mINFO[0m | werkzeug | 127.0.0.1 - - [30/Sep/2025 21:45:32] "[32mGET /api/contacts HTTP/1.1[0m" 308 -
21:45:32 | [32mINFO[0m | app.utils.database | 🔧 DEBUG: Original URL: sqlite:////Users/benedictleong/Library/Mobile Documents/com~apple~CloudDocs/2. Archive/2. Pet Projects /Spiderman-v3-main/kith-platform/local_kith_platform.db
21:45:32 | [32mINFO[0m | middleware | Response sent
21:45:32 | [32mINFO[0m | werkzeug | 127.0.0.1 - - [30/Sep/2025 21:45:32] "[32mGET /api/contacts HTTP/1.1[0m" 308 -
21:45:32 | [32mINFO[0m | middleware | Request received
2025-09-30 21:45:32 - app.utils.database - INFO - 🔧 DEBUG: Creating engine with URL: sqlite:////Users/benedictleong/Library/Mobile Docu...
21:45:32 | [32mINFO[0m | app.utils.database | 🔧 DEBUG: Creating engine with URL: sqlite:////Users/benedictleong/Library/Mobile Docu...
2025-09-30 21:45:32 - app.utils.database - INFO - 🔧 DEBUG: Creating engine with URL: sqlite:////Users/benedictleong/Library/Mobile Docu...
21:45:32 | [32mINFO[0m | werkzeug | 127.0.0.1 - - [30/Sep/2025 21:45:32] "[35m[1mGET /api/telegram/status HTTP/1.1[0m" 500 -
21:45:32 | [32mINFO[0m | app.utils.database | 🔧 DEBUG: Creating engine with URL: sqlite:////Users/benedictleong/Library/Mobile Docu...
2025-09-30 21:45:32 - app - INFO - Request started
21:45:32 | [32mINFO[0m | app | Request started
2025-09-30 21:45:32 - app.utils.database - INFO - 🔧 DEBUG: Testing database connection...
21:45:32 | [32mINFO[0m | app.utils.database | 🔧 DEBUG: Testing database connection...
2025-09-30 21:45:32 - app.utils.database - INFO - 🔧 DEBUG: Testing database connection...
21:45:32 | [32mINFO[0m | middleware | Request received
2025-09-30 21:45:32 - app.utils.database - INFO - 🔧 DEBUG: Database URL resolved: sqlite:////Users/benedictleong/Library/Mobile Docu...
21:45:32 | [32mINFO[0m | middleware | Request received
21:45:32 | [32mINFO[0m | app.utils.database | 🔧 DEBUG: Testing database connection...
21:45:32 | [32mINFO[0m | app.utils.database | 🔧 DEBUG: Database URL resolved: sqlite:////Users/benedictleong/Library/Mobile Docu...
21:45:32 | [32mINFO[0m | middleware | Request received
2025-09-30 21:45:32 - app - INFO - Request started
2025-09-30 21:45:32 - app.utils.database - INFO - 🔧 DEBUG: Getting database session...
21:45:32 | [32mINFO[0m | app | Request started
21:45:32 | [32mINFO[0m | app.utils.database | 🔧 DEBUG: Getting database session...
2025-09-30 21:45:32 - app - INFO - Request started
21:45:32 | [32mINFO[0m | app | Request started
2025-09-30 21:45:32 - app.utils.database - INFO - 🔧 DEBUG: Connection test successful, result: (1,)
21:45:32 | [32mINFO[0m | app.utils.database | 🔧 DEBUG: Connection test successful, result: (1,)
2025-09-30 21:45:32 - app - INFO - Request started
21:45:32 | [32mINFO[0m | app | Request started
2025-09-30 21:45:32 - app.utils.database - INFO - 🔧 DEBUG: Connection test successful, result: (1,)
21:45:32 | [32mINFO[0m | app.utils.database | 🔧 DEBUG: Connection test successful, result: (1,)
2025-09-30 21:45:32 - app.utils.database - INFO - 🔧 DEBUG: Database URL resolved: sqlite:////Users/benedictleong/Library/Mobile Docu...
21:45:32 | [32mINFO[0m | app.utils.database | 🔧 DEBUG: Database URL resolved: sqlite:////Users/benedictleong/Library/Mobile Docu...
2025-09-30 21:45:32 - app.utils.database - INFO - 🔧 DEBUG: Creating database engine...
21:45:32 | [32mINFO[0m | app.utils.database | 🔧 DEBUG: Creating database engine...
2025-09-30 21:45:32 - app.utils.database - INFO - 🔧 DEBUG: Database URL resolved: sqlite:////Users/benedictleong/Library/Mobile Docu...
21:45:32 | [32mINFO[0m | app.utils.database | 🔧 DEBUG: Database URL resolved: sqlite:////Users/benedictleong/Library/Mobile Docu...
2025-09-30 21:45:32 - app.utils.database - INFO - ✅ Database connection successful
21:45:32 | [32mINFO[0m | app.utils.database | ✅ Database connection successful
2025-09-30 21:45:32 - app.utils.database - INFO - 🔧 DEBUG: Database URL resolved: sqlite:////Users/benedictleong/Library/Mobile Docu...
21:45:32 | [32mINFO[0m | app.utils.database | 🔧 DEBUG: Database URL resolved: sqlite:////Users/benedictleong/Library/Mobile Docu...
2025-09-30 21:45:32 - app.utils.database - INFO - ✅ Database connection successful
21:45:32 | [32mINFO[0m | app.utils.database | ✅ Database connection successful
2025-09-30 21:45:32 - app.utils.database - INFO - 🔧 DEBUG: Getting database session...
21:45:32 | [32mINFO[0m | app.utils.database | 🔧 DEBUG: Getting database session...
2025-09-30 21:45:32 - app.utils.database - INFO - 🔧 DEBUG: Original URL: sqlite:////Users/benedictleong/Library/Mobile Documents/com~apple~CloudDocs/2. Archive/2. Pet Projects /Spiderman-v3-main/kith-platform/local_kith_platform.db
21:45:32 | [32mINFO[0m | app.utils.database | 🔧 DEBUG: Original URL: sqlite:////Users/benedictleong/Library/Mobile Documents/com~apple~CloudDocs/2. Archive/2. Pet Projects /Spiderman-v3-main/kith-platform/local_kith_platform.db
2025-09-30 21:45:32 - app.utils.database - INFO - 🔧 DEBUG: Getting database session...
21:45:32 | [32mINFO[0m | app.utils.database | 🔧 DEBUG: Getting database session...
2025-09-30 21:45:32 - app.utils.database - INFO - 🔧 DEBUG: Creating/verifying database tables...
21:45:32 | [32mINFO[0m | app.utils.database | 🔧 DEBUG: Creating/verifying database tables...
2025-09-30 21:45:32 - app.utils.database - INFO - 🔧 DEBUG: Getting database session...
21:45:32 | [32mINFO[0m | app.utils.database | 🔧 DEBUG: Getting database session...
2025-09-30 21:45:32 - app.utils.database - INFO - 🔧 DEBUG: Creating/verifying database tables...
21:45:32 | [32mINFO[0m | app.utils.database | 🔧 DEBUG: Creating/verifying database tables...
2025-09-30 21:45:32 - app.utils.database - INFO - 🔧 DEBUG: Creating database engine...
21:45:32 | [32mINFO[0m | app.utils.database | 🔧 DEBUG: Creating database engine...
2025-09-30 21:45:32 - app.utils.database - INFO - 🔧 DEBUG: Creating engine with URL: sqlite:////Users/benedictleong/Library/Mobile Docu...
21:45:32 | [32mINFO[0m | app.utils.database | 🔧 DEBUG: Creating engine with URL: sqlite:////Users/benedictleong/Library/Mobile Docu...
2025-09-30 21:45:32 - app.utils.database - INFO - 🔧 DEBUG: Creating database engine...
21:45:32 | [32mINFO[0m | app.utils.database | 🔧 DEBUG: Creating database engine...
2025-09-30 21:45:32 - app.utils.database - INFO - 🔧 DEBUG: Creating database engine...
21:45:32 | [32mINFO[0m | app.utils.database | 🔧 DEBUG: Creating database engine...
2025-09-30 21:45:32 - app.utils.database - INFO - 🔧 DEBUG: Original URL: sqlite:////Users/benedictleong/Library/Mobile Documents/com~apple~CloudDocs/2. Archive/2. Pet Projects /Spiderman-v3-main/kith-platform/local_kith_platform.db
21:45:32 | [32mINFO[0m | app.utils.database | 🔧 DEBUG: Original URL: sqlite:////Users/benedictleong/Library/Mobile Documents/com~apple~CloudDocs/2. Archive/2. Pet Projects /Spiderman-v3-main/kith-platform/local_kith_platform.db
2025-09-30 21:45:32 - app.utils.database - INFO - 🔧 DEBUG: Testing database connection...
21:45:32 | [32mINFO[0m | app.utils.database | 🔧 DEBUG: Testing database connection...
2025-09-30 21:45:32 - app.utils.database - INFO - 🔧 DEBUG: Original URL: sqlite:////Users/benedictleong/Library/Mobile Documents/com~apple~CloudDocs/2. Archive/2. Pet Projects /Spiderman-v3-main/kith-platform/local_kith_platform.db
21:45:32 | [32mINFO[0m | app.utils.database | 🔧 DEBUG: Original URL: sqlite:////Users/benedictleong/Library/Mobile Documents/com~apple~CloudDocs/2. Archive/2. Pet Projects /Spiderman-v3-main/kith-platform/local_kith_platform.db
2025-09-30 21:45:32 - app.utils.database - INFO - 🔧 DEBUG: Original URL: sqlite:////Users/benedictleong/Library/Mobile Documents/com~apple~CloudDocs/2. Archive/2. Pet Projects /Spiderman-v3-main/kith-platform/local_kith_platform.db
21:45:32 | [32mINFO[0m | app.utils.database | 🔧 DEBUG: Original URL: sqlite:////Users/benedictleong/Library/Mobile Documents/com~apple~CloudDocs/2. Archive/2. Pet Projects /Spiderman-v3-main/kith-platform/local_kith_platform.db
2025-09-30 21:45:32 - app.utils.database - INFO - 🔧 DEBUG: Creating engine with URL: sqlite:////Users/benedictleong/Library/Mobile Docu...
21:45:32 | [32mINFO[0m | app.utils.database | 🔧 DEBUG: Creating engine with URL: sqlite:////Users/benedictleong/Library/Mobile Docu...
2025-09-30 21:45:32 - app.utils.database - INFO - 🔧 DEBUG: Creating engine with URL: sqlite:////Users/benedictleong/Library/Mobile Docu...
21:45:32 | [32mINFO[0m | app.utils.database | 🔧 DEBUG: Creating engine with URL: sqlite:////Users/benedictleong/Library/Mobile Docu...
2025-09-30 21:45:32 - app.utils.database - INFO - 🔧 DEBUG: Creating engine with URL: sqlite:////Users/benedictleong/Library/Mobile Docu...
21:45:32 | [32mINFO[0m | app.utils.database | 🔧 DEBUG: Creating engine with URL: sqlite:////Users/benedictleong/Library/Mobile Docu...
2025-09-30 21:45:32 - app.utils.database - INFO - 🔧 DEBUG: Testing database connection...
21:45:32 | [32mINFO[0m | app.utils.database | 🔧 DEBUG: Testing database connection...
2025-09-30 21:45:32 - app.utils.database - INFO - 🔧 DEBUG: Testing database connection...
21:45:32 | [32mINFO[0m | app.utils.database | 🔧 DEBUG: Testing database connection...
2025-09-30 21:45:32 - app.utils.database - INFO - 🔧 DEBUG: Testing database connection...
21:45:32 | [32mINFO[0m | app.utils.database | 🔧 DEBUG: Testing database connection...
2025-09-30 21:45:32 - app.utils.database - INFO - 🔧 DEBUG: Connection test successful, result: (1,)
21:45:32 | [32mINFO[0m | app.utils.database | 🔧 DEBUG: Connection test successful, result: (1,)
2025-09-30 21:45:32 - app.utils.database - INFO - 🔧 DEBUG: Connection test successful, result: (1,)
21:45:32 | [32mINFO[0m | app.utils.database | 🔧 DEBUG: Connection test successful, result: (1,)
2025-09-30 21:45:32 - app.utils.database - INFO - 🔧 DEBUG: Connection test successful, result: (1,)
21:45:32 | [32mINFO[0m | app.utils.database | 🔧 DEBUG: Connection test successful, result: (1,)
2025-09-30 21:45:32 - app.utils.database - INFO - ✅ Database connection successful
21:45:32 | [32mINFO[0m | app.utils.database | ✅ Database connection successful
2025-09-30 21:45:32 - app.utils.database - INFO - ✅ Database connection successful
21:45:32 | [32mINFO[0m | app.utils.database | ✅ Database connection successful
2025-09-30 21:45:32 - app.utils.database - INFO - ✅ Database connection successful
21:45:32 | [32mINFO[0m | app.utils.database | ✅ Database connection successful
2025-09-30 21:45:32 - app.utils.database - INFO - 🔧 DEBUG: Connection test successful, result: (1,)
21:45:32 | [32mINFO[0m | app.utils.database | 🔧 DEBUG: Connection test successful, result: (1,)
2025-09-30 21:45:32 - app.utils.database - INFO - 🔧 DEBUG: Creating/verifying database tables...
21:45:32 | [32mINFO[0m | app.utils.database | 🔧 DEBUG: Creating/verifying database tables...
2025-09-30 21:45:32 - app.utils.database - INFO - 🔧 DEBUG: Creating/verifying database tables...
21:45:32 | [32mINFO[0m | app.utils.database | 🔧 DEBUG: Creating/verifying database tables...
2025-09-30 21:45:32 - app.utils.database - INFO - 🔧 DEBUG: Creating/verifying database tables...
21:45:32 | [32mINFO[0m | app.utils.database | 🔧 DEBUG: Creating/verifying database tables...
2025-09-30 21:45:32 - app.utils.database - INFO - ✅ Database connection successful
21:45:32 | [32mINFO[0m | app.utils.database | ✅ Database connection successful
2025-09-30 21:45:32 - app.utils.database - INFO - 🔧 DEBUG: Creating/verifying database tables...
21:45:32 | [32mINFO[0m | app.utils.database | 🔧 DEBUG: Creating/verifying database tables...
2025-09-30 21:45:32 - app.utils.database - INFO - ✅ Database tables created/verified
21:45:32 | [32mINFO[0m | app.utils.database | ✅ Database tables created/verified
2025-09-30 21:45:32 - app.utils.database - INFO - 🔧 DEBUG: Session created: 4641696400
21:45:32 | [32mINFO[0m | app.utils.database | 🔧 DEBUG: Session created: 4641696400
2025-09-30 21:45:32 - app.utils.database - INFO - ✅ Database tables created/verified
21:45:32 | [32mINFO[0m | app.utils.database | ✅ Database tables created/verified
2025-09-30 21:45:32 - app.utils.database - INFO - 🔧 DEBUG: Session created: 4641669424
21:45:32 | [32mINFO[0m | app.utils.database | 🔧 DEBUG: Session created: 4641669424
2025-09-30 21:45:32 - app.utils.database - INFO - 🔧 DEBUG: Committing session...
21:45:32 | [32mINFO[0m | app.utils.database | 🔧 DEBUG: Committing session...
2025-09-30 21:45:32 - app.utils.database - INFO - ✅ Session committed successfully
21:45:32 | [32mINFO[0m | app.utils.database | ✅ Session committed successfully
2025-09-30 21:45:32 - app.utils.database - INFO - 🔧 DEBUG: Closing session...
21:45:32 | [32mINFO[0m | app.utils.database | 🔧 DEBUG: Closing session...
2025-09-30 21:45:32 - app.utils.database - INFO - ✅ Session closed
21:45:32 | [32mINFO[0m | app.utils.database | ✅ Session closed
2025-09-30 21:45:32 - app.utils.database - INFO - 🔧 DEBUG: Getting database session...
21:45:32 | [32mINFO[0m | app.utils.database | 🔧 DEBUG: Getting database session...
2025-09-30 21:45:32 - app.utils.database - INFO - 🔧 DEBUG: Engine already exists, skipping creation
21:45:32 | [32mINFO[0m | app.utils.database | 🔧 DEBUG: Engine already exists, skipping creation
2025-09-30 21:45:32 - app.utils.database - INFO - 🔧 DEBUG: Session created: 4641755040
21:45:32 | [32mINFO[0m | app.utils.database | 🔧 DEBUG: Session created: 4641755040
2025-09-30 21:45:32 - app.utils.database - INFO - 🔧 DEBUG: Committing session...
21:45:32 | [32mINFO[0m | app.utils.database | 🔧 DEBUG: Committing session...
2025-09-30 21:45:32 - app.utils.database - INFO - ✅ Session committed successfully
21:45:32 | [32mINFO[0m | app.utils.database | ✅ Session committed successfully
2025-09-30 21:45:32 - app.utils.database - INFO - 🔧 DEBUG: Closing session...
21:45:32 | [32mINFO[0m | app.utils.database | 🔧 DEBUG: Closing session...
2025-09-30 21:45:32 - app.utils.database - INFO - ✅ Session closed
21:45:32 | [32mINFO[0m | app.utils.database | ✅ Session closed
2025-09-30 21:45:32 - app.utils.database - INFO - 🔧 DEBUG: Getting database session...
21:45:32 | [32mINFO[0m | app.utils.database | 🔧 DEBUG: Getting database session...
2025-09-30 21:45:32 - app.utils.database - INFO - 🔧 DEBUG: Engine already exists, skipping creation
21:45:32 | [32mINFO[0m | app.utils.database | 🔧 DEBUG: Engine already exists, skipping creation
2025-09-30 21:45:32 - app.utils.database - INFO - 🔧 DEBUG: Session created: 4641697456
21:45:32 | [32mINFO[0m | app.utils.database | 🔧 DEBUG: Session created: 4641697456
2025-09-30 21:45:32 - app.services.contact_service - INFO - Retrieved 1 contacts for user 1
21:45:32 | [32mINFO[0m | app.services.contact_service | Retrieved 1 contacts for user 1
2025-09-30 21:45:32 - app.services.contact_service - INFO - Retrieved 1 contacts for user 1
21:45:32 | [32mINFO[0m | app.services.contact_service | Retrieved 1 contacts for user 1
2025-09-30 21:45:32 - app.utils.database - INFO - 🔧 DEBUG: Committing session...
21:45:32 | [32mINFO[0m | app.utils.database | 🔧 DEBUG: Committing session...
2025-09-30 21:45:32 - app.utils.database - INFO - 🔧 DEBUG: Committing session...
21:45:32 | [32mINFO[0m | app.utils.database | 🔧 DEBUG: Committing session...
2025-09-30 21:45:32 - app.utils.database - INFO - ✅ Session committed successfully
21:45:32 | [32mINFO[0m | app.utils.database | ✅ Session committed successfully
2025-09-30 21:45:32 - app.utils.database - INFO - ✅ Session committed successfully
21:45:32 | [32mINFO[0m | app.utils.database | ✅ Session committed successfully
2025-09-30 21:45:32 - app.utils.database - INFO - 🔧 DEBUG: Closing session...
21:45:32 | [32mINFO[0m | app.utils.database | 🔧 DEBUG: Closing session...
2025-09-30 21:45:32 - app.utils.database - INFO - 🔧 DEBUG: Closing session...
21:45:32 | [32mINFO[0m | app.utils.database | 🔧 DEBUG: Closing session...
2025-09-30 21:45:32 - app.utils.database - INFO - ✅ Session closed
21:45:32 | [32mINFO[0m | app.utils.database | ✅ Session closed
2025-09-30 21:45:32 - app.utils.database - INFO - ✅ Session closed
21:45:32 | [32mINFO[0m | app.utils.database | ✅ Session closed
2025-09-30 21:45:32 - app - INFO - Request completed
21:45:32 | [32mINFO[0m | app | Request completed
2025-09-30 21:45:32 - app - INFO - Request completed
21:45:32 | [32mINFO[0m | app | Request completed
21:45:32 | [32mINFO[0m | middleware | Response sent
21:45:32 | [32mINFO[0m | middleware | Response sent
21:45:32 | [32mINFO[0m | werkzeug | 127.0.0.1 - - [30/Sep/2025 21:45:32] "GET /api/contacts/?tier=2&_=1759239932066 HTTP/1.1" 200 -
21:45:32 | [32mINFO[0m | werkzeug | 127.0.0.1 - - [30/Sep/2025 21:45:32] "GET /api/contacts/?tier=1&_=1759239932066 HTTP/1.1" 200 -
21:45:32 | [32mINFO[0m | middleware | Request received
21:45:32 | [32mINFO[0m | middleware | Request received
2025-09-30 21:45:32 - app.utils.database - INFO - ✅ Database tables created/verified
21:45:32 | [32mINFO[0m | app.utils.database | ✅ Database tables created/verified
2025-09-30 21:45:32 - app.utils.database - INFO - ✅ Database tables created/verified
21:45:32 | [32mINFO[0m | app.utils.database | ✅ Database tables created/verified
2025-09-30 21:45:32 - app - INFO - Request started
21:45:32 | [32mINFO[0m | app | Request started
2025-09-30 21:45:32 - app - INFO - Request started
21:45:32 | [32mINFO[0m | app | Request started
2025-09-30 21:45:32 - app.utils.database - INFO - 🔧 DEBUG: Session created: 4641793504
21:45:32 | [32mINFO[0m | app.utils.database | 🔧 DEBUG: Session created: 4641793504
2025-09-30 21:45:32 - app.utils.database - INFO - 🔧 DEBUG: Session created: 4641793360
21:45:32 | [32mINFO[0m | app.utils.database | 🔧 DEBUG: Session created: 4641793360
2025-09-30 21:45:32 - app.utils.database - INFO - 🔧 DEBUG: Database URL resolved: sqlite:////Users/benedictleong/Library/Mobile Docu...
21:45:32 | [32mINFO[0m | app.utils.database | 🔧 DEBUG: Database URL resolved: sqlite:////Users/benedictleong/Library/Mobile Docu...
2025-09-30 21:45:32 - app.utils.database - INFO - ✅ Database tables created/verified
21:45:32 | [32mINFO[0m | app.utils.database | ✅ Database tables created/verified
2025-09-30 21:45:32 - app.utils.database - INFO - ✅ Database tables created/verified
21:45:32 | [32mINFO[0m | app.utils.database | ✅ Database tables created/verified
2025-09-30 21:45:32 - app - ERROR - Unhandled exception
21:45:32 | [31mERROR[0m | app | Unhandled exception
2025-09-30 21:45:32 - app.utils.database - INFO - 🔧 DEBUG: Getting database session...
21:45:32 | [32mINFO[0m | app.utils.database | 🔧 DEBUG: Getting database session...
2025-09-30 21:45:32 - app.utils.database - INFO - 🔧 DEBUG: Committing session...
21:45:32 | [32mINFO[0m | app.utils.database | 🔧 DEBUG: Committing session...
2025-09-30 21:45:32 - app.utils.database - INFO - 🔧 DEBUG: Session created: 4641793888
21:45:32 | [32mINFO[0m | app.utils.database | 🔧 DEBUG: Session created: 4641793888
2025-09-30 21:45:32 - app.utils.database - INFO - 🔧 DEBUG: Committing session...
21:45:32 | [32mINFO[0m | app.utils.database | 🔧 DEBUG: Committing session...
2025-09-30 21:45:32 - app.utils.database - INFO - 🔧 DEBUG: Session created: 4641792304
21:45:32 | [32mINFO[0m | app.utils.database | 🔧 DEBUG: Session created: 4641792304
2025-09-30 21:45:32 - app - INFO - Request completed
21:45:32 | [32mINFO[0m | app | Request completed
2025-09-30 21:45:32 - app.utils.database - INFO - 🔧 DEBUG: Creating database engine...
21:45:32 | [32mINFO[0m | app.utils.database | 🔧 DEBUG: Creating database engine...
2025-09-30 21:45:32 - app.utils.database - INFO - ✅ Session committed successfully
21:45:32 | [32mINFO[0m | app.utils.database | ✅ Session committed successfully
2025-09-30 21:45:32 - app.utils.database - INFO - ✅ Session committed successfully
21:45:32 | [32mINFO[0m | app.utils.database | ✅ Session committed successfully
2025-09-30 21:45:32 - app.utils.database - INFO - 🔧 DEBUG: Committing session...
21:45:32 | [32mINFO[0m | middleware | Response sent
2025-09-30 21:45:32 - app.utils.database - INFO - 🔧 DEBUG: Original URL: sqlite:////Users/benedictleong/Library/Mobile Documents/com~apple~CloudDocs/2. Archive/2. Pet Projects /Spiderman-v3-main/kith-platform/local_kith_platform.db
2025-09-30 21:45:32 - app.utils.database - INFO - 🔧 DEBUG: Closing session...
2025-09-30 21:45:32 - app.utils.database - INFO - 🔧 DEBUG: Closing session...
21:45:32 | [32mINFO[0m | app.utils.database | 🔧 DEBUG: Committing session...
21:45:32 | [32mINFO[0m | app.utils.database | 🔧 DEBUG: Original URL: sqlite:////Users/benedictleong/Library/Mobile Documents/com~apple~CloudDocs/2. Archive/2. Pet Projects /Spiderman-v3-main/kith-platform/local_kith_platform.db
21:45:32 | [32mINFO[0m | app.utils.database | 🔧 DEBUG: Closing session...
21:45:32 | [32mINFO[0m | werkzeug | 127.0.0.1 - - [30/Sep/2025 21:45:32] "[35m[1mGET /api/telegram/status HTTP/1.1[0m" 500 -
21:45:32 | [32mINFO[0m | app.utils.database | 🔧 DEBUG: Closing session...
2025-09-30 21:45:32 - app.utils.database - INFO - ✅ Session committed successfully
21:45:32 | [32mINFO[0m | app.utils.database | ✅ Session committed successfully
2025-09-30 21:45:32 - app.utils.database - INFO - 🔧 DEBUG: Creating engine with URL: sqlite:////Users/benedictleong/Library/Mobile Docu...
21:45:32 | [32mINFO[0m | app.utils.database | 🔧 DEBUG: Creating engine with URL: sqlite:////Users/benedictleong/Library/Mobile Docu...
2025-09-30 21:45:32 - app.utils.database - INFO - ✅ Session closed
21:45:32 | [32mINFO[0m | app.utils.database | ✅ Session closed
2025-09-30 21:45:32 - app.utils.database - INFO - ✅ Session closed
21:45:32 | [32mINFO[0m | app.utils.database | ✅ Session closed
2025-09-30 21:45:32 - app.utils.database - INFO - 🔧 DEBUG: Closing session...
21:45:32 | [32mINFO[0m | app.utils.database | 🔧 DEBUG: Closing session...
2025-09-30 21:45:32 - app.utils.database - INFO - 🔧 DEBUG: Testing database connection...
21:45:32 | [32mINFO[0m | app.utils.database | 🔧 DEBUG: Testing database connection...
2025-09-30 21:45:32 - app.utils.database - INFO - 🔧 DEBUG: Getting database session...
21:45:32 | [32mINFO[0m | app.utils.database | 🔧 DEBUG: Getting database session...
2025-09-30 21:45:32 - app.utils.database - INFO - 🔧 DEBUG: Getting database session...
21:45:32 | [32mINFO[0m | app.utils.database | 🔧 DEBUG: Getting database session...
2025-09-30 21:45:32 - app.utils.database - INFO - ✅ Session closed
21:45:32 | [32mINFO[0m | app.utils.database | ✅ Session closed
2025-09-30 21:45:32 - app.utils.database - INFO - 🔧 DEBUG: Engine already exists, skipping creation
21:45:32 | [32mINFO[0m | app.utils.database | 🔧 DEBUG: Engine already exists, skipping creation
2025-09-30 21:45:32 - app.utils.database - INFO - 🔧 DEBUG: Engine already exists, skipping creation
21:45:32 | [32mINFO[0m | app.utils.database | 🔧 DEBUG: Engine already exists, skipping creation
2025-09-30 21:45:32 - app.utils.database - INFO - 🔧 DEBUG: Getting database session...
21:45:32 | [32mINFO[0m | app.utils.database | 🔧 DEBUG: Getting database session...
2025-09-30 21:45:32 - app.utils.database - INFO - 🔧 DEBUG: Session created: 4627870672
21:45:32 | [32mINFO[0m | app.utils.database | 🔧 DEBUG: Session created: 4627870672
2025-09-30 21:45:32 - app.utils.database - INFO - 🔧 DEBUG: Session created: 4640601232
21:45:32 | [32mINFO[0m | app.utils.database | 🔧 DEBUG: Session created: 4640601232
2025-09-30 21:45:32 - app.utils.database - INFO - 🔧 DEBUG: Connection test successful, result: (1,)
21:45:32 | [32mINFO[0m | app.utils.database | 🔧 DEBUG: Connection test successful, result: (1,)
2025-09-30 21:45:32 - app.utils.database - INFO - 🔧 DEBUG: Engine already exists, skipping creation
21:45:32 | [32mINFO[0m | app.utils.database | 🔧 DEBUG: Engine already exists, skipping creation
2025-09-30 21:45:32 - app.utils.database - INFO - ✅ Database connection successful
21:45:32 | [32mINFO[0m | app.utils.database | ✅ Database connection successful
2025-09-30 21:45:32 - app.services.contact_service - INFO - Retrieved 1 contacts for user 1
2025-09-30 21:45:32 - app.utils.database - INFO - 🔧 DEBUG: Session created: 4640601184
2025-09-30 21:45:32 - app.services.contact_service - INFO - Retrieved 1 contacts for user 1
2025-09-30 21:45:32 - app.utils.database - INFO - 🔧 DEBUG: Creating/verifying database tables...
21:45:32 | [32mINFO[0m | app.services.contact_service | Retrieved 1 contacts for user 1
21:45:32 | [32mINFO[0m | app.utils.database | 🔧 DEBUG: Session created: 4640601184
21:45:32 | [32mINFO[0m | app.services.contact_service | Retrieved 1 contacts for user 1
2025-09-30 21:45:32 - app.utils.database - INFO - 🔧 DEBUG: Committing session...
21:45:32 | [32mINFO[0m | app.utils.database | 🔧 DEBUG: Creating/verifying database tables...
2025-09-30 21:45:32 - app.services.contact_service - INFO - Retrieved 1 contacts for user 1
2025-09-30 21:45:32 - app.utils.database - INFO - 🔧 DEBUG: Committing session...
21:45:32 | [32mINFO[0m | app.utils.database | 🔧 DEBUG: Committing session...
21:45:32 | [32mINFO[0m | app.services.contact_service | Retrieved 1 contacts for user 1
21:45:32 | [32mINFO[0m | app.utils.database | 🔧 DEBUG: Committing session...
2025-09-30 21:45:32 - app.utils.database - INFO - ✅ Session committed successfully
21:45:32 | [32mINFO[0m | app.utils.database | ✅ Session committed successfully
2025-09-30 21:45:32 - app.utils.database - INFO - 🔧 DEBUG: Committing session...
21:45:32 | [32mINFO[0m | app.utils.database | 🔧 DEBUG: Committing session...
2025-09-30 21:45:32 - app.utils.database - INFO - ✅ Session committed successfully
21:45:32 | [32mINFO[0m | app.utils.database | ✅ Session committed successfully
2025-09-30 21:45:32 - app.utils.database - INFO - 🔧 DEBUG: Closing session...
21:45:32 | [32mINFO[0m | app.utils.database | 🔧 DEBUG: Closing session...
2025-09-30 21:45:32 - app.utils.database - INFO - ✅ Session committed successfully
21:45:32 | [32mINFO[0m | app.utils.database | ✅ Session committed successfully
2025-09-30 21:45:32 - app.utils.database - INFO - 🔧 DEBUG: Closing session...
21:45:32 | [32mINFO[0m | app.utils.database | 🔧 DEBUG: Closing session...
2025-09-30 21:45:32 - app.utils.database - INFO - ✅ Session closed
21:45:32 | [32mINFO[0m | app.utils.database | ✅ Session closed
2025-09-30 21:45:32 - app.utils.database - INFO - 🔧 DEBUG: Closing session...
21:45:32 | [32mINFO[0m | app.utils.database | 🔧 DEBUG: Closing session...
2025-09-30 21:45:32 - app.utils.database - INFO - ✅ Session closed
21:45:32 | [32mINFO[0m | app.utils.database | ✅ Session closed
2025-09-30 21:45:32 - app - INFO - Request completed
21:45:32 | [32mINFO[0m | app | Request completed
2025-09-30 21:45:32 - app.utils.database - INFO - ✅ Session closed
21:45:32 | [32mINFO[0m | app.utils.database | ✅ Session closed
2025-09-30 21:45:32 - app - INFO - Request completed
21:45:32 | [32mINFO[0m | app | Request completed
21:45:32 | [32mINFO[0m | middleware | Response sent
2025-09-30 21:45:32 - app - INFO - Request completed
21:45:32 | [32mINFO[0m | app | Request completed
21:45:32 | [32mINFO[0m | middleware | Response sent
21:45:32 | [32mINFO[0m | werkzeug | 127.0.0.1 - - [30/Sep/2025 21:45:32] "GET /api/contacts/ HTTP/1.1" 200 -
21:45:32 | [32mINFO[0m | middleware | Response sent
21:45:32 | [32mINFO[0m | werkzeug | 127.0.0.1 - - [30/Sep/2025 21:45:32] "GET /api/contacts/ HTTP/1.1" 200 -
21:45:32 | [32mINFO[0m | werkzeug | 127.0.0.1 - - [30/Sep/2025 21:45:32] "GET /api/contacts/?tier=1&_=1759239932068 HTTP/1.1" 200 -
2025-09-30 21:45:32 - app.utils.database - INFO - 🔧 DEBUG: Committing session...
21:45:32 | [32mINFO[0m | app.utils.database | 🔧 DEBUG: Committing session...
2025-09-30 21:45:32 - app.utils.database - INFO - ✅ Session committed successfully
21:45:32 | [32mINFO[0m | app.utils.database | ✅ Session committed successfully
2025-09-30 21:45:32 - app.utils.database - INFO - ✅ Database tables created/verified
21:45:32 | [32mINFO[0m | app.utils.database | ✅ Database tables created/verified
2025-09-30 21:45:32 - app.utils.database - INFO - 🔧 DEBUG: Closing session...
21:45:32 | [32mINFO[0m | app.utils.database | 🔧 DEBUG: Closing session...
2025-09-30 21:45:32 - app.utils.database - INFO - 🔧 DEBUG: Session created: 4616916848
21:45:32 | [32mINFO[0m | app.utils.database | 🔧 DEBUG: Session created: 4616916848
2025-09-30 21:45:32 - app.utils.database - INFO - ✅ Session closed
21:45:32 | [32mINFO[0m | app.utils.database | ✅ Session closed
2025-09-30 21:45:32 - app.utils.database - INFO - 🔧 DEBUG: Getting database session...
21:45:32 | [32mINFO[0m | app.utils.database | 🔧 DEBUG: Getting database session...
2025-09-30 21:45:32 - app.utils.database - INFO - 🔧 DEBUG: Committing session...
21:45:32 | [32mINFO[0m | app.utils.database | 🔧 DEBUG: Committing session...
2025-09-30 21:45:32 - app.utils.database - INFO - 🔧 DEBUG: Engine already exists, skipping creation
21:45:32 | [32mINFO[0m | app.utils.database | 🔧 DEBUG: Engine already exists, skipping creation
2025-09-30 21:45:32 - app.utils.database - INFO - ✅ Session committed successfully
21:45:32 | [32mINFO[0m | app.utils.database | ✅ Session committed successfully
2025-09-30 21:45:32 - app.utils.database - INFO - 🔧 DEBUG: Session created: 4628753664
21:45:32 | [32mINFO[0m | app.utils.database | 🔧 DEBUG: Session created: 4628753664
2025-09-30 21:45:32 - app.utils.database - INFO - 🔧 DEBUG: Closing session...
21:45:32 | [32mINFO[0m | app.utils.database | 🔧 DEBUG: Closing session...
2025-09-30 21:45:32 - app.services.contact_service - INFO - Retrieved 1 contacts for user 1
21:45:32 | [32mINFO[0m | app.services.contact_service | Retrieved 1 contacts for user 1
2025-09-30 21:45:32 - app.utils.database - INFO - ✅ Session closed
21:45:32 | [32mINFO[0m | app.utils.database | ✅ Session closed
2025-09-30 21:45:32 - app.utils.database - INFO - 🔧 DEBUG: Committing session...
21:45:32 | [32mINFO[0m | app.utils.database | 🔧 DEBUG: Committing session...
2025-09-30 21:45:32 - app.utils.database - INFO - 🔧 DEBUG: Getting database session...
21:45:32 | [32mINFO[0m | app.utils.database | 🔧 DEBUG: Getting database session...
2025-09-30 21:45:32 - app.utils.database - INFO - ✅ Session committed successfully
21:45:32 | [32mINFO[0m | app.utils.database | ✅ Session committed successfully
2025-09-30 21:45:32 - app.utils.database - INFO - 🔧 DEBUG: Engine already exists, skipping creation
21:45:32 | [32mINFO[0m | app.utils.database | 🔧 DEBUG: Engine already exists, skipping creation
2025-09-30 21:45:32 - app.utils.database - INFO - 🔧 DEBUG: Closing session...
21:45:32 | [32mINFO[0m | app.utils.database | 🔧 DEBUG: Closing session...
2025-09-30 21:45:32 - app.utils.database - INFO - 🔧 DEBUG: Session created: 4628176960
21:45:32 | [32mINFO[0m | app.utils.database | 🔧 DEBUG: Session created: 4628176960
2025-09-30 21:45:32 - app.utils.database - INFO - ✅ Session closed
21:45:32 | [32mINFO[0m | app.utils.database | ✅ Session closed
2025-09-30 21:45:32 - app.services.contact_service - INFO - Retrieved 1 contacts for user 1
21:45:32 | [32mINFO[0m | app.services.contact_service | Retrieved 1 contacts for user 1
2025-09-30 21:45:32 - app - INFO - Request completed
21:45:32 | [32mINFO[0m | app | Request completed
2025-09-30 21:45:32 - app.utils.database - INFO - 🔧 DEBUG: Committing session...
21:45:32 | [32mINFO[0m | app.utils.database | 🔧 DEBUG: Committing session...
21:45:32 | [32mINFO[0m | middleware | Response sent
2025-09-30 21:45:32 - app.utils.database - INFO - ✅ Session committed successfully
21:45:32 | [32mINFO[0m | app.utils.database | ✅ Session committed successfully
21:45:32 | [32mINFO[0m | werkzeug | 127.0.0.1 - - [30/Sep/2025 21:45:32] "GET /api/contacts/ HTTP/1.1" 200 -
2025-09-30 21:45:32 - app.utils.database - INFO - 🔧 DEBUG: Closing session...
21:45:32 | [32mINFO[0m | app.utils.database | 🔧 DEBUG: Closing session...
2025-09-30 21:45:32 - app.utils.database - INFO - ✅ Session closed
21:45:32 | [32mINFO[0m | app.utils.database | ✅ Session closed
2025-09-30 21:45:32 - app - INFO - Request completed
21:45:32 | [32mINFO[0m | app | Request completed
21:45:32 | [32mINFO[0m | middleware | Response sent
21:45:32 | [32mINFO[0m | werkzeug | 127.0.0.1 - - [30/Sep/2025 21:45:32] "GET /api/contacts/?tier=2&_=1759239932068 HTTP/1.1" 200 -
21:45:33 | [32mINFO[0m | middleware | Request received
2025-09-30 21:45:33 - app - INFO - Request started
21:45:33 | [32mINFO[0m | app | Request started
2025-09-30 21:45:33 - app - ERROR - Unhandled exception
21:45:33 | [31mERROR[0m | app | Unhandled exception
2025-09-30 21:45:33 - app - INFO - Request completed
21:45:33 | [32mINFO[0m | app | Request completed
21:45:33 | [32mINFO[0m | middleware | Response sent
21:45:33 | [32mINFO[0m | werkzeug | 127.0.0.1 - - [30/Sep/2025 21:45:33] "[35m[1mGET /api/graph-data?t=1759239933670 HTTP/1.1[0m" 500 -
21:55:29 | [32mINFO[0m | middleware | Request received
2025-09-30 21:55:29 - app - INFO - Request started
21:55:29 | [32mINFO[0m | app | Request started
2025-09-30 21:55:29 - app.utils.database - INFO - 🔧 DEBUG: Database URL resolved: sqlite:////Users/benedictleong/Library/Mobile Docu...
21:55:29 | [32mINFO[0m | app.utils.database | 🔧 DEBUG: Database URL resolved: sqlite:////Users/benedictleong/Library/Mobile Docu...
2025-09-30 21:55:29 - app.utils.database - INFO - 🔧 DEBUG: Getting database session...
21:55:29 | [32mINFO[0m | app.utils.database | 🔧 DEBUG: Getting database session...
2025-09-30 21:55:29 - app.utils.database - INFO - 🔧 DEBUG: Creating database engine...
21:55:29 | [32mINFO[0m | app.utils.database | 🔧 DEBUG: Creating database engine...
2025-09-30 21:55:29 - app.utils.database - INFO - 🔧 DEBUG: Original URL: sqlite:////Users/benedictleong/Library/Mobile Documents/com~apple~CloudDocs/2. Archive/2. Pet Projects /Spiderman-v3-main/kith-platform/local_kith_platform.db
21:55:29 | [32mINFO[0m | app.utils.database | 🔧 DEBUG: Original URL: sqlite:////Users/benedictleong/Library/Mobile Documents/com~apple~CloudDocs/2. Archive/2. Pet Projects /Spiderman-v3-main/kith-platform/local_kith_platform.db
2025-09-30 21:55:29 - app.utils.database - INFO - 🔧 DEBUG: Creating engine with URL: sqlite:////Users/benedictleong/Library/Mobile Docu...
21:55:29 | [32mINFO[0m | app.utils.database | 🔧 DEBUG: Creating engine with URL: sqlite:////Users/benedictleong/Library/Mobile Docu...
2025-09-30 21:55:29 - app.utils.database - INFO - 🔧 DEBUG: Testing database connection...
21:55:29 | [32mINFO[0m | app.utils.database | 🔧 DEBUG: Testing database connection...
2025-09-30 21:55:29 - app.utils.database - INFO - 🔧 DEBUG: Connection test successful, result: (1,)
21:55:29 | [32mINFO[0m | app.utils.database | 🔧 DEBUG: Connection test successful, result: (1,)
2025-09-30 21:55:29 - app.utils.database - INFO - ✅ Database connection successful
21:55:29 | [32mINFO[0m | app.utils.database | ✅ Database connection successful
2025-09-30 21:55:29 - app.utils.database - INFO - 🔧 DEBUG: Creating/verifying database tables...
21:55:29 | [32mINFO[0m | app.utils.database | 🔧 DEBUG: Creating/verifying database tables...
2025-09-30 21:55:29 - app.utils.database - INFO - ✅ Database tables created/verified
21:55:29 | [32mINFO[0m | app.utils.database | ✅ Database tables created/verified
2025-09-30 21:55:29 - app.utils.database - INFO - 🔧 DEBUG: Session created: 4628066944
21:55:29 | [32mINFO[0m | app.utils.database | 🔧 DEBUG: Session created: 4628066944
2025-09-30 21:55:29 - app.utils.database - INFO - 🔧 DEBUG: Committing session...
21:55:29 | [32mINFO[0m | app.utils.database | 🔧 DEBUG: Committing session...
2025-09-30 21:55:29 - app.utils.database - INFO - ✅ Session committed successfully
21:55:29 | [32mINFO[0m | app.utils.database | ✅ Session committed successfully
2025-09-30 21:55:29 - app.utils.database - INFO - 🔧 DEBUG: Closing session...
21:55:29 | [32mINFO[0m | app.utils.database | 🔧 DEBUG: Closing session...
2025-09-30 21:55:29 - app.utils.database - INFO - ✅ Session closed
21:55:29 | [32mINFO[0m | app.utils.database | ✅ Session closed
21:55:29 | [32mINFO[0m | root | Authenticated user 1 accessing main page
2025-09-30 21:55:29 - app - INFO - Request completed
21:55:29 | [32mINFO[0m | app | Request completed
21:55:29 | [32mINFO[0m | middleware | Response sent
21:55:29 | [32mINFO[0m | werkzeug | 127.0.0.1 - - [30/Sep/2025 21:55:29] "GET / HTTP/1.1" 200 -
21:55:29 | [32mINFO[0m | middleware | Request received
2025-09-30 21:55:29 - app - INFO - Request started
21:55:29 | [32mINFO[0m | app | Request started
2025-09-30 21:55:29 - app - INFO - Request completed
21:55:29 | [32mINFO[0m | app | Request completed
21:55:29 | [32mINFO[0m | middleware | Response sent
21:55:29 | [32mINFO[0m | werkzeug | 127.0.0.1 - - [30/Sep/2025 21:55:29] "[36mGET /static/style.css HTTP/1.1[0m" 304 -
21:55:29 | [32mINFO[0m | middleware | Request received
21:55:29 | [32mINFO[0m | middleware | Request received
21:55:29 | [32mINFO[0m | middleware | Request received
21:55:29 | [32mINFO[0m | middleware | Request received
2025-09-30 21:55:29 - app - INFO - Request started
21:55:29 | [32mINFO[0m | middleware | Request received
2025-09-30 21:55:29 - app - INFO - Request started
21:55:29 | [32mINFO[0m | middleware | Request received
21:55:29 | [32mINFO[0m | app | Request started
2025-09-30 21:55:29 - app - INFO - Request started
21:55:29 | [32mINFO[0m | app | Request started
2025-09-30 21:55:29 - app - INFO - Request started
21:55:29 | [32mINFO[0m | app | Request started
21:55:29 | [32mINFO[0m | app | Request started
2025-09-30 21:55:29 - app - INFO - Request started
21:55:29 | [32mINFO[0m | app | Request started
2025-09-30 21:55:29 - app - INFO - Request started
21:55:29 | [32mINFO[0m | app | Request started
2025-09-30 21:55:29 - app - INFO - Request completed
21:55:29 | [32mINFO[0m | app | Request completed
2025-09-30 21:55:29 - app - INFO - Request completed
21:55:29 | [32mINFO[0m | app | Request completed
2025-09-30 21:55:29 - app - INFO - Request completed
21:55:29 | [32mINFO[0m | middleware | Response sent
2025-09-30 21:55:29 - app - INFO - Request completed
2025-09-30 21:55:29 - app - INFO - Request completed
21:55:29 | [32mINFO[0m | app | Request completed
2025-09-30 21:55:29 - app - INFO - Request completed
21:55:29 | [32mINFO[0m | app | Request completed
21:55:29 | [32mINFO[0m | middleware | Response sent
21:55:29 | [32mINFO[0m | app | Request completed
21:55:29 | [32mINFO[0m | werkzeug | 127.0.0.1 - - [30/Sep/2025 21:55:29] "GET /static/js/tag-management.js HTTP/1.1" 200 -
21:55:29 | [32mINFO[0m | app | Request completed
21:55:29 | [32mINFO[0m | middleware | Response sent
21:55:29 | [32mINFO[0m | middleware | Response sent
21:55:29 | [32mINFO[0m | werkzeug | 127.0.0.1 - - [30/Sep/2025 21:55:29] "[36mGET /static/js/cache-manager.js HTTP/1.1[0m" 304 -
21:55:29 | [32mINFO[0m | middleware | Response sent
21:55:29 | [32mINFO[0m | middleware | Response sent
21:55:29 | [32mINFO[0m | werkzeug | 127.0.0.1 - - [30/Sep/2025 21:55:29] "[36mGET /static/js/debounced-search.js HTTP/1.1[0m" 304 -
21:55:29 | [32mINFO[0m | werkzeug | 127.0.0.1 - - [30/Sep/2025 21:55:29] "[36mGET /static/js/main.js HTTP/1.1[0m" 304 -
21:55:29 | [32mINFO[0m | werkzeug | 127.0.0.1 - - [30/Sep/2025 21:55:29] "[36mGET /static/js/prefetch-manager.js HTTP/1.1[0m" 304 -
21:55:29 | [32mINFO[0m | werkzeug | 127.0.0.1 - - [30/Sep/2025 21:55:29] "[36mGET /static/js/lazy-loader.js HTTP/1.1[0m" 304 -
21:55:29 | [32mINFO[0m | middleware | Request received
21:55:29 | [32mINFO[0m | middleware | Request received
21:55:29 | [32mINFO[0m | middleware | Request received
21:55:29 | [32mINFO[0m | middleware | Request received
2025-09-30 21:55:29 - app - INFO - Request started
2025-09-30 21:55:29 - app - INFO - Request started
21:55:29 | [32mINFO[0m | app | Request started
21:55:29 | [32mINFO[0m | app | Request started
2025-09-30 21:55:29 - app - INFO - Request started
21:55:29 | [32mINFO[0m | app | Request started
2025-09-30 21:55:29 - app - INFO - Request started
21:55:29 | [32mINFO[0m | app | Request started
2025-09-30 21:55:29 - app - INFO - Request completed
21:55:29 | [32mINFO[0m | app | Request completed
2025-09-30 21:55:29 - app - INFO - Request completed
21:55:29 | [32mINFO[0m | app | Request completed
21:55:29 | [32mINFO[0m | middleware | Response sent
2025-09-30 21:55:29 - app - INFO - Request completed
21:55:29 | [32mINFO[0m | app | Request completed
2025-09-30 21:55:29 - app - INFO - Request completed
21:55:29 | [32mINFO[0m | middleware | Response sent
21:55:29 | [32mINFO[0m | app | Request completed
21:55:29 | [32mINFO[0m | werkzeug | 127.0.0.1 - - [30/Sep/2025 21:55:29] "[36mGET /static/js/contacts.js HTTP/1.1[0m" 304 -
21:55:29 | [32mINFO[0m | middleware | Response sent
21:55:29 | [32mINFO[0m | werkzeug | 127.0.0.1 - - [30/Sep/2025 21:55:29] "GET /static/js/relationship-graph.js HTTP/1.1" 200 -
21:55:29 | [32mINFO[0m | middleware | Response sent
21:55:29 | [32mINFO[0m | werkzeug | 127.0.0.1 - - [30/Sep/2025 21:55:29] "[36mGET /static/js/settings.js HTTP/1.1[0m" 304 -
21:55:29 | [32mINFO[0m | werkzeug | 127.0.0.1 - - [30/Sep/2025 21:55:29] "GET /static/js/ui-enhancements.js HTTP/1.1" 200 -
21:55:29 | [32mINFO[0m | middleware | Request received
2025-09-30 21:55:29 - app - INFO - Request started
21:55:29 | [32mINFO[0m | app | Request started
21:55:29 | [32mINFO[0m | middleware | Request received
21:55:29 | [32mINFO[0m | middleware | Request received
21:55:29 | [32mINFO[0m | middleware | Request received
2025-09-30 21:55:29 - app - INFO - Request started
21:55:29 | [32mINFO[0m | middleware | Request received
21:55:29 | [32mINFO[0m | middleware | Request received
21:55:29 | [32mINFO[0m | app | Request started
2025-09-30 21:55:29 - app - ERROR - Unhandled exception
21:55:29 | [31mERROR[0m | app | Unhandled exception
2025-09-30 21:55:29 - app - INFO - Request started
21:55:29 | [32mINFO[0m | app | Request started
2025-09-30 21:55:29 - app - INFO - Request started
21:55:29 | [32mINFO[0m | app | Request started
2025-09-30 21:55:29 - app - INFO - Request started
21:55:29 | [32mINFO[0m | app | Request started
2025-09-30 21:55:29 - app - INFO - Request started
21:55:29 | [32mINFO[0m | app | Request started
2025-09-30 21:55:29 - app.utils.database - INFO - 🔧 DEBUG: Database URL resolved: sqlite:////Users/benedictleong/Library/Mobile Docu...
21:55:29 | [32mINFO[0m | app.utils.database | 🔧 DEBUG: Database URL resolved: sqlite:////Users/benedictleong/Library/Mobile Docu...
2025-09-30 21:55:29 - app - INFO - Request completed
21:55:29 | [32mINFO[0m | app | Request completed
2025-09-30 21:55:29 - app.utils.database - INFO - 🔧 DEBUG: Database URL resolved: sqlite:////Users/benedictleong/Library/Mobile Docu...
21:55:29 | [32mINFO[0m | app.utils.database | 🔧 DEBUG: Database URL resolved: sqlite:////Users/benedictleong/Library/Mobile Docu...
2025-09-30 21:55:29 - app - INFO - Request completed
21:55:29 | [32mINFO[0m | middleware | Response sent
21:55:29 | [32mINFO[0m | app | Request completed
2025-09-30 21:55:29 - app - INFO - Request completed
21:55:29 | [32mINFO[0m | werkzeug | 127.0.0.1 - - [30/Sep/2025 21:55:29] "[35m[1mGET /api/tags HTTP/1.1[0m" 500 -
2025-09-30 21:55:29 - app - ERROR - Unhandled exception
2025-09-30 21:55:29 - app.utils.database - INFO - 🔧 DEBUG: Getting database session...
21:55:29 | [32mINFO[0m | app | Request completed
2025-09-30 21:55:29 - app.utils.database - INFO - 🔧 DEBUG: Getting database session...
21:55:29 | [32mINFO[0m | middleware | Response sent
21:55:29 | [31mERROR[0m | app | Unhandled exception
21:55:29 | [32mINFO[0m | app.utils.database | 🔧 DEBUG: Getting database session...
21:55:29 | [32mINFO[0m | app.utils.database | 🔧 DEBUG: Getting database session...
21:55:29 | [32mINFO[0m | middleware | Response sent
2025-09-30 21:55:29 - app - INFO - Request completed
21:55:29 | [32mINFO[0m | werkzeug | 127.0.0.1 - - [30/Sep/2025 21:55:29] "[32mGET /api/contacts HTTP/1.1[0m" 308 -
2025-09-30 21:55:29 - app.utils.database - INFO - 🔧 DEBUG: Creating database engine...
21:55:29 | [32mINFO[0m | app | Request completed
21:55:29 | [32mINFO[0m | app.utils.database | 🔧 DEBUG: Creating database engine...
2025-09-30 21:55:29 - app.utils.database - INFO - 🔧 DEBUG: Creating database engine...
21:55:29 | [32mINFO[0m | werkzeug | 127.0.0.1 - - [30/Sep/2025 21:55:29] "[32mGET /api/contacts HTTP/1.1[0m" 308 -
21:55:29 | [32mINFO[0m | app.utils.database | 🔧 DEBUG: Creating database engine...
21:55:29 | [32mINFO[0m | middleware | Request received
21:55:29 | [32mINFO[0m | middleware | Response sent
2025-09-30 21:55:29 - app.utils.database - INFO - 🔧 DEBUG: Original URL: sqlite:////Users/benedictleong/Library/Mobile Documents/com~apple~CloudDocs/2. Archive/2. Pet Projects /Spiderman-v3-main/kith-platform/local_kith_platform.db
21:55:29 | [32mINFO[0m | app.utils.database | 🔧 DEBUG: Original URL: sqlite:////Users/benedictleong/Library/Mobile Documents/com~apple~CloudDocs/2. Archive/2. Pet Projects /Spiderman-v3-main/kith-platform/local_kith_platform.db
2025-09-30 21:55:29 - app.utils.database - INFO - 🔧 DEBUG: Original URL: sqlite:////Users/benedictleong/Library/Mobile Documents/com~apple~CloudDocs/2. Archive/2. Pet Projects /Spiderman-v3-main/kith-platform/local_kith_platform.db
21:55:29 | [32mINFO[0m | app.utils.database | 🔧 DEBUG: Original URL: sqlite:////Users/benedictleong/Library/Mobile Documents/com~apple~CloudDocs/2. Archive/2. Pet Projects /Spiderman-v3-main/kith-platform/local_kith_platform.db
21:55:29 | [32mINFO[0m | werkzeug | 127.0.0.1 - - [30/Sep/2025 21:55:29] "[35m[1mGET /api/telegram/status HTTP/1.1[0m" 500 -
2025-09-30 21:55:29 - app - INFO - Request started
21:55:29 | [32mINFO[0m | app | Request started
2025-09-30 21:55:29 - app.utils.database - INFO - 🔧 DEBUG: Creating engine with URL: sqlite:////Users/benedictleong/Library/Mobile Docu...
21:55:29 | [32mINFO[0m | app.utils.database | 🔧 DEBUG: Creating engine with URL: sqlite:////Users/benedictleong/Library/Mobile Docu...
2025-09-30 21:55:29 - app.utils.database - INFO - 🔧 DEBUG: Creating engine with URL: sqlite:////Users/benedictleong/Library/Mobile Docu...
21:55:29 | [32mINFO[0m | app.utils.database | 🔧 DEBUG: Creating engine with URL: sqlite:////Users/benedictleong/Library/Mobile Docu...
2025-09-30 21:55:29 - app.utils.database - INFO - 🔧 DEBUG: Database URL resolved: sqlite:////Users/benedictleong/Library/Mobile Docu...
21:55:29 | [32mINFO[0m | app.utils.database | 🔧 DEBUG: Database URL resolved: sqlite:////Users/benedictleong/Library/Mobile Docu...
2025-09-30 21:55:29 - app.utils.database - INFO - 🔧 DEBUG: Testing database connection...
21:55:29 | [32mINFO[0m | middleware | Request received
21:55:29 | [32mINFO[0m | middleware | Request received
21:55:29 | [32mINFO[0m | middleware | Request received
2025-09-30 21:55:29 - app.utils.database - INFO - 🔧 DEBUG: Testing database connection...
2025-09-30 21:55:29 - app.utils.database - INFO - 🔧 DEBUG: Getting database session...
21:55:29 | [32mINFO[0m | app.utils.database | 🔧 DEBUG: Testing database connection...
21:55:29 | [32mINFO[0m | app.utils.database | 🔧 DEBUG: Testing database connection...
21:55:29 | [32mINFO[0m | app.utils.database | 🔧 DEBUG: Getting database session...
2025-09-30 21:55:29 - app - INFO - Request started
21:55:29 | [32mINFO[0m | app | Request started
2025-09-30 21:55:29 - app - INFO - Request started
21:55:29 | [32mINFO[0m | app | Request started
2025-09-30 21:55:29 - app - INFO - Request started
21:55:29 | [32mINFO[0m | app | Request started
2025-09-30 21:55:29 - app.utils.database - INFO - 🔧 DEBUG: Creating database engine...
21:55:29 | [32mINFO[0m | app.utils.database | 🔧 DEBUG: Creating database engine...
2025-09-30 21:55:29 - app.utils.database - INFO - 🔧 DEBUG: Database URL resolved: sqlite:////Users/benedictleong/Library/Mobile Docu...
21:55:29 | [32mINFO[0m | app.utils.database | 🔧 DEBUG: Database URL resolved: sqlite:////Users/benedictleong/Library/Mobile Docu...
2025-09-30 21:55:29 - app.utils.database - INFO - 🔧 DEBUG: Connection test successful, result: (1,)
21:55:29 | [32mINFO[0m | app.utils.database | 🔧 DEBUG: Connection test successful, result: (1,)
2025-09-30 21:55:29 - app.utils.database - INFO - 🔧 DEBUG: Database URL resolved: sqlite:////Users/benedictleong/Library/Mobile Docu...
21:55:29 | [32mINFO[0m | app.utils.database | 🔧 DEBUG: Database URL resolved: sqlite:////Users/benedictleong/Library/Mobile Docu...
2025-09-30 21:55:29 - app.utils.database - INFO - 🔧 DEBUG: Database URL resolved: sqlite:////Users/benedictleong/Library/Mobile Docu...
21:55:29 | [32mINFO[0m | app.utils.database | 🔧 DEBUG: Database URL resolved: sqlite:////Users/benedictleong/Library/Mobile Docu...
2025-09-30 21:55:29 - app.utils.database - INFO - 🔧 DEBUG: Connection test successful, result: (1,)
21:55:29 | [32mINFO[0m | app.utils.database | 🔧 DEBUG: Connection test successful, result: (1,)
2025-09-30 21:55:29 - app.utils.database - INFO - 🔧 DEBUG: Original URL: sqlite:////Users/benedictleong/Library/Mobile Documents/com~apple~CloudDocs/2. Archive/2. Pet Projects /Spiderman-v3-main/kith-platform/local_kith_platform.db
21:55:29 | [32mINFO[0m | app.utils.database | 🔧 DEBUG: Original URL: sqlite:////Users/benedictleong/Library/Mobile Documents/com~apple~CloudDocs/2. Archive/2. Pet Projects /Spiderman-v3-main/kith-platform/local_kith_platform.db
2025-09-30 21:55:29 - app.utils.database - INFO - 🔧 DEBUG: Getting database session...
21:55:29 | [32mINFO[0m | app.utils.database | 🔧 DEBUG: Getting database session...
2025-09-30 21:55:29 - app.utils.database - INFO - ✅ Database connection successful
21:55:29 | [32mINFO[0m | app.utils.database | ✅ Database connection successful
2025-09-30 21:55:29 - app.utils.database - INFO - 🔧 DEBUG: Getting database session...
21:55:29 | [32mINFO[0m | app.utils.database | 🔧 DEBUG: Getting database session...
2025-09-30 21:55:29 - app.utils.database - INFO - 🔧 DEBUG: Getting database session...
21:55:29 | [32mINFO[0m | app.utils.database | 🔧 DEBUG: Getting database session...
2025-09-30 21:55:29 - app.utils.database - INFO - ✅ Database connection successful
21:55:29 | [32mINFO[0m | app.utils.database | ✅ Database connection successful
2025-09-30 21:55:29 - app.utils.database - INFO - 🔧 DEBUG: Creating engine with URL: sqlite:////Users/benedictleong/Library/Mobile Docu...
21:55:29 | [32mINFO[0m | app.utils.database | 🔧 DEBUG: Creating engine with URL: sqlite:////Users/benedictleong/Library/Mobile Docu...
2025-09-30 21:55:29 - app.utils.database - INFO - 🔧 DEBUG: Creating database engine...
21:55:29 | [32mINFO[0m | app.utils.database | 🔧 DEBUG: Creating database engine...
2025-09-30 21:55:29 - app.utils.database - INFO - 🔧 DEBUG: Creating/verifying database tables...
21:55:29 | [32mINFO[0m | app.utils.database | 🔧 DEBUG: Creating/verifying database tables...
2025-09-30 21:55:29 - app.utils.database - INFO - 🔧 DEBUG: Creating database engine...
21:55:29 | [32mINFO[0m | app.utils.database | 🔧 DEBUG: Creating database engine...
2025-09-30 21:55:29 - app.utils.database - INFO - 🔧 DEBUG: Creating database engine...
21:55:29 | [32mINFO[0m | app.utils.database | 🔧 DEBUG: Creating database engine...
2025-09-30 21:55:29 - app.utils.database - INFO - 🔧 DEBUG: Creating/verifying database tables...
21:55:29 | [32mINFO[0m | app.utils.database | 🔧 DEBUG: Creating/verifying database tables...
2025-09-30 21:55:29 - app.utils.database - INFO - 🔧 DEBUG: Testing database connection...
21:55:29 | [32mINFO[0m | app.utils.database | 🔧 DEBUG: Testing database connection...
2025-09-30 21:55:29 - app.utils.database - INFO - 🔧 DEBUG: Original URL: sqlite:////Users/benedictleong/Library/Mobile Documents/com~apple~CloudDocs/2. Archive/2. Pet Projects /Spiderman-v3-main/kith-platform/local_kith_platform.db
21:55:29 | [32mINFO[0m | app.utils.database | 🔧 DEBUG: Original URL: sqlite:////Users/benedictleong/Library/Mobile Documents/com~apple~CloudDocs/2. Archive/2. Pet Projects /Spiderman-v3-main/kith-platform/local_kith_platform.db
2025-09-30 21:55:29 - app.utils.database - INFO - 🔧 DEBUG: Original URL: sqlite:////Users/benedictleong/Library/Mobile Documents/com~apple~CloudDocs/2. Archive/2. Pet Projects /Spiderman-v3-main/kith-platform/local_kith_platform.db
21:55:29 | [32mINFO[0m | app.utils.database | 🔧 DEBUG: Original URL: sqlite:////Users/benedictleong/Library/Mobile Documents/com~apple~CloudDocs/2. Archive/2. Pet Projects /Spiderman-v3-main/kith-platform/local_kith_platform.db
2025-09-30 21:55:29 - app.utils.database - INFO - 🔧 DEBUG: Original URL: sqlite:////Users/benedictleong/Library/Mobile Documents/com~apple~CloudDocs/2. Archive/2. Pet Projects /Spiderman-v3-main/kith-platform/local_kith_platform.db
21:55:29 | [32mINFO[0m | app.utils.database | 🔧 DEBUG: Original URL: sqlite:////Users/benedictleong/Library/Mobile Documents/com~apple~CloudDocs/2. Archive/2. Pet Projects /Spiderman-v3-main/kith-platform/local_kith_platform.db
2025-09-30 21:55:29 - app.utils.database - INFO - 🔧 DEBUG: Creating engine with URL: sqlite:////Users/benedictleong/Library/Mobile Docu...
21:55:29 | [32mINFO[0m | app.utils.database | 🔧 DEBUG: Creating engine with URL: sqlite:////Users/benedictleong/Library/Mobile Docu...
2025-09-30 21:55:29 - app.utils.database - INFO - 🔧 DEBUG: Creating engine with URL: sqlite:////Users/benedictleong/Library/Mobile Docu...
21:55:29 | [32mINFO[0m | app.utils.database | 🔧 DEBUG: Creating engine with URL: sqlite:////Users/benedictleong/Library/Mobile Docu...
2025-09-30 21:55:29 - app.utils.database - INFO - 🔧 DEBUG: Connection test successful, result: (1,)
21:55:29 | [32mINFO[0m | app.utils.database | 🔧 DEBUG: Connection test successful, result: (1,)
2025-09-30 21:55:29 - app.utils.database - INFO - 🔧 DEBUG: Creating engine with URL: sqlite:////Users/benedictleong/Library/Mobile Docu...
21:55:29 | [32mINFO[0m | app.utils.database | 🔧 DEBUG: Creating engine with URL: sqlite:////Users/benedictleong/Library/Mobile Docu...
2025-09-30 21:55:29 - app.utils.database - INFO - 🔧 DEBUG: Testing database connection...
21:55:29 | [32mINFO[0m | app.utils.database | 🔧 DEBUG: Testing database connection...
2025-09-30 21:55:29 - app.utils.database - INFO - 🔧 DEBUG: Testing database connection...
21:55:29 | [32mINFO[0m | app.utils.database | 🔧 DEBUG: Testing database connection...
2025-09-30 21:55:29 - app.utils.database - INFO - ✅ Database connection successful
2025-09-30 21:55:29 - app.utils.database - INFO - 🔧 DEBUG: Testing database connection...
21:55:29 | [32mINFO[0m | app.utils.database | ✅ Database connection successful
21:55:29 | [32mINFO[0m | app.utils.database | 🔧 DEBUG: Testing database connection...
2025-09-30 21:55:29 - app.utils.database - INFO - 🔧 DEBUG: Connection test successful, result: (1,)
21:55:29 | [32mINFO[0m | app.utils.database | 🔧 DEBUG: Connection test successful, result: (1,)
2025-09-30 21:55:29 - app.utils.database - INFO - 🔧 DEBUG: Creating/verifying database tables...
21:55:29 | [32mINFO[0m | app.utils.database | 🔧 DEBUG: Creating/verifying database tables...
2025-09-30 21:55:29 - app.utils.database - INFO - 🔧 DEBUG: Connection test successful, result: (1,)
2025-09-30 21:55:29 - app.utils.database - INFO - ✅ Database connection successful
2025-09-30 21:55:29 - app.utils.database - INFO - 🔧 DEBUG: Connection test successful, result: (1,)
21:55:29 | [32mINFO[0m | app.utils.database | 🔧 DEBUG: Connection test successful, result: (1,)
21:55:29 | [32mINFO[0m | app.utils.database | ✅ Database connection successful
2025-09-30 21:55:29 - app.utils.database - INFO - ✅ Database connection successful
21:55:29 | [32mINFO[0m | app.utils.database | 🔧 DEBUG: Connection test successful, result: (1,)
21:55:29 | [32mINFO[0m | app.utils.database | ✅ Database connection successful
2025-09-30 21:55:29 - app.utils.database - INFO - 🔧 DEBUG: Creating/verifying database tables...
21:55:29 | [32mINFO[0m | app.utils.database | 🔧 DEBUG: Creating/verifying database tables...
2025-09-30 21:55:29 - app.utils.database - INFO - ✅ Database connection successful
21:55:29 | [32mINFO[0m | app.utils.database | ✅ Database connection successful
2025-09-30 21:55:29 - app.utils.database - INFO - 🔧 DEBUG: Creating/verifying database tables...
21:55:29 | [32mINFO[0m | app.utils.database | 🔧 DEBUG: Creating/verifying database tables...
2025-09-30 21:55:29 - app.utils.database - INFO - 🔧 DEBUG: Creating/verifying database tables...
21:55:29 | [32mINFO[0m | app.utils.database | 🔧 DEBUG: Creating/verifying database tables...
2025-09-30 21:55:29 - app.utils.database - INFO - ✅ Database tables created/verified
21:55:29 | [32mINFO[0m | app.utils.database | ✅ Database tables created/verified
2025-09-30 21:55:29 - app.utils.database - INFO - 🔧 DEBUG: Session created: 4641824048
21:55:29 | [32mINFO[0m | app.utils.database | 🔧 DEBUG: Session created: 4641824048
2025-09-30 21:55:29 - app.utils.database - INFO - ✅ Database tables created/verified
21:55:29 | [32mINFO[0m | app.utils.database | ✅ Database tables created/verified
2025-09-30 21:55:29 - app.utils.database - INFO - 🔧 DEBUG: Committing session...
21:55:29 | [32mINFO[0m | app.utils.database | 🔧 DEBUG: Committing session...
2025-09-30 21:55:29 - app.utils.database - INFO - 🔧 DEBUG: Session created: 4628753184
21:55:29 | [32mINFO[0m | app.utils.database | 🔧 DEBUG: Session created: 4628753184
2025-09-30 21:55:29 - app.utils.database - INFO - ✅ Session committed successfully
21:55:29 | [32mINFO[0m | app.utils.database | ✅ Session committed successfully
2025-09-30 21:55:29 - app.utils.database - INFO - 🔧 DEBUG: Committing session...
21:55:29 | [32mINFO[0m | app.utils.database | 🔧 DEBUG: Committing session...
2025-09-30 21:55:29 - app.utils.database - INFO - 🔧 DEBUG: Closing session...
21:55:29 | [32mINFO[0m | app.utils.database | 🔧 DEBUG: Closing session...
2025-09-30 21:55:29 - app.utils.database - INFO - ✅ Session committed successfully
21:55:29 | [32mINFO[0m | app.utils.database | ✅ Session committed successfully
2025-09-30 21:55:29 - app.utils.database - INFO - ✅ Session closed
21:55:29 | [32mINFO[0m | app.utils.database | ✅ Session closed
2025-09-30 21:55:29 - app.utils.database - INFO - 🔧 DEBUG: Closing session...
21:55:29 | [32mINFO[0m | app.utils.database | 🔧 DEBUG: Closing session...
2025-09-30 21:55:29 - app.utils.database - INFO - 🔧 DEBUG: Getting database session...
21:55:29 | [32mINFO[0m | app.utils.database | 🔧 DEBUG: Getting database session...
2025-09-30 21:55:29 - app.utils.database - INFO - ✅ Session closed
21:55:29 | [32mINFO[0m | app.utils.database | ✅ Session closed
2025-09-30 21:55:29 - app.utils.database - INFO - 🔧 DEBUG: Engine already exists, skipping creation
21:55:29 | [32mINFO[0m | app.utils.database | 🔧 DEBUG: Engine already exists, skipping creation
2025-09-30 21:55:29 - app.utils.database - INFO - 🔧 DEBUG: Getting database session...
21:55:29 | [32mINFO[0m | app.utils.database | 🔧 DEBUG: Getting database session...
2025-09-30 21:55:29 - app.utils.database - INFO - ✅ Database tables created/verified
21:55:29 | [32mINFO[0m | app.utils.database | ✅ Database tables created/verified
2025-09-30 21:55:29 - app.utils.database - INFO - 🔧 DEBUG: Session created: 4627512960
21:55:29 | [32mINFO[0m | app.utils.database | 🔧 DEBUG: Session created: 4627512960
2025-09-30 21:55:29 - app.utils.database - INFO - ✅ Database tables created/verified
21:55:29 | [32mINFO[0m | app.utils.database | ✅ Database tables created/verified
2025-09-30 21:55:29 - app.utils.database - INFO - 🔧 DEBUG: Engine already exists, skipping creation
21:55:29 | [32mINFO[0m | app.utils.database | 🔧 DEBUG: Engine already exists, skipping creation
2025-09-30 21:55:29 - app.utils.database - INFO - 🔧 DEBUG: Session created: 4617013760
21:55:29 | [32mINFO[0m | app.utils.database | 🔧 DEBUG: Session created: 4617013760
2025-09-30 21:55:29 - app.utils.database - INFO - ✅ Database tables created/verified
21:55:29 | [32mINFO[0m | app.utils.database | ✅ Database tables created/verified
2025-09-30 21:55:29 - app.services.contact_service - INFO - Retrieved 1 contacts for user 1
21:55:29 | [32mINFO[0m | app.services.contact_service | Retrieved 1 contacts for user 1
2025-09-30 21:55:29 - app.utils.database - INFO - 🔧 DEBUG: Session created: 4627675984
21:55:29 | [32mINFO[0m | app.utils.database | 🔧 DEBUG: Session created: 4627675984
2025-09-30 21:55:29 - app.utils.database - INFO - 🔧 DEBUG: Session created: 4628629872
21:55:29 | [32mINFO[0m | app.utils.database | 🔧 DEBUG: Session created: 4628629872
2025-09-30 21:55:29 - app.utils.database - INFO - 🔧 DEBUG: Committing session...
2025-09-30 21:55:29 - app.utils.database - INFO - 🔧 DEBUG: Session created: 4641695344
21:55:29 | [32mINFO[0m | app.utils.database | 🔧 DEBUG: Committing session...
21:55:29 | [32mINFO[0m | app.utils.database | 🔧 DEBUG: Session created: 4641695344
2025-09-30 21:55:29 - app.utils.database - INFO - 🔧 DEBUG: Committing session...
21:55:29 | [32mINFO[0m | app.utils.database | 🔧 DEBUG: Committing session...
2025-09-30 21:55:29 - app.services.contact_service - INFO - Retrieved 1 contacts for user 1
2025-09-30 21:55:29 - app.utils.database - INFO - ✅ Session committed successfully
21:55:29 | [32mINFO[0m | app.services.contact_service | Retrieved 1 contacts for user 1
2025-09-30 21:55:29 - app.utils.database - INFO - 🔧 DEBUG: Committing session...
21:55:29 | [32mINFO[0m | app.utils.database | ✅ Session committed successfully
2025-09-30 21:55:29 - app.utils.database - INFO - ✅ Database tables created/verified
21:55:29 | [32mINFO[0m | app.utils.database | 🔧 DEBUG: Committing session...
2025-09-30 21:55:29 - app.utils.database - INFO - ✅ Session committed successfully
21:55:29 | [32mINFO[0m | app.utils.database | ✅ Database tables created/verified
21:55:29 | [32mINFO[0m | app.utils.database | ✅ Session committed successfully
2025-09-30 21:55:29 - app.utils.database - INFO - 🔧 DEBUG: Committing session...
21:55:29 | [32mINFO[0m | app.utils.database | 🔧 DEBUG: Committing session...
2025-09-30 21:55:29 - app.utils.database - INFO - 🔧 DEBUG: Committing session...
21:55:29 | [32mINFO[0m | app.utils.database | 🔧 DEBUG: Committing session...
2025-09-30 21:55:29 - app.utils.database - INFO - 🔧 DEBUG: Closing session...
21:55:29 | [32mINFO[0m | app.utils.database | 🔧 DEBUG: Closing session...
2025-09-30 21:55:29 - app.utils.database - INFO - ✅ Session committed successfully
21:55:29 | [32mINFO[0m | app.utils.database | ✅ Session committed successfully
2025-09-30 21:55:29 - app.utils.database - INFO - 🔧 DEBUG: Session created: 4629521216
21:55:29 | [32mINFO[0m | app.utils.database | 🔧 DEBUG: Session created: 4629521216
2025-09-30 21:55:29 - app.utils.database - INFO - 🔧 DEBUG: Closing session...
21:55:29 | [32mINFO[0m | app.utils.database | 🔧 DEBUG: Closing session...
2025-09-30 21:55:29 - app.utils.database - INFO - ✅ Session committed successfully
21:55:29 | [32mINFO[0m | app.utils.database | ✅ Session committed successfully
2025-09-30 21:55:29 - app.utils.database - INFO - ✅ Session committed successfully
2025-09-30 21:55:29 - app.utils.database - INFO - ✅ Session closed
2025-09-30 21:55:29 - app.utils.database - INFO - 🔧 DEBUG: Closing session...
21:55:29 | [32mINFO[0m | app.utils.database | ✅ Session committed successfully
21:55:29 | [32mINFO[0m | app.utils.database | ✅ Session closed
21:55:29 | [32mINFO[0m | app.utils.database | 🔧 DEBUG: Closing session...
2025-09-30 21:55:29 - app.utils.database - INFO - ✅ Session closed
21:55:29 | [32mINFO[0m | app.utils.database | ✅ Session closed
2025-09-30 21:55:29 - app.utils.database - INFO - 🔧 DEBUG: Closing session...
21:55:29 | [32mINFO[0m | app.utils.database | 🔧 DEBUG: Closing session...
2025-09-30 21:55:29 - app.utils.database - INFO - 🔧 DEBUG: Closing session...
21:55:29 | [32mINFO[0m | app.utils.database | 🔧 DEBUG: Closing session...
2025-09-30 21:55:29 - app - INFO - Request completed
21:55:29 | [32mINFO[0m | app | Request completed
2025-09-30 21:55:29 - app.utils.database - INFO - ✅ Session closed
21:55:29 | [32mINFO[0m | app.utils.database | ✅ Session closed
2025-09-30 21:55:29 - app.utils.database - INFO - 🔧 DEBUG: Getting database session...
21:55:29 | [32mINFO[0m | app.utils.database | 🔧 DEBUG: Getting database session...
21:55:29 | [32mINFO[0m | middleware | Response sent
2025-09-30 21:55:29 - app.utils.database - INFO - ✅ Session closed
21:55:29 | [32mINFO[0m | app.utils.database | ✅ Session closed
2025-09-30 21:55:29 - app.utils.database - INFO - 🔧 DEBUG: Committing session...
21:55:29 | [32mINFO[0m | app.utils.database | 🔧 DEBUG: Committing session...
21:55:29 | [32mINFO[0m | werkzeug | 127.0.0.1 - - [30/Sep/2025 21:55:29] "GET /api/contacts/?tier=2&_=1759240529551 HTTP/1.1" 200 -
2025-09-30 21:55:29 - app.utils.database - INFO - ✅ Session closed
21:55:29 | [32mINFO[0m | app.utils.database | ✅ Session closed
2025-09-30 21:55:29 - app.utils.database - INFO - 🔧 DEBUG: Getting database session...
21:55:29 | [32mINFO[0m | app.utils.database | 🔧 DEBUG: Getting database session...
2025-09-30 21:55:29 - app.utils.database - INFO - 🔧 DEBUG: Engine already exists, skipping creation
21:55:29 | [32mINFO[0m | app.utils.database | 🔧 DEBUG: Engine already exists, skipping creation
2025-09-30 21:55:29 - app.utils.database - INFO - 🔧 DEBUG: Getting database session...
21:55:29 | [32mINFO[0m | app.utils.database | 🔧 DEBUG: Getting database session...
2025-09-30 21:55:29 - app.utils.database - INFO - ✅ Session committed successfully
21:55:29 | [32mINFO[0m | app.utils.database | ✅ Session committed successfully
2025-09-30 21:55:29 - app - INFO - Request completed
21:55:29 | [32mINFO[0m | app | Request completed
21:55:29 | [32mINFO[0m | middleware | Response sent
21:55:29 | [32mINFO[0m | werkzeug | 127.0.0.1 - - [30/Sep/2025 21:55:29] "GET /api/contacts/?tier=1&_=1759240529551 HTTP/1.1" 200 -
2025-09-30 21:55:29 - app.utils.database - INFO - 🔧 DEBUG: Engine already exists, skipping creation
21:55:29 | [32mINFO[0m | app.utils.database | 🔧 DEBUG: Engine already exists, skipping creation
21:55:29 | [32mINFO[0m | middleware | Request received
2025-09-30 21:55:29 - app.utils.database - INFO - 🔧 DEBUG: Session created: 4641793072
21:55:29 | [32mINFO[0m | app.utils.database | 🔧 DEBUG: Session created: 4641793072
2025-09-30 21:55:29 - app.utils.database - INFO - 🔧 DEBUG: Engine already exists, skipping creation
21:55:29 | [32mINFO[0m | middleware | Request received
2025-09-30 21:55:29 - app.utils.database - INFO - 🔧 DEBUG: Closing session...
21:55:29 | [32mINFO[0m | app.utils.database | 🔧 DEBUG: Engine already exists, skipping creation
21:55:29 | [32mINFO[0m | app.utils.database | 🔧 DEBUG: Closing session...
2025-09-30 21:55:29 - app.utils.database - INFO - 🔧 DEBUG: Session created: 4641696976
21:55:29 | [32mINFO[0m | app.utils.database | 🔧 DEBUG: Session created: 4641696976
2025-09-30 21:55:29 - app - INFO - Request started
21:55:29 | [32mINFO[0m | app | Request started
2025-09-30 21:55:29 - app.utils.database - INFO - 🔧 DEBUG: Session created: 4641672448
21:55:29 | [32mINFO[0m | app.utils.database | 🔧 DEBUG: Session created: 4641672448
2025-09-30 21:55:29 - app - INFO - Request started
2025-09-30 21:55:29 - app.utils.database - INFO - ✅ Session closed
21:55:29 | [32mINFO[0m | app | Request started
21:55:29 | [32mINFO[0m | app.utils.database | ✅ Session closed
2025-09-30 21:55:29 - app.services.contact_service - INFO - Retrieved 1 contacts for user 1
21:55:29 | [32mINFO[0m | app.services.contact_service | Retrieved 1 contacts for user 1
2025-09-30 21:55:29 - app.utils.database - INFO - 🔧 DEBUG: Database URL resolved: sqlite:////Users/benedictleong/Library/Mobile Docu...
21:55:29 | [32mINFO[0m | app.utils.database | 🔧 DEBUG: Database URL resolved: sqlite:////Users/benedictleong/Library/Mobile Docu...
2025-09-30 21:55:29 - app.services.contact_service - INFO - Retrieved 1 contacts for user 1
21:55:29 | [32mINFO[0m | app.services.contact_service | Retrieved 1 contacts for user 1
2025-09-30 21:55:29 - app - ERROR - Unhandled exception
21:55:29 | [31mERROR[0m | app | Unhandled exception
2025-09-30 21:55:29 - app.services.contact_service - INFO - Retrieved 1 contacts for user 1
21:55:29 | [32mINFO[0m | app.services.contact_service | Retrieved 1 contacts for user 1
2025-09-30 21:55:29 - app.utils.database - INFO - 🔧 DEBUG: Getting database session...
21:55:29 | [32mINFO[0m | app.utils.database | 🔧 DEBUG: Getting database session...
2025-09-30 21:55:29 - app.utils.database - INFO - 🔧 DEBUG: Committing session...
21:55:29 | [32mINFO[0m | app.utils.database | 🔧 DEBUG: Committing session...
2025-09-30 21:55:29 - app.utils.database - INFO - 🔧 DEBUG: Getting database session...
21:55:29 | [32mINFO[0m | app.utils.database | 🔧 DEBUG: Getting database session...
2025-09-30 21:55:29 - app.utils.database - INFO - 🔧 DEBUG: Committing session...
21:55:29 | [32mINFO[0m | app.utils.database | 🔧 DEBUG: Committing session...
2025-09-30 21:55:29 - app.utils.database - INFO - 🔧 DEBUG: Committing session...
21:55:29 | [32mINFO[0m | app.utils.database | 🔧 DEBUG: Committing session...
2025-09-30 21:55:29 - app - INFO - Request completed
21:55:29 | [32mINFO[0m | app | Request completed
2025-09-30 21:55:29 - app.utils.database - INFO - 🔧 DEBUG: Engine already exists, skipping creation
21:55:29 | [32mINFO[0m | app.utils.database | 🔧 DEBUG: Engine already exists, skipping creation
2025-09-30 21:55:29 - app.utils.database - INFO - ✅ Session committed successfully
21:55:29 | [32mINFO[0m | app.utils.database | ✅ Session committed successfully
2025-09-30 21:55:29 - app.utils.database - INFO - 🔧 DEBUG: Creating database engine...
21:55:29 | [32mINFO[0m | app.utils.database | 🔧 DEBUG: Creating database engine...
2025-09-30 21:55:29 - app.utils.database - INFO - ✅ Session committed successfully
21:55:29 | [32mINFO[0m | app.utils.database | ✅ Session committed successfully
2025-09-30 21:55:29 - app.utils.database - INFO - ✅ Session committed successfully
21:55:29 | [32mINFO[0m | middleware | Response sent
21:55:29 | [32mINFO[0m | app.utils.database | ✅ Session committed successfully
2025-09-30 21:55:29 - app.utils.database - INFO - 🔧 DEBUG: Session created: 4641821024
21:55:29 | [32mINFO[0m | app.utils.database | 🔧 DEBUG: Session created: 4641821024
2025-09-30 21:55:29 - app.utils.database - INFO - 🔧 DEBUG: Closing session...
21:55:29 | [32mINFO[0m | app.utils.database | 🔧 DEBUG: Closing session...
2025-09-30 21:55:29 - app.utils.database - INFO - 🔧 DEBUG: Original URL: sqlite:////Users/benedictleong/Library/Mobile Documents/com~apple~CloudDocs/2. Archive/2. Pet Projects /Spiderman-v3-main/kith-platform/local_kith_platform.db
21:55:29 | [32mINFO[0m | app.utils.database | 🔧 DEBUG: Original URL: sqlite:////Users/benedictleong/Library/Mobile Documents/com~apple~CloudDocs/2. Archive/2. Pet Projects /Spiderman-v3-main/kith-platform/local_kith_platform.db
2025-09-30 21:55:29 - app.utils.database - INFO - 🔧 DEBUG: Closing session...
21:55:29 | [32mINFO[0m | app.utils.database | 🔧 DEBUG: Closing session...
21:55:29 | [32mINFO[0m | werkzeug | 127.0.0.1 - - [30/Sep/2025 21:55:29] "[35m[1mGET /api/telegram/status HTTP/1.1[0m" 500 -
2025-09-30 21:55:29 - app.utils.database - INFO - 🔧 DEBUG: Closing session...
21:55:29 | [32mINFO[0m | app.utils.database | 🔧 DEBUG: Closing session...
2025-09-30 21:55:29 - app.services.contact_service - INFO - Retrieved 1 contacts for user 1
21:55:29 | [32mINFO[0m | app.services.contact_service | Retrieved 1 contacts for user 1
2025-09-30 21:55:29 - app.utils.database - INFO - ✅ Session closed
21:55:29 | [32mINFO[0m | app.utils.database | ✅ Session closed
2025-09-30 21:55:29 - app.utils.database - INFO - 🔧 DEBUG: Creating engine with URL: sqlite:////Users/benedictleong/Library/Mobile Docu...
21:55:29 | [32mINFO[0m | app.utils.database | 🔧 DEBUG: Creating engine with URL: sqlite:////Users/benedictleong/Library/Mobile Docu...
2025-09-30 21:55:29 - app.utils.database - INFO - ✅ Session closed
21:55:29 | [32mINFO[0m | app.utils.database | ✅ Session closed
2025-09-30 21:55:29 - app.utils.database - INFO - ✅ Session closed
21:55:29 | [32mINFO[0m | app.utils.database | ✅ Session closed
2025-09-30 21:55:29 - app.utils.database - INFO - 🔧 DEBUG: Committing session...
21:55:29 | [32mINFO[0m | app.utils.database | 🔧 DEBUG: Committing session...
2025-09-30 21:55:29 - app - INFO - Request completed
21:55:29 | [32mINFO[0m | app | Request completed
2025-09-30 21:55:29 - app.utils.database - INFO - 🔧 DEBUG: Testing database connection...
21:55:29 | [32mINFO[0m | middleware | Response sent
21:55:29 | [32mINFO[0m | app.utils.database | 🔧 DEBUG: Testing database connection...
2025-09-30 21:55:29 - app - INFO - Request completed
21:55:29 | [32mINFO[0m | werkzeug | 127.0.0.1 - - [30/Sep/2025 21:55:29] "GET /api/contacts/ HTTP/1.1" 200 -
2025-09-30 21:55:29 - app - INFO - Request completed
2025-09-30 21:55:29 - app.utils.database - INFO - ✅ Session committed successfully
21:55:29 | [32mINFO[0m | app | Request completed
21:55:29 | [32mINFO[0m | app | Request completed
21:55:29 | [32mINFO[0m | app.utils.database | ✅ Session committed successfully
2025-09-30 21:55:29 - app.utils.database - INFO - 🔧 DEBUG: Connection test successful, result: (1,)
21:55:29 | [32mINFO[0m | middleware | Response sent
21:55:29 | [32mINFO[0m | middleware | Response sent
21:55:29 | [32mINFO[0m | app.utils.database | 🔧 DEBUG: Connection test successful, result: (1,)
2025-09-30 21:55:29 - app.utils.database - INFO - 🔧 DEBUG: Closing session...
21:55:29 | [32mINFO[0m | werkzeug | 127.0.0.1 - - [30/Sep/2025 21:55:29] "GET /api/contacts/ HTTP/1.1" 200 -
21:55:29 | [32mINFO[0m | werkzeug | 127.0.0.1 - - [30/Sep/2025 21:55:29] "GET /api/contacts/ HTTP/1.1" 200 -
21:55:29 | [32mINFO[0m | app.utils.database | 🔧 DEBUG: Closing session...
2025-09-30 21:55:29 - app.utils.database - INFO - ✅ Database connection successful
21:55:29 | [32mINFO[0m | app.utils.database | ✅ Database connection successful
2025-09-30 21:55:29 - app.utils.database - INFO - ✅ Session closed
21:55:29 | [32mINFO[0m | app.utils.database | ✅ Session closed
2025-09-30 21:55:29 - app.utils.database - INFO - 🔧 DEBUG: Creating/verifying database tables...
21:55:29 | [32mINFO[0m | app.utils.database | 🔧 DEBUG: Creating/verifying database tables...
2025-09-30 21:55:29 - app - INFO - Request completed
21:55:29 | [32mINFO[0m | app | Request completed
21:55:29 | [32mINFO[0m | middleware | Response sent
21:55:29 | [32mINFO[0m | werkzeug | 127.0.0.1 - - [30/Sep/2025 21:55:29] "GET /api/contacts/?tier=1&_=1759240529553 HTTP/1.1" 200 -
2025-09-30 21:55:29 - app.utils.database - INFO - ✅ Database tables created/verified
21:55:29 | [32mINFO[0m | app.utils.database | ✅ Database tables created/verified
2025-09-30 21:55:29 - app.utils.database - INFO - 🔧 DEBUG: Session created: 4628177296
21:55:29 | [32mINFO[0m | app.utils.database | 🔧 DEBUG: Session created: 4628177296
2025-09-30 21:55:29 - app.utils.database - INFO - 🔧 DEBUG: Committing session...
21:55:29 | [32mINFO[0m | app.utils.database | 🔧 DEBUG: Committing session...
2025-09-30 21:55:29 - app.utils.database - INFO - ✅ Session committed successfully
21:55:29 | [32mINFO[0m | app.utils.database | ✅ Session committed successfully
2025-09-30 21:55:29 - app.utils.database - INFO - 🔧 DEBUG: Closing session...
21:55:29 | [32mINFO[0m | app.utils.database | 🔧 DEBUG: Closing session...
2025-09-30 21:55:29 - app.utils.database - INFO - ✅ Session closed
21:55:29 | [32mINFO[0m | app.utils.database | ✅ Session closed
2025-09-30 21:55:29 - app.utils.database - INFO - 🔧 DEBUG: Getting database session...
21:55:29 | [32mINFO[0m | app.utils.database | 🔧 DEBUG: Getting database session...
2025-09-30 21:55:29 - app.utils.database - INFO - 🔧 DEBUG: Engine already exists, skipping creation
21:55:29 | [32mINFO[0m | app.utils.database | 🔧 DEBUG: Engine already exists, skipping creation
2025-09-30 21:55:29 - app.utils.database - INFO - 🔧 DEBUG: Session created: 4628179312
21:55:29 | [32mINFO[0m | app.utils.database | 🔧 DEBUG: Session created: 4628179312
2025-09-30 21:55:29 - app.services.contact_service - INFO - Retrieved 1 contacts for user 1
21:55:29 | [32mINFO[0m | app.services.contact_service | Retrieved 1 contacts for user 1
2025-09-30 21:55:29 - app.utils.database - INFO - 🔧 DEBUG: Committing session...
21:55:29 | [32mINFO[0m | app.utils.database | 🔧 DEBUG: Committing session...
2025-09-30 21:55:29 - app.utils.database - INFO - ✅ Session committed successfully
21:55:29 | [32mINFO[0m | app.utils.database | ✅ Session committed successfully
2025-09-30 21:55:29 - app.utils.database - INFO - 🔧 DEBUG: Closing session...
21:55:29 | [32mINFO[0m | app.utils.database | 🔧 DEBUG: Closing session...
2025-09-30 21:55:29 - app.utils.database - INFO - ✅ Session closed
21:55:29 | [32mINFO[0m | app.utils.database | ✅ Session closed
2025-09-30 21:55:29 - app - INFO - Request completed
21:55:29 | [32mINFO[0m | app | Request completed
21:55:29 | [32mINFO[0m | middleware | Response sent
21:55:29 | [32mINFO[0m | werkzeug | 127.0.0.1 - - [30/Sep/2025 21:55:29] "GET /api/contacts/?tier=2&_=1759240529553 HTTP/1.1" 200 -
21:55:31 | [32mINFO[0m | middleware | Request received
2025-09-30 21:55:31 - app - INFO - Request started
21:55:31 | [32mINFO[0m | app | Request started
21:55:31 | [32mINFO[0m | middleware | Request received
21:55:31 | [32mINFO[0m | middleware | Request received
21:55:31 | [32mINFO[0m | middleware | Request received
2025-09-30 21:55:31 - app - ERROR - Unhandled exception
21:55:31 | [32mINFO[0m | middleware | Request received
21:55:31 | [31mERROR[0m | app | Unhandled exception
2025-09-30 21:55:31 - app - INFO - Request started
21:55:31 | [32mINFO[0m | app | Request started
2025-09-30 21:55:31 - app - INFO - Request started
21:55:31 | [32mINFO[0m | app | Request started
2025-09-30 21:55:31 - app - INFO - Request started
21:55:31 | [32mINFO[0m | app | Request started
2025-09-30 21:55:31 - app - INFO - Request started
21:55:31 | [32mINFO[0m | app | Request started
2025-09-30 21:55:31 - app.utils.database - INFO - 🔧 DEBUG: Database URL resolved: sqlite:////Users/benedictleong/Library/Mobile Docu...
21:55:31 | [32mINFO[0m | app.utils.database | 🔧 DEBUG: Database URL resolved: sqlite:////Users/benedictleong/Library/Mobile Docu...
2025-09-30 21:55:31 - app - INFO - Request completed
21:55:31 | [32mINFO[0m | app | Request completed
2025-09-30 21:55:31 - app.utils.database - INFO - 🔧 DEBUG: Database URL resolved: sqlite:////Users/benedictleong/Library/Mobile Docu...
21:55:31 | [32mINFO[0m | app.utils.database | 🔧 DEBUG: Database URL resolved: sqlite:////Users/benedictleong/Library/Mobile Docu...
2025-09-30 21:55:31 - app.utils.database - INFO - 🔧 DEBUG: Database URL resolved: sqlite:////Users/benedictleong/Library/Mobile Docu...
21:55:31 | [32mINFO[0m | app.utils.database | 🔧 DEBUG: Database URL resolved: sqlite:////Users/benedictleong/Library/Mobile Docu...
2025-09-30 21:55:31 - app.utils.database - INFO - 🔧 DEBUG: Database URL resolved: sqlite:////Users/benedictleong/Library/Mobile Docu...
21:55:31 | [32mINFO[0m | app.utils.database | 🔧 DEBUG: Database URL resolved: sqlite:////Users/benedictleong/Library/Mobile Docu...
2025-09-30 21:55:31 - app.utils.database - INFO - 🔧 DEBUG: Getting database session...
21:55:31 | [32mINFO[0m | middleware | Response sent
2025-09-30 21:55:31 - app.utils.database - INFO - 🔧 DEBUG: Getting database session...
21:55:31 | [32mINFO[0m | app.utils.database | 🔧 DEBUG: Getting database session...
2025-09-30 21:55:31 - app.utils.database - INFO - 🔧 DEBUG: Getting database session...
21:55:31 | [32mINFO[0m | app.utils.database | 🔧 DEBUG: Getting database session...
21:55:31 | [32mINFO[0m | app.utils.database | 🔧 DEBUG: Getting database session...
2025-09-30 21:55:31 - app.utils.database - INFO - 🔧 DEBUG: Getting database session...
21:55:31 | [32mINFO[0m | app.utils.database | 🔧 DEBUG: Getting database session...
21:55:31 | [32mINFO[0m | werkzeug | 127.0.0.1 - - [30/Sep/2025 21:55:31] "[35m[1mGET /api/tags HTTP/1.1[0m" 500 -
2025-09-30 21:55:31 - app.utils.database - INFO - 🔧 DEBUG: Creating database engine...
21:55:31 | [32mINFO[0m | app.utils.database | 🔧 DEBUG: Creating database engine...
2025-09-30 21:55:31 - app.utils.database - INFO - 🔧 DEBUG: Creating database engine...
21:55:31 | [32mINFO[0m | app.utils.database | 🔧 DEBUG: Creating database engine...
2025-09-30 21:55:31 - app.utils.database - INFO - 🔧 DEBUG: Creating database engine...
21:55:31 | [32mINFO[0m | app.utils.database | 🔧 DEBUG: Creating database engine...
2025-09-30 21:55:31 - app.utils.database - INFO - 🔧 DEBUG: Creating database engine...
21:55:31 | [32mINFO[0m | app.utils.database | 🔧 DEBUG: Creating database engine...
2025-09-30 21:55:31 - app.utils.database - INFO - 🔧 DEBUG: Original URL: sqlite:////Users/benedictleong/Library/Mobile Documents/com~apple~CloudDocs/2. Archive/2. Pet Projects /Spiderman-v3-main/kith-platform/local_kith_platform.db
21:55:31 | [32mINFO[0m | app.utils.database | 🔧 DEBUG: Original URL: sqlite:////Users/benedictleong/Library/Mobile Documents/com~apple~CloudDocs/2. Archive/2. Pet Projects /Spiderman-v3-main/kith-platform/local_kith_platform.db
2025-09-30 21:55:31 - app.utils.database - INFO - 🔧 DEBUG: Original URL: sqlite:////Users/benedictleong/Library/Mobile Documents/com~apple~CloudDocs/2. Archive/2. Pet Projects /Spiderman-v3-main/kith-platform/local_kith_platform.db
21:55:31 | [32mINFO[0m | app.utils.database | 🔧 DEBUG: Original URL: sqlite:////Users/benedictleong/Library/Mobile Documents/com~apple~CloudDocs/2. Archive/2. Pet Projects /Spiderman-v3-main/kith-platform/local_kith_platform.db
2025-09-30 21:55:31 - app.utils.database - INFO - 🔧 DEBUG: Original URL: sqlite:////Users/benedictleong/Library/Mobile Documents/com~apple~CloudDocs/2. Archive/2. Pet Projects /Spiderman-v3-main/kith-platform/local_kith_platform.db
21:55:31 | [32mINFO[0m | app.utils.database | 🔧 DEBUG: Original URL: sqlite:////Users/benedictleong/Library/Mobile Documents/com~apple~CloudDocs/2. Archive/2. Pet Projects /Spiderman-v3-main/kith-platform/local_kith_platform.db
2025-09-30 21:55:31 - app.utils.database - INFO - 🔧 DEBUG: Original URL: sqlite:////Users/benedictleong/Library/Mobile Documents/com~apple~CloudDocs/2. Archive/2. Pet Projects /Spiderman-v3-main/kith-platform/local_kith_platform.db
21:55:31 | [32mINFO[0m | app.utils.database | 🔧 DEBUG: Original URL: sqlite:////Users/benedictleong/Library/Mobile Documents/com~apple~CloudDocs/2. Archive/2. Pet Projects /Spiderman-v3-main/kith-platform/local_kith_platform.db
2025-09-30 21:55:31 - app.utils.database - INFO - 🔧 DEBUG: Creating engine with URL: sqlite:////Users/benedictleong/Library/Mobile Docu...
21:55:31 | [32mINFO[0m | app.utils.database | 🔧 DEBUG: Creating engine with URL: sqlite:////Users/benedictleong/Library/Mobile Docu...
2025-09-30 21:55:31 - app.utils.database - INFO - 🔧 DEBUG: Creating engine with URL: sqlite:////Users/benedictleong/Library/Mobile Docu...
21:55:31 | [32mINFO[0m | app.utils.database | 🔧 DEBUG: Creating engine with URL: sqlite:////Users/benedictleong/Library/Mobile Docu...
2025-09-30 21:55:31 - app.utils.database - INFO - 🔧 DEBUG: Creating engine with URL: sqlite:////Users/benedictleong/Library/Mobile Docu...
21:55:31 | [32mINFO[0m | app.utils.database | 🔧 DEBUG: Creating engine with URL: sqlite:////Users/benedictleong/Library/Mobile Docu...
2025-09-30 21:55:31 - app.utils.database - INFO - 🔧 DEBUG: Creating engine with URL: sqlite:////Users/benedictleong/Library/Mobile Docu...
21:55:31 | [32mINFO[0m | app.utils.database | 🔧 DEBUG: Creating engine with URL: sqlite:////Users/benedictleong/Library/Mobile Docu...
2025-09-30 21:55:31 - app.utils.database - INFO - 🔧 DEBUG: Testing database connection...
2025-09-30 21:55:31 - app.utils.database - INFO - 🔧 DEBUG: Testing database connection...
21:55:31 | [32mINFO[0m | app.utils.database | 🔧 DEBUG: Testing database connection...
2025-09-30 21:55:31 - app.utils.database - INFO - 🔧 DEBUG: Testing database connection...
21:55:31 | [32mINFO[0m | app.utils.database | 🔧 DEBUG: Testing database connection...
21:55:31 | [32mINFO[0m | app.utils.database | 🔧 DEBUG: Testing database connection...
2025-09-30 21:55:31 - app.utils.database - INFO - 🔧 DEBUG: Testing database connection...
21:55:31 | [32mINFO[0m | app.utils.database | 🔧 DEBUG: Testing database connection...
2025-09-30 21:55:31 - app.utils.database - INFO - 🔧 DEBUG: Connection test successful, result: (1,)
21:55:31 | [32mINFO[0m | app.utils.database | 🔧 DEBUG: Connection test successful, result: (1,)
2025-09-30 21:55:31 - app.utils.database - INFO - 🔧 DEBUG: Connection test successful, result: (1,)
21:55:31 | [32mINFO[0m | app.utils.database | 🔧 DEBUG: Connection test successful, result: (1,)
2025-09-30 21:55:31 - app.utils.database - INFO - 🔧 DEBUG: Connection test successful, result: (1,)
21:55:31 | [32mINFO[0m | app.utils.database | 🔧 DEBUG: Connection test successful, result: (1,)
2025-09-30 21:55:31 - app.utils.database - INFO - 🔧 DEBUG: Connection test successful, result: (1,)
21:55:31 | [32mINFO[0m | app.utils.database | 🔧 DEBUG: Connection test successful, result: (1,)
2025-09-30 21:55:31 - app.utils.database - INFO - ✅ Database connection successful
21:55:31 | [32mINFO[0m | app.utils.database | ✅ Database connection successful
2025-09-30 21:55:31 - app.utils.database - INFO - ✅ Database connection successful
21:55:31 | [32mINFO[0m | app.utils.database | ✅ Database connection successful
2025-09-30 21:55:31 - app.utils.database - INFO - ✅ Database connection successful
21:55:31 | [32mINFO[0m | app.utils.database | ✅ Database connection successful
2025-09-30 21:55:31 - app.utils.database - INFO - ✅ Database connection successful
21:55:31 | [32mINFO[0m | app.utils.database | ✅ Database connection successful
2025-09-30 21:55:31 - app.utils.database - INFO - 🔧 DEBUG: Creating/verifying database tables...
21:55:31 | [32mINFO[0m | app.utils.database | 🔧 DEBUG: Creating/verifying database tables...
2025-09-30 21:55:31 - app.utils.database - INFO - 🔧 DEBUG: Creating/verifying database tables...
21:55:31 | [32mINFO[0m | app.utils.database | 🔧 DEBUG: Creating/verifying database tables...
2025-09-30 21:55:31 - app.utils.database - INFO - 🔧 DEBUG: Creating/verifying database tables...
21:55:31 | [32mINFO[0m | app.utils.database | 🔧 DEBUG: Creating/verifying database tables...
2025-09-30 21:55:31 - app.utils.database - INFO - 🔧 DEBUG: Creating/verifying database tables...
21:55:31 | [32mINFO[0m | app.utils.database | 🔧 DEBUG: Creating/verifying database tables...
2025-09-30 21:55:31 - app.utils.database - INFO - ✅ Database tables created/verified
21:55:31 | [32mINFO[0m | app.utils.database | ✅ Database tables created/verified
2025-09-30 21:55:31 - app.utils.database - INFO - 🔧 DEBUG: Session created: 4627509552
21:55:31 | [32mINFO[0m | app.utils.database | 🔧 DEBUG: Session created: 4627509552
2025-09-30 21:55:31 - app.utils.database - INFO - ✅ Database tables created/verified
21:55:31 | [32mINFO[0m | app.utils.database | ✅ Database tables created/verified
2025-09-30 21:55:31 - app.utils.database - INFO - 🔧 DEBUG: Session created: 4627511712
21:55:31 | [32mINFO[0m | app.utils.database | 🔧 DEBUG: Session created: 4627511712
2025-09-30 21:55:31 - app.utils.database - INFO - 🔧 DEBUG: Committing session...
21:55:31 | [32mINFO[0m | app.utils.database | 🔧 DEBUG: Committing session...
2025-09-30 21:55:31 - app.utils.database - INFO - ✅ Database tables created/verified
21:55:31 | [32mINFO[0m | app.utils.database | ✅ Database tables created/verified
2025-09-30 21:55:31 - app.utils.database - INFO - ✅ Session committed successfully
21:55:31 | [32mINFO[0m | app.utils.database | ✅ Session committed successfully
2025-09-30 21:55:31 - app.utils.database - INFO - 🔧 DEBUG: Committing session...
21:55:31 | [32mINFO[0m | app.utils.database | 🔧 DEBUG: Committing session...
2025-09-30 21:55:31 - app.utils.database - INFO - 🔧 DEBUG: Session created: 4627932112
21:55:31 | [32mINFO[0m | app.utils.database | 🔧 DEBUG: Session created: 4627932112
2025-09-30 21:55:31 - app.utils.database - INFO - 🔧 DEBUG: Closing session...
21:55:31 | [32mINFO[0m | app.utils.database | 🔧 DEBUG: Closing session...
2025-09-30 21:55:31 - app.utils.database - INFO - ✅ Session committed successfully
2025-09-30 21:55:31 - app.utils.database - INFO - ✅ Database tables created/verified
21:55:31 | [32mINFO[0m | app.utils.database | ✅ Session committed successfully
21:55:31 | [32mINFO[0m | app.utils.database | ✅ Database tables created/verified
2025-09-30 21:55:31 - app.utils.database - INFO - ✅ Session closed
21:55:31 | [32mINFO[0m | app.utils.database | ✅ Session closed
2025-09-30 21:55:31 - app.utils.database - INFO - 🔧 DEBUG: Committing session...
21:55:31 | [32mINFO[0m | app.utils.database | 🔧 DEBUG: Committing session...
2025-09-30 21:55:31 - app.utils.database - INFO - 🔧 DEBUG: Closing session...
21:55:31 | [32mINFO[0m | app.utils.database | 🔧 DEBUG: Closing session...
2025-09-30 21:55:31 - app.utils.database - INFO - 🔧 DEBUG: Session created: 4627512240
21:55:31 | [32mINFO[0m | app.utils.database | 🔧 DEBUG: Session created: 4627512240
2025-09-30 21:55:31 - app.utils.database - INFO - 🔧 DEBUG: Getting database session...
21:55:31 | [32mINFO[0m | app.utils.database | 🔧 DEBUG: Getting database session...
2025-09-30 21:55:31 - app.utils.database - INFO - ✅ Session committed successfully
21:55:31 | [32mINFO[0m | app.utils.database | ✅ Session committed successfully
2025-09-30 21:55:31 - app.utils.database - INFO - ✅ Session closed
21:55:31 | [32mINFO[0m | app.utils.database | ✅ Session closed
2025-09-30 21:55:31 - app.utils.database - INFO - 🔧 DEBUG: Engine already exists, skipping creation
21:55:31 | [32mINFO[0m | app.utils.database | 🔧 DEBUG: Engine already exists, skipping creation
2025-09-30 21:55:31 - app.utils.database - INFO - 🔧 DEBUG: Closing session...
21:55:31 | [32mINFO[0m | app.utils.database | 🔧 DEBUG: Closing session...
2025-09-30 21:55:31 - app.utils.database - INFO - 🔧 DEBUG: Getting database session...
21:55:31 | [32mINFO[0m | app.utils.database | 🔧 DEBUG: Getting database session...
2025-09-30 21:55:31 - app.utils.database - INFO - 🔧 DEBUG: Session created: 4640570480
21:55:31 | [32mINFO[0m | app.utils.database | 🔧 DEBUG: Session created: 4640570480
2025-09-30 21:55:31 - app.utils.database - INFO - ✅ Session closed
21:55:31 | [32mINFO[0m | app.utils.database | ✅ Session closed
2025-09-30 21:55:31 - app.utils.database - INFO - 🔧 DEBUG: Engine already exists, skipping creation
21:55:31 | [32mINFO[0m | app.utils.database | 🔧 DEBUG: Engine already exists, skipping creation
2025-09-30 21:55:31 - app.utils.database - INFO - 🔧 DEBUG: Getting database session...
21:55:31 | [32mINFO[0m | app.utils.database | 🔧 DEBUG: Getting database session...
2025-09-30 21:55:31 - app.services.contact_service - INFO - Retrieved 1 contacts for user 1
21:55:31 | [32mINFO[0m | app.services.contact_service | Retrieved 1 contacts for user 1
2025-09-30 21:55:31 - app.utils.database - INFO - 🔧 DEBUG: Session created: 4628630448
21:55:31 | [32mINFO[0m | app.utils.database | 🔧 DEBUG: Session created: 4628630448
2025-09-30 21:55:31 - app.utils.database - INFO - 🔧 DEBUG: Engine already exists, skipping creation
21:55:31 | [32mINFO[0m | app.utils.database | 🔧 DEBUG: Engine already exists, skipping creation
2025-09-30 21:55:31 - app.utils.database - INFO - 🔧 DEBUG: Committing session...
21:55:31 | [32mINFO[0m | app.utils.database | 🔧 DEBUG: Committing session...
2025-09-30 21:55:31 - app.utils.database - INFO - 🔧 DEBUG: Session created: 4640570000
21:55:31 | [32mINFO[0m | app.utils.database | 🔧 DEBUG: Session created: 4640570000
2025-09-30 21:55:31 - app.services.contact_service - INFO - Retrieved 1 contacts for user 1
21:55:31 | [32mINFO[0m | app.services.contact_service | Retrieved 1 contacts for user 1
2025-09-30 21:55:31 - app.utils.database - INFO - ✅ Session committed successfully
21:55:31 | [32mINFO[0m | app.utils.database | ✅ Session committed successfully
2025-09-30 21:55:31 - app.utils.database - INFO - 🔧 DEBUG: Committing session...
2025-09-30 21:55:31 - app.services.contact_service - INFO - Retrieved 1 contacts for user 1
21:55:31 | [32mINFO[0m | app.utils.database | 🔧 DEBUG: Committing session...
2025-09-30 21:55:31 - app.utils.database - INFO - 🔧 DEBUG: Closing session...
21:55:31 | [32mINFO[0m | app.services.contact_service | Retrieved 1 contacts for user 1
2025-09-30 21:55:31 - app.utils.database - INFO - ✅ Session committed successfully
2025-09-30 21:55:31 - app.utils.database - INFO - 🔧 DEBUG: Committing session...
21:55:31 | [32mINFO[0m | app.utils.database | 🔧 DEBUG: Closing session...
2025-09-30 21:55:31 - app.utils.database - INFO - ✅ Session closed
21:55:31 | [32mINFO[0m | app.utils.database | ✅ Session committed successfully
21:55:31 | [32mINFO[0m | app.utils.database | 🔧 DEBUG: Committing session...
2025-09-30 21:55:31 - app.utils.database - INFO - 🔧 DEBUG: Closing session...
21:55:31 | [32mINFO[0m | app.utils.database | ✅ Session closed
2025-09-30 21:55:31 - app.utils.database - INFO - ✅ Session committed successfully
2025-09-30 21:55:31 - app - INFO - Request completed
21:55:31 | [32mINFO[0m | app.utils.database | 🔧 DEBUG: Closing session...
2025-09-30 21:55:31 - app.utils.database - INFO - ✅ Session closed
21:55:31 | [32mINFO[0m | app.utils.database | ✅ Session committed successfully
2025-09-30 21:55:31 - app.utils.database - INFO - 🔧 DEBUG: Closing session...
21:55:31 | [32mINFO[0m | app | Request completed
21:55:31 | [32mINFO[0m | app.utils.database | ✅ Session closed
21:55:31 | [32mINFO[0m | app.utils.database | 🔧 DEBUG: Closing session...
21:55:31 | [32mINFO[0m | middleware | Response sent
2025-09-30 21:55:31 - app - INFO - Request completed
21:55:31 | [32mINFO[0m | app | Request completed
2025-09-30 21:55:31 - app.utils.database - INFO - ✅ Session closed
21:55:31 | [32mINFO[0m | app.utils.database | ✅ Session closed
21:55:31 | [32mINFO[0m | werkzeug | 127.0.0.1 - - [30/Sep/2025 21:55:31] "GET /api/contacts/ HTTP/1.1" 200 -
21:55:31 | [32mINFO[0m | middleware | Response sent
2025-09-30 21:55:31 - app.utils.database - INFO - 🔧 DEBUG: Committing session...
21:55:31 | [32mINFO[0m | app.utils.database | 🔧 DEBUG: Committing session...
2025-09-30 21:55:31 - app - INFO - Request completed
21:55:31 | [32mINFO[0m | app | Request completed
21:55:31 | [32mINFO[0m | werkzeug | 127.0.0.1 - - [30/Sep/2025 21:55:31] "GET /api/contacts/ HTTP/1.1" 200 -
2025-09-30 21:55:31 - app.utils.database - INFO - ✅ Session committed successfully
21:55:31 | [32mINFO[0m | app.utils.database | ✅ Session committed successfully
21:55:31 | [32mINFO[0m | middleware | Response sent
2025-09-30 21:55:31 - app.utils.database - INFO - 🔧 DEBUG: Closing session...
21:55:31 | [32mINFO[0m | app.utils.database | 🔧 DEBUG: Closing session...
21:55:31 | [32mINFO[0m | werkzeug | 127.0.0.1 - - [30/Sep/2025 21:55:31] "GET /api/contacts/ HTTP/1.1" 200 -
2025-09-30 21:55:31 - app.utils.database - INFO - ✅ Session closed
21:55:31 | [32mINFO[0m | app.utils.database | ✅ Session closed
2025-09-30 21:55:31 - app.utils.database - INFO - 🔧 DEBUG: Getting database session...
21:55:31 | [32mINFO[0m | app.utils.database | 🔧 DEBUG: Getting database session...
2025-09-30 21:55:31 - app.utils.database - INFO - 🔧 DEBUG: Engine already exists, skipping creation
21:55:31 | [32mINFO[0m | app.utils.database | 🔧 DEBUG: Engine already exists, skipping creation
2025-09-30 21:55:31 - app.utils.database - INFO - 🔧 DEBUG: Session created: 4629493360
21:55:31 | [32mINFO[0m | app.utils.database | 🔧 DEBUG: Session created: 4629493360
2025-09-30 21:55:31 - app.services.contact_service - INFO - Retrieved 1 contacts for user 1
21:55:31 | [32mINFO[0m | app.services.contact_service | Retrieved 1 contacts for user 1
2025-09-30 21:55:31 - app.utils.database - INFO - 🔧 DEBUG: Committing session...
21:55:31 | [32mINFO[0m | app.utils.database | 🔧 DEBUG: Committing session...
2025-09-30 21:55:31 - app.utils.database - INFO - ✅ Session committed successfully
21:55:31 | [32mINFO[0m | app.utils.database | ✅ Session committed successfully
2025-09-30 21:55:31 - app.utils.database - INFO - 🔧 DEBUG: Closing session...
21:55:31 | [32mINFO[0m | app.utils.database | 🔧 DEBUG: Closing session...
2025-09-30 21:55:31 - app.utils.database - INFO - ✅ Session closed
21:55:31 | [32mINFO[0m | app.utils.database | ✅ Session closed
2025-09-30 21:55:31 - app - INFO - Request completed
21:55:31 | [32mINFO[0m | app | Request completed
21:55:31 | [32mINFO[0m | middleware | Response sent
21:55:31 | [32mINFO[0m | werkzeug | 127.0.0.1 - - [30/Sep/2025 21:55:31] "GET /api/contacts/ HTTP/1.1" 200 -
21:55:52 | [32mINFO[0m | middleware | Request received
2025-09-30 21:55:52 - app - INFO - Request started
21:55:52 | [32mINFO[0m | app | Request started
2025-09-30 21:55:52 - app.utils.database - INFO - 🔧 DEBUG: Database URL resolved: sqlite:////Users/benedictleong/Library/Mobile Docu...
21:55:52 | [32mINFO[0m | app.utils.database | 🔧 DEBUG: Database URL resolved: sqlite:////Users/benedictleong/Library/Mobile Docu...
2025-09-30 21:55:52 - app.utils.database - INFO - 🔧 DEBUG: Getting database session...
21:55:52 | [32mINFO[0m | app.utils.database | 🔧 DEBUG: Getting database session...
2025-09-30 21:55:52 - app.utils.database - INFO - 🔧 DEBUG: Creating database engine...
21:55:52 | [32mINFO[0m | app.utils.database | 🔧 DEBUG: Creating database engine...
2025-09-30 21:55:52 - app.utils.database - INFO - 🔧 DEBUG: Original URL: sqlite:////Users/benedictleong/Library/Mobile Documents/com~apple~CloudDocs/2. Archive/2. Pet Projects /Spiderman-v3-main/kith-platform/local_kith_platform.db
21:55:52 | [32mINFO[0m | app.utils.database | 🔧 DEBUG: Original URL: sqlite:////Users/benedictleong/Library/Mobile Documents/com~apple~CloudDocs/2. Archive/2. Pet Projects /Spiderman-v3-main/kith-platform/local_kith_platform.db
2025-09-30 21:55:52 - app.utils.database - INFO - 🔧 DEBUG: Creating engine with URL: sqlite:////Users/benedictleong/Library/Mobile Docu...
21:55:52 | [32mINFO[0m | app.utils.database | 🔧 DEBUG: Creating engine with URL: sqlite:////Users/benedictleong/Library/Mobile Docu...
2025-09-30 21:55:52 - app.utils.database - INFO - 🔧 DEBUG: Testing database connection...
21:55:52 | [32mINFO[0m | app.utils.database | 🔧 DEBUG: Testing database connection...
2025-09-30 21:55:52 - app.utils.database - INFO - 🔧 DEBUG: Connection test successful, result: (1,)
21:55:52 | [32mINFO[0m | app.utils.database | 🔧 DEBUG: Connection test successful, result: (1,)
2025-09-30 21:55:52 - app.utils.database - INFO - ✅ Database connection successful
21:55:52 | [32mINFO[0m | app.utils.database | ✅ Database connection successful
2025-09-30 21:55:52 - app.utils.database - INFO - 🔧 DEBUG: Creating/verifying database tables...
21:55:52 | [32mINFO[0m | app.utils.database | 🔧 DEBUG: Creating/verifying database tables...
2025-09-30 21:55:52 - app.utils.database - INFO - ✅ Database tables created/verified
21:55:52 | [32mINFO[0m | app.utils.database | ✅ Database tables created/verified
2025-09-30 21:55:52 - app.utils.database - INFO - 🔧 DEBUG: Session created: 4627732032
21:55:52 | [32mINFO[0m | app.utils.database | 🔧 DEBUG: Session created: 4627732032
2025-09-30 21:55:52 - app.utils.database - INFO - 🔧 DEBUG: Committing session...
21:55:52 | [32mINFO[0m | app.utils.database | 🔧 DEBUG: Committing session...
2025-09-30 21:55:52 - app.utils.database - INFO - ✅ Session committed successfully
21:55:52 | [32mINFO[0m | app.utils.database | ✅ Session committed successfully
2025-09-30 21:55:52 - app.utils.database - INFO - 🔧 DEBUG: Closing session...
21:55:52 | [32mINFO[0m | app.utils.database | 🔧 DEBUG: Closing session...
2025-09-30 21:55:52 - app.utils.database - INFO - ✅ Session closed
21:55:52 | [32mINFO[0m | app.utils.database | ✅ Session closed
21:55:52 | [32mINFO[0m | root | Authenticated user 1 accessing main page
2025-09-30 21:55:52 - app - INFO - Request completed
21:55:52 | [32mINFO[0m | app | Request completed
21:55:52 | [32mINFO[0m | middleware | Response sent
21:55:52 | [32mINFO[0m | werkzeug | 127.0.0.1 - - [30/Sep/2025 21:55:52] "GET / HTTP/1.1" 200 -
21:55:52 | [32mINFO[0m | middleware | Request received
2025-09-30 21:55:52 - app - INFO - Request started
21:55:52 | [32mINFO[0m | app | Request started
2025-09-30 21:55:52 - app - INFO - Request completed
21:55:52 | [32mINFO[0m | app | Request completed
21:55:52 | [32mINFO[0m | middleware | Response sent
21:55:52 | [32mINFO[0m | werkzeug | 127.0.0.1 - - [30/Sep/2025 21:55:52] "[36mGET /static/style.css HTTP/1.1[0m" 304 -
21:55:52 | [32mINFO[0m | middleware | Request received
2025-09-30 21:55:52 - app - INFO - Request started
21:55:52 | [32mINFO[0m | app | Request started
21:55:52 | [32mINFO[0m | middleware | Request received
2025-09-30 21:55:52 - app - INFO - Request completed
21:55:52 | [32mINFO[0m | app | Request completed
21:55:52 | [32mINFO[0m | middleware | Request received
21:55:52 | [32mINFO[0m | middleware | Request received
21:55:52 | [32mINFO[0m | middleware | Request received
21:55:52 | [32mINFO[0m | middleware | Request received
2025-09-30 21:55:52 - app - INFO - Request started
2025-09-30 21:55:52 - app - INFO - Request started
21:55:52 | [32mINFO[0m | middleware | Response sent
21:55:52 | [32mINFO[0m | app | Request started
21:55:52 | [32mINFO[0m | app | Request started
21:55:52 | [32mINFO[0m | werkzeug | 127.0.0.1 - - [30/Sep/2025 21:55:52] "[36mGET /static/js/tag-management.js HTTP/1.1[0m" 304 -
2025-09-30 21:55:52 - app - INFO - Request started
21:55:52 | [32mINFO[0m | app | Request started
2025-09-30 21:55:52 - app - INFO - Request started
21:55:52 | [32mINFO[0m | app | Request started
2025-09-30 21:55:52 - app - INFO - Request started
21:55:52 | [32mINFO[0m | app | Request started
2025-09-30 21:55:52 - app - INFO - Request completed
21:55:52 | [32mINFO[0m | app | Request completed
2025-09-30 21:55:52 - app - INFO - Request completed
21:55:52 | [32mINFO[0m | app | Request completed
21:55:52 | [32mINFO[0m | middleware | Request received
2025-09-30 21:55:52 - app - INFO - Request completed
21:55:52 | [32mINFO[0m | middleware | Response sent
21:55:52 | [32mINFO[0m | middleware | Response sent
2025-09-30 21:55:52 - app - INFO - Request completed
21:55:52 | [32mINFO[0m | app | Request completed
21:55:52 | [32mINFO[0m | werkzeug | 127.0.0.1 - - [30/Sep/2025 21:55:52] "[36mGET /static/js/cache-manager.js HTTP/1.1[0m" 304 -
2025-09-30 21:55:52 - app - INFO - Request completed
2025-09-30 21:55:52 - app - INFO - Request started
21:55:52 | [32mINFO[0m | werkzeug | 127.0.0.1 - - [30/Sep/2025 21:55:52] "[36mGET /static/js/prefetch-manager.js HTTP/1.1[0m" 304 -
21:55:52 | [32mINFO[0m | app | Request completed
21:55:52 | [32mINFO[0m | app | Request completed
21:55:52 | [32mINFO[0m | middleware | Response sent
21:55:52 | [32mINFO[0m | app | Request started
21:55:52 | [32mINFO[0m | middleware | Response sent
21:55:52 | [32mINFO[0m | middleware | Response sent
21:55:52 | [32mINFO[0m | werkzeug | 127.0.0.1 - - [30/Sep/2025 21:55:52] "[36mGET /static/js/debounced-search.js HTTP/1.1[0m" 304 -
21:55:52 | [32mINFO[0m | werkzeug | 127.0.0.1 - - [30/Sep/2025 21:55:52] "[36mGET /static/js/lazy-loader.js HTTP/1.1[0m" 304 -
21:55:52 | [32mINFO[0m | werkzeug | 127.0.0.1 - - [30/Sep/2025 21:55:52] "[36mGET /static/js/main.js HTTP/1.1[0m" 304 -
21:55:52 | [32mINFO[0m | middleware | Request received
21:55:52 | [32mINFO[0m | middleware | Request received
2025-09-30 21:55:52 - app - INFO - Request completed
21:55:52 | [32mINFO[0m | middleware | Request received
21:55:52 | [32mINFO[0m | app | Request completed
2025-09-30 21:55:52 - app - INFO - Request started
21:55:52 | [32mINFO[0m | app | Request started
21:55:52 | [32mINFO[0m | middleware | Response sent
2025-09-30 21:55:52 - app - INFO - Request started
21:55:52 | [32mINFO[0m | app | Request started
2025-09-30 21:55:52 - app - INFO - Request started
21:55:52 | [32mINFO[0m | werkzeug | 127.0.0.1 - - [30/Sep/2025 21:55:52] "[36mGET /static/js/contacts.js HTTP/1.1[0m" 304 -
21:55:52 | [32mINFO[0m | app | Request started
2025-09-30 21:55:52 - app - INFO - Request completed
21:55:52 | [32mINFO[0m | app | Request completed
21:55:52 | [32mINFO[0m | middleware | Response sent
2025-09-30 21:55:52 - app - INFO - Request completed
21:55:52 | [32mINFO[0m | app | Request completed
21:55:52 | [32mINFO[0m | werkzeug | 127.0.0.1 - - [30/Sep/2025 21:55:52] "[36mGET /static/js/ui-enhancements.js HTTP/1.1[0m" 304 -
2025-09-30 21:55:52 - app - INFO - Request completed
21:55:52 | [32mINFO[0m | middleware | Response sent
21:55:52 | [32mINFO[0m | app | Request completed
21:55:52 | [32mINFO[0m | werkzeug | 127.0.0.1 - - [30/Sep/2025 21:55:52] "[36mGET /static/js/settings.js HTTP/1.1[0m" 304 -
21:55:52 | [32mINFO[0m | middleware | Response sent
21:55:52 | [32mINFO[0m | werkzeug | 127.0.0.1 - - [30/Sep/2025 21:55:52] "[36mGET /static/js/relationship-graph.js HTTP/1.1[0m" 304 -
21:55:52 | [32mINFO[0m | middleware | Request received
2025-09-30 21:55:52 - app - INFO - Request started
21:55:52 | [32mINFO[0m | app | Request started
21:55:52 | [32mINFO[0m | middleware | Request received
21:55:52 | [32mINFO[0m | middleware | Request received
21:55:52 | [32mINFO[0m | middleware | Request received
2025-09-30 21:55:52 - app - INFO - Request started
21:55:52 | [32mINFO[0m | app | Request started
2025-09-30 21:55:52 - app - INFO - Request started
21:55:52 | [32mINFO[0m | middleware | Request received
21:55:52 | [32mINFO[0m | app | Request started
2025-09-30 21:55:52 - app - ERROR - Unhandled exception
2025-09-30 21:55:52 - app - INFO - Request started
21:55:52 | [32mINFO[0m | middleware | Request received
21:55:52 | [31mERROR[0m | app | Unhandled exception
2025-09-30 21:55:52 - app.utils.database - INFO - 🔧 DEBUG: Database URL resolved: sqlite:////Users/benedictleong/Library/Mobile Docu...
21:55:52 | [32mINFO[0m | app | Request started
21:55:52 | [32mINFO[0m | app.utils.database | 🔧 DEBUG: Database URL resolved: sqlite:////Users/benedictleong/Library/Mobile Docu...
2025-09-30 21:55:52 - app.utils.database - INFO - 🔧 DEBUG: Database URL resolved: sqlite:////Users/benedictleong/Library/Mobile Docu...
21:55:52 | [32mINFO[0m | app.utils.database | 🔧 DEBUG: Database URL resolved: sqlite:////Users/benedictleong/Library/Mobile Docu...
2025-09-30 21:55:52 - app - INFO - Request started
21:55:52 | [32mINFO[0m | app | Request started
2025-09-30 21:55:52 - app - INFO - Request started
21:55:52 | [32mINFO[0m | app | Request started
2025-09-30 21:55:52 - app - INFO - Request completed
21:55:52 | [32mINFO[0m | app | Request completed
2025-09-30 21:55:52 - app.utils.database - INFO - 🔧 DEBUG: Getting database session...
21:55:52 | [32mINFO[0m | app.utils.database | 🔧 DEBUG: Getting database session...
2025-09-30 21:55:52 - app.utils.database - INFO - 🔧 DEBUG: Getting database session...
21:55:52 | [32mINFO[0m | app.utils.database | 🔧 DEBUG: Getting database session...
2025-09-30 21:55:52 - app - ERROR - Unhandled exception
21:55:52 | [31mERROR[0m | app | Unhandled exception
2025-09-30 21:55:52 - app - INFO - Request completed
21:55:52 | [32mINFO[0m | app | Request completed
2025-09-30 21:55:52 - app - INFO - Request completed
21:55:52 | [32mINFO[0m | app | Request completed
21:55:52 | [32mINFO[0m | middleware | Response sent
2025-09-30 21:55:52 - app.utils.database - INFO - 🔧 DEBUG: Creating database engine...
21:55:52 | [32mINFO[0m | app.utils.database | 🔧 DEBUG: Creating database engine...
2025-09-30 21:55:52 - app.utils.database - INFO - 🔧 DEBUG: Creating database engine...
21:55:52 | [32mINFO[0m | app.utils.database | 🔧 DEBUG: Creating database engine...
2025-09-30 21:55:52 - app - INFO - Request completed
21:55:52 | [32mINFO[0m | middleware | Response sent
21:55:52 | [32mINFO[0m | app | Request completed
21:55:52 | [32mINFO[0m | middleware | Response sent
21:55:52 | [32mINFO[0m | werkzeug | 127.0.0.1 - - [30/Sep/2025 21:55:52] "[35m[1mGET /api/tags HTTP/1.1[0m" 500 -
2025-09-30 21:55:52 - app.utils.database - INFO - 🔧 DEBUG: Original URL: sqlite:////Users/benedictleong/Library/Mobile Documents/com~apple~CloudDocs/2. Archive/2. Pet Projects /Spiderman-v3-main/kith-platform/local_kith_platform.db
21:55:52 | [32mINFO[0m | app.utils.database | 🔧 DEBUG: Original URL: sqlite:////Users/benedictleong/Library/Mobile Documents/com~apple~CloudDocs/2. Archive/2. Pet Projects /Spiderman-v3-main/kith-platform/local_kith_platform.db
2025-09-30 21:55:52 - app.utils.database - INFO - 🔧 DEBUG: Original URL: sqlite:////Users/benedictleong/Library/Mobile Documents/com~apple~CloudDocs/2. Archive/2. Pet Projects /Spiderman-v3-main/kith-platform/local_kith_platform.db
21:55:52 | [32mINFO[0m | werkzeug | 127.0.0.1 - - [30/Sep/2025 21:55:52] "[32mGET /api/contacts HTTP/1.1[0m" 308 -
21:55:52 | [32mINFO[0m | app.utils.database | 🔧 DEBUG: Original URL: sqlite:////Users/benedictleong/Library/Mobile Documents/com~apple~CloudDocs/2. Archive/2. Pet Projects /Spiderman-v3-main/kith-platform/local_kith_platform.db
21:55:52 | [32mINFO[0m | middleware | Response sent
21:55:52 | [32mINFO[0m | werkzeug | 127.0.0.1 - - [30/Sep/2025 21:55:52] "[32mGET /api/contacts HTTP/1.1[0m" 308 -
2025-09-30 21:55:52 - app.utils.database - INFO - 🔧 DEBUG: Creating engine with URL: sqlite:////Users/benedictleong/Library/Mobile Docu...
21:55:52 | [32mINFO[0m | app.utils.database | 🔧 DEBUG: Creating engine with URL: sqlite:////Users/benedictleong/Library/Mobile Docu...
2025-09-30 21:55:52 - app.utils.database - INFO - 🔧 DEBUG: Creating engine with URL: sqlite:////Users/benedictleong/Library/Mobile Docu...
21:55:52 | [32mINFO[0m | app.utils.database | 🔧 DEBUG: Creating engine with URL: sqlite:////Users/benedictleong/Library/Mobile Docu...
21:55:52 | [32mINFO[0m | werkzeug | 127.0.0.1 - - [30/Sep/2025 21:55:52] "[35m[1mGET /api/telegram/status HTTP/1.1[0m" 500 -
2025-09-30 21:55:52 - app.utils.database - INFO - 🔧 DEBUG: Testing database connection...
21:55:52 | [32mINFO[0m | app.utils.database | 🔧 DEBUG: Testing database connection...
21:55:52 | [32mINFO[0m | middleware | Request received
21:55:52 | [32mINFO[0m | middleware | Request received
2025-09-30 21:55:52 - app.utils.database - INFO - 🔧 DEBUG: Testing database connection...
21:55:52 | [32mINFO[0m | app.utils.database | 🔧 DEBUG: Testing database connection...
21:55:52 | [32mINFO[0m | middleware | Request received
21:55:52 | [32mINFO[0m | middleware | Request received
2025-09-30 21:55:52 - app - INFO - Request started
21:55:52 | [32mINFO[0m | app | Request started
2025-09-30 21:55:52 - app - INFO - Request started
2025-09-30 21:55:52 - app.utils.database - INFO - 🔧 DEBUG: Connection test successful, result: (1,)
2025-09-30 21:55:52 - app.utils.database - INFO - 🔧 DEBUG: Connection test successful, result: (1,)
21:55:52 | [32mINFO[0m | app | Request started
2025-09-30 21:55:52 - app - INFO - Request started
2025-09-30 21:55:52 - app.utils.database - INFO - 🔧 DEBUG: Database URL resolved: sqlite:////Users/benedictleong/Library/Mobile Docu...
2025-09-30 21:55:52 - app - INFO - Request started
21:55:52 | [32mINFO[0m | app.utils.database | 🔧 DEBUG: Connection test successful, result: (1,)
21:55:52 | [32mINFO[0m | app.utils.database | 🔧 DEBUG: Connection test successful, result: (1,)
2025-09-30 21:55:52 - app.utils.database - INFO - 🔧 DEBUG: Database URL resolved: sqlite:////Users/benedictleong/Library/Mobile Docu...
21:55:52 | [32mINFO[0m | app | Request started
21:55:52 | [32mINFO[0m | app.utils.database | 🔧 DEBUG: Database URL resolved: sqlite:////Users/benedictleong/Library/Mobile Docu...
2025-09-30 21:55:52 - app.utils.database - INFO - ✅ Database connection successful
21:55:52 | [32mINFO[0m | app | Request started
21:55:52 | [32mINFO[0m | app.utils.database | 🔧 DEBUG: Database URL resolved: sqlite:////Users/benedictleong/Library/Mobile Docu...
21:55:52 | [32mINFO[0m | app.utils.database | ✅ Database connection successful
2025-09-30 21:55:52 - app.utils.database - INFO - ✅ Database connection successful
21:55:52 | [32mINFO[0m | app.utils.database | ✅ Database connection successful
2025-09-30 21:55:52 - app.utils.database - INFO - 🔧 DEBUG: Database URL resolved: sqlite:////Users/benedictleong/Library/Mobile Docu...
21:55:52 | [32mINFO[0m | app.utils.database | 🔧 DEBUG: Database URL resolved: sqlite:////Users/benedictleong/Library/Mobile Docu...
2025-09-30 21:55:52 - app.utils.database - INFO - 🔧 DEBUG: Getting database session...
21:55:52 | [32mINFO[0m | app.utils.database | 🔧 DEBUG: Getting database session...
2025-09-30 21:55:52 - app.utils.database - INFO - 🔧 DEBUG: Database URL resolved: sqlite:////Users/benedictleong/Library/Mobile Docu...
21:55:52 | [32mINFO[0m | app.utils.database | 🔧 DEBUG: Database URL resolved: sqlite:////Users/benedictleong/Library/Mobile Docu...
2025-09-30 21:55:52 - app.utils.database - INFO - 🔧 DEBUG: Getting database session...
21:55:52 | [32mINFO[0m | app.utils.database | 🔧 DEBUG: Getting database session...
2025-09-30 21:55:52 - app.utils.database - INFO - 🔧 DEBUG: Creating/verifying database tables...
21:55:52 | [32mINFO[0m | app.utils.database | 🔧 DEBUG: Creating/verifying database tables...
2025-09-30 21:55:52 - app.utils.database - INFO - 🔧 DEBUG: Creating/verifying database tables...
21:55:52 | [32mINFO[0m | app.utils.database | 🔧 DEBUG: Creating/verifying database tables...
2025-09-30 21:55:52 - app.utils.database - INFO - 🔧 DEBUG: Getting database session...
21:55:52 | [32mINFO[0m | app.utils.database | 🔧 DEBUG: Getting database session...
2025-09-30 21:55:52 - app.utils.database - INFO - 🔧 DEBUG: Creating database engine...
21:55:52 | [32mINFO[0m | app.utils.database | 🔧 DEBUG: Creating database engine...
2025-09-30 21:55:52 - app.utils.database - INFO - 🔧 DEBUG: Getting database session...
21:55:52 | [32mINFO[0m | app.utils.database | 🔧 DEBUG: Getting database session...
2025-09-30 21:55:52 - app.utils.database - INFO - 🔧 DEBUG: Creating database engine...
21:55:52 | [32mINFO[0m | app.utils.database | 🔧 DEBUG: Creating database engine...
2025-09-30 21:55:52 - app.utils.database - INFO - 🔧 DEBUG: Creating database engine...
21:55:52 | [32mINFO[0m | app.utils.database | 🔧 DEBUG: Creating database engine...
2025-09-30 21:55:52 - app.utils.database - INFO - 🔧 DEBUG: Original URL: sqlite:////Users/benedictleong/Library/Mobile Documents/com~apple~CloudDocs/2. Archive/2. Pet Projects /Spiderman-v3-main/kith-platform/local_kith_platform.db
21:55:52 | [32mINFO[0m | app.utils.database | 🔧 DEBUG: Original URL: sqlite:////Users/benedictleong/Library/Mobile Documents/com~apple~CloudDocs/2. Archive/2. Pet Projects /Spiderman-v3-main/kith-platform/local_kith_platform.db
2025-09-30 21:55:52 - app.utils.database - INFO - 🔧 DEBUG: Creating database engine...
21:55:52 | [32mINFO[0m | app.utils.database | 🔧 DEBUG: Creating database engine...
2025-09-30 21:55:52 - app.utils.database - INFO - 🔧 DEBUG: Original URL: sqlite:////Users/benedictleong/Library/Mobile Documents/com~apple~CloudDocs/2. Archive/2. Pet Projects /Spiderman-v3-main/kith-platform/local_kith_platform.db
21:55:52 | [32mINFO[0m | app.utils.database | 🔧 DEBUG: Original URL: sqlite:////Users/benedictleong/Library/Mobile Documents/com~apple~CloudDocs/2. Archive/2. Pet Projects /Spiderman-v3-main/kith-platform/local_kith_platform.db
2025-09-30 21:55:52 - app.utils.database - INFO - 🔧 DEBUG: Original URL: sqlite:////Users/benedictleong/Library/Mobile Documents/com~apple~CloudDocs/2. Archive/2. Pet Projects /Spiderman-v3-main/kith-platform/local_kith_platform.db
21:55:52 | [32mINFO[0m | app.utils.database | 🔧 DEBUG: Original URL: sqlite:////Users/benedictleong/Library/Mobile Documents/com~apple~CloudDocs/2. Archive/2. Pet Projects /Spiderman-v3-main/kith-platform/local_kith_platform.db
2025-09-30 21:55:52 - app.utils.database - INFO - 🔧 DEBUG: Creating engine with URL: sqlite:////Users/benedictleong/Library/Mobile Docu...
21:55:52 | [32mINFO[0m | app.utils.database | 🔧 DEBUG: Creating engine with URL: sqlite:////Users/benedictleong/Library/Mobile Docu...
2025-09-30 21:55:52 - app.utils.database - INFO - 🔧 DEBUG: Original URL: sqlite:////Users/benedictleong/Library/Mobile Documents/com~apple~CloudDocs/2. Archive/2. Pet Projects /Spiderman-v3-main/kith-platform/local_kith_platform.db
21:55:52 | [32mINFO[0m | app.utils.database | 🔧 DEBUG: Original URL: sqlite:////Users/benedictleong/Library/Mobile Documents/com~apple~CloudDocs/2. Archive/2. Pet Projects /Spiderman-v3-main/kith-platform/local_kith_platform.db
2025-09-30 21:55:52 - app.utils.database - INFO - 🔧 DEBUG: Creating engine with URL: sqlite:////Users/benedictleong/Library/Mobile Docu...
2025-09-30 21:55:52 - app.utils.database - INFO - 🔧 DEBUG: Creating engine with URL: sqlite:////Users/benedictleong/Library/Mobile Docu...
21:55:52 | [32mINFO[0m | app.utils.database | 🔧 DEBUG: Creating engine with URL: sqlite:////Users/benedictleong/Library/Mobile Docu...
2025-09-30 21:55:52 - app.utils.database - INFO - 🔧 DEBUG: Creating engine with URL: sqlite:////Users/benedictleong/Library/Mobile Docu...
21:55:52 | [32mINFO[0m | app.utils.database | 🔧 DEBUG: Creating engine with URL: sqlite:////Users/benedictleong/Library/Mobile Docu...
2025-09-30 21:55:52 - app.utils.database - INFO - 🔧 DEBUG: Testing database connection...
21:55:52 | [32mINFO[0m | app.utils.database | 🔧 DEBUG: Creating engine with URL: sqlite:////Users/benedictleong/Library/Mobile Docu...
21:55:52 | [32mINFO[0m | app.utils.database | 🔧 DEBUG: Testing database connection...
2025-09-30 21:55:52 - app.utils.database - INFO - 🔧 DEBUG: Testing database connection...
21:55:52 | [32mINFO[0m | app.utils.database | 🔧 DEBUG: Testing database connection...
2025-09-30 21:55:52 - app.utils.database - INFO - 🔧 DEBUG: Testing database connection...
21:55:52 | [32mINFO[0m | app.utils.database | 🔧 DEBUG: Testing database connection...
2025-09-30 21:55:52 - app.utils.database - INFO - 🔧 DEBUG: Testing database connection...
21:55:52 | [32mINFO[0m | app.utils.database | 🔧 DEBUG: Testing database connection...
2025-09-30 21:55:52 - app.utils.database - INFO - 🔧 DEBUG: Connection test successful, result: (1,)
21:55:52 | [32mINFO[0m | app.utils.database | 🔧 DEBUG: Connection test successful, result: (1,)
2025-09-30 21:55:52 - app.utils.database - INFO - 🔧 DEBUG: Connection test successful, result: (1,)
21:55:52 | [32mINFO[0m | app.utils.database | 🔧 DEBUG: Connection test successful, result: (1,)
2025-09-30 21:55:52 - app.utils.database - INFO - 🔧 DEBUG: Connection test successful, result: (1,)
21:55:52 | [32mINFO[0m | app.utils.database | 🔧 DEBUG: Connection test successful, result: (1,)
2025-09-30 21:55:52 - app.utils.database - INFO - ✅ Database connection successful
21:55:52 | [32mINFO[0m | app.utils.database | ✅ Database connection successful
2025-09-30 21:55:52 - app.utils.database - INFO - 🔧 DEBUG: Connection test successful, result: (1,)
21:55:52 | [32mINFO[0m | app.utils.database | 🔧 DEBUG: Connection test successful, result: (1,)
2025-09-30 21:55:52 - app.utils.database - INFO - ✅ Database connection successful
21:55:52 | [32mINFO[0m | app.utils.database | ✅ Database connection successful
2025-09-30 21:55:52 - app.utils.database - INFO - ✅ Database connection successful
21:55:52 | [32mINFO[0m | app.utils.database | ✅ Database connection successful
2025-09-30 21:55:52 - app.utils.database - INFO - ✅ Database tables created/verified
21:55:52 | [32mINFO[0m | app.utils.database | ✅ Database tables created/verified
2025-09-30 21:55:52 - app.utils.database - INFO - 🔧 DEBUG: Creating/verifying database tables...
21:55:52 | [32mINFO[0m | app.utils.database | 🔧 DEBUG: Creating/verifying database tables...
2025-09-30 21:55:52 - app.utils.database - INFO - ✅ Database tables created/verified
21:55:52 | [32mINFO[0m | app.utils.database | ✅ Database tables created/verified
2025-09-30 21:55:52 - app.utils.database - INFO - ✅ Database connection successful
21:55:52 | [32mINFO[0m | app.utils.database | ✅ Database connection successful
2025-09-30 21:55:52 - app.utils.database - INFO - 🔧 DEBUG: Creating/verifying database tables...
21:55:52 | [32mINFO[0m | app.utils.database | 🔧 DEBUG: Creating/verifying database tables...
2025-09-30 21:55:52 - app.utils.database - INFO - 🔧 DEBUG: Creating/verifying database tables...
21:55:52 | [32mINFO[0m | app.utils.database | 🔧 DEBUG: Creating/verifying database tables...
2025-09-30 21:55:52 - app.utils.database - INFO - 🔧 DEBUG: Session created: 4627674448
21:55:52 | [32mINFO[0m | app.utils.database | 🔧 DEBUG: Session created: 4627674448
2025-09-30 21:55:52 - app.utils.database - INFO - 🔧 DEBUG: Session created: 4628751504
21:55:52 | [32mINFO[0m | app.utils.database | 🔧 DEBUG: Session created: 4628751504
2025-09-30 21:55:52 - app.utils.database - INFO - 🔧 DEBUG: Creating/verifying database tables...
21:55:52 | [32mINFO[0m | app.utils.database | 🔧 DEBUG: Creating/verifying database tables...
2025-09-30 21:55:52 - app.utils.database - INFO - 🔧 DEBUG: Committing session...
21:55:52 | [32mINFO[0m | app.utils.database | 🔧 DEBUG: Committing session...
2025-09-30 21:55:52 - app.utils.database - INFO - 🔧 DEBUG: Committing session...
21:55:52 | [32mINFO[0m | app.utils.database | 🔧 DEBUG: Committing session...
2025-09-30 21:55:52 - app.utils.database - INFO - ✅ Session committed successfully
21:55:52 | [32mINFO[0m | app.utils.database | ✅ Session committed successfully
2025-09-30 21:55:52 - app.utils.database - INFO - ✅ Session committed successfully
21:55:52 | [32mINFO[0m | app.utils.database | ✅ Session committed successfully
2025-09-30 21:55:52 - app.utils.database - INFO - 🔧 DEBUG: Closing session...
21:55:52 | [32mINFO[0m | app.utils.database | 🔧 DEBUG: Closing session...
2025-09-30 21:55:52 - app.utils.database - INFO - 🔧 DEBUG: Closing session...
21:55:52 | [32mINFO[0m | app.utils.database | 🔧 DEBUG: Closing session...
2025-09-30 21:55:52 - app.utils.database - INFO - ✅ Session closed
21:55:52 | [32mINFO[0m | app.utils.database | ✅ Session closed
2025-09-30 21:55:52 - app.utils.database - INFO - ✅ Session closed
21:55:52 | [32mINFO[0m | app.utils.database | ✅ Session closed
2025-09-30 21:55:52 - app.utils.database - INFO - 🔧 DEBUG: Getting database session...
21:55:52 | [32mINFO[0m | app.utils.database | 🔧 DEBUG: Getting database session...
2025-09-30 21:55:52 - app.utils.database - INFO - 🔧 DEBUG: Getting database session...
2025-09-30 21:55:52 - app.utils.database - INFO - 🔧 DEBUG: Engine already exists, skipping creation
21:55:52 | [32mINFO[0m | app.utils.database | 🔧 DEBUG: Getting database session...
21:55:52 | [32mINFO[0m | app.utils.database | 🔧 DEBUG: Engine already exists, skipping creation
2025-09-30 21:55:52 - app.utils.database - INFO - 🔧 DEBUG: Engine already exists, skipping creation
21:55:52 | [32mINFO[0m | app.utils.database | 🔧 DEBUG: Engine already exists, skipping creation
2025-09-30 21:55:52 - app.utils.database - INFO - ✅ Database tables created/verified
21:55:52 | [32mINFO[0m | app.utils.database | ✅ Database tables created/verified
2025-09-30 21:55:52 - app.utils.database - INFO - 🔧 DEBUG: Session created: 4627731600
21:55:52 | [32mINFO[0m | app.utils.database | 🔧 DEBUG: Session created: 4627731600
2025-09-30 21:55:52 - app.utils.database - INFO - 🔧 DEBUG: Session created: 4628806288
21:55:52 | [32mINFO[0m | app.utils.database | 🔧 DEBUG: Session created: 4628806288
2025-09-30 21:55:52 - app.utils.database - INFO - ✅ Database tables created/verified
2025-09-30 21:55:52 - app.utils.database - INFO - 🔧 DEBUG: Session created: 4629520496
2025-09-30 21:55:52 - app.services.contact_service - INFO - Retrieved 1 contacts for user 1
21:55:52 | [32mINFO[0m | app.utils.database | ✅ Database tables created/verified
21:55:52 | [32mINFO[0m | app.utils.database | 🔧 DEBUG: Session created: 4629520496
2025-09-30 21:55:52 - app.utils.database - INFO - ✅ Database tables created/verified
2025-09-30 21:55:52 - app.services.contact_service - INFO - Retrieved 1 contacts for user 1
21:55:52 | [32mINFO[0m | app.services.contact_service | Retrieved 1 contacts for user 1
21:55:52 | [32mINFO[0m | app.utils.database | ✅ Database tables created/verified
2025-09-30 21:55:52 - app.utils.database - INFO - 🔧 DEBUG: Session created: 4629521744
21:55:52 | [32mINFO[0m | app.services.contact_service | Retrieved 1 contacts for user 1
2025-09-30 21:55:52 - app.utils.database - INFO - 🔧 DEBUG: Committing session...
21:55:52 | [32mINFO[0m | app.utils.database | 🔧 DEBUG: Session created: 4629521744
21:55:52 | [32mINFO[0m | app.utils.database | 🔧 DEBUG: Committing session...
2025-09-30 21:55:52 - app.utils.database - INFO - 🔧 DEBUG: Committing session...
2025-09-30 21:55:52 - app.utils.database - INFO - 🔧 DEBUG: Session created: 4629521648
21:55:52 | [32mINFO[0m | app.utils.database | 🔧 DEBUG: Committing session...
21:55:52 | [32mINFO[0m | app.utils.database | 🔧 DEBUG: Session created: 4629521648
2025-09-30 21:55:52 - app.utils.database - INFO - 🔧 DEBUG: Committing session...
21:55:52 | [32mINFO[0m | app.utils.database | 🔧 DEBUG: Committing session...
2025-09-30 21:55:52 - app.utils.database - INFO - ✅ Database tables created/verified
21:55:52 | [32mINFO[0m | app.utils.database | ✅ Database tables created/verified
2025-09-30 21:55:52 - app.utils.database - INFO - ✅ Session committed successfully
21:55:52 | [32mINFO[0m | app.utils.database | ✅ Session committed successfully
2025-09-30 21:55:52 - app.utils.database - INFO - ✅ Session committed successfully
21:55:52 | [32mINFO[0m | app.utils.database | ✅ Session committed successfully
2025-09-30 21:55:52 - app.utils.database - INFO - 🔧 DEBUG: Committing session...
21:55:52 | [32mINFO[0m | app.utils.database | 🔧 DEBUG: Committing session...
2025-09-30 21:55:52 - app.utils.database - INFO - ✅ Session committed successfully
21:55:52 | [32mINFO[0m | app.utils.database | ✅ Session committed successfully
2025-09-30 21:55:52 - app.utils.database - INFO - 🔧 DEBUG: Committing session...
21:55:52 | [32mINFO[0m | app.utils.database | 🔧 DEBUG: Committing session...
2025-09-30 21:55:52 - app.utils.database - INFO - 🔧 DEBUG: Session created: 4640601136
21:55:52 | [32mINFO[0m | app.utils.database | 🔧 DEBUG: Session created: 4640601136
2025-09-30 21:55:52 - app.utils.database - INFO - 🔧 DEBUG: Closing session...
21:55:52 | [32mINFO[0m | app.utils.database | 🔧 DEBUG: Closing session...
2025-09-30 21:55:52 - app.utils.database - INFO - 🔧 DEBUG: Closing session...
21:55:52 | [32mINFO[0m | app.utils.database | 🔧 DEBUG: Closing session...
2025-09-30 21:55:52 - app.utils.database - INFO - ✅ Session committed successfully
21:55:52 | [32mINFO[0m | app.utils.database | ✅ Session committed successfully
2025-09-30 21:55:52 - app.utils.database - INFO - 🔧 DEBUG: Closing session...
2025-09-30 21:55:52 - app.utils.database - INFO - ✅ Session committed successfully
21:55:52 | [32mINFO[0m | app.utils.database | 🔧 DEBUG: Closing session...
21:55:52 | [32mINFO[0m | app.utils.database | ✅ Session committed successfully
2025-09-30 21:55:52 - app.utils.database - INFO - ✅ Session closed
21:55:52 | [32mINFO[0m | app.utils.database | ✅ Session closed
2025-09-30 21:55:52 - app.utils.database - INFO - ✅ Session closed
2025-09-30 21:55:52 - app.utils.database - INFO - 🔧 DEBUG: Committing session...
21:55:52 | [32mINFO[0m | app.utils.database | ✅ Session closed
21:55:52 | [32mINFO[0m | app.utils.database | 🔧 DEBUG: Committing session...
2025-09-30 21:55:52 - app.utils.database - INFO - 🔧 DEBUG: Closing session...
21:55:52 | [32mINFO[0m | app.utils.database | 🔧 DEBUG: Closing session...
2025-09-30 21:55:52 - app.utils.database - INFO - ✅ Session closed
21:55:52 | [32mINFO[0m | app.utils.database | ✅ Session closed
2025-09-30 21:55:52 - app.utils.database - INFO - 🔧 DEBUG: Closing session...
21:55:52 | [32mINFO[0m | app.utils.database | 🔧 DEBUG: Closing session...
2025-09-30 21:55:52 - app - INFO - Request completed
21:55:52 | [32mINFO[0m | app | Request completed
2025-09-30 21:55:52 - app.utils.database - INFO - 🔧 DEBUG: Getting database session...
21:55:52 | [32mINFO[0m | app.utils.database | 🔧 DEBUG: Getting database session...
2025-09-30 21:55:52 - app.utils.database - INFO - ✅ Session committed successfully
21:55:52 | [32mINFO[0m | app.utils.database | ✅ Session committed successfully
2025-09-30 21:55:52 - app.utils.database - INFO - ✅ Session closed
2025-09-30 21:55:52 - app - INFO - Request completed
2025-09-30 21:55:52 - app.utils.database - INFO - ✅ Session closed
2025-09-30 21:55:52 - app.utils.database - INFO - 🔧 DEBUG: Engine already exists, skipping creation
21:55:52 | [32mINFO[0m | app.utils.database | ✅ Session closed
21:55:52 | [32mINFO[0m | middleware | Response sent
2025-09-30 21:55:52 - app.utils.database - INFO - 🔧 DEBUG: Closing session...
21:55:52 | [32mINFO[0m | app | Request completed
2025-09-30 21:55:52 - app.utils.database - INFO - 🔧 DEBUG: Getting database session...
21:55:52 | [32mINFO[0m | app.utils.database | ✅ Session closed
21:55:52 | [32mINFO[0m | app.utils.database | 🔧 DEBUG: Engine already exists, skipping creation
2025-09-30 21:55:52 - app.utils.database - INFO - 🔧 DEBUG: Getting database session...
21:55:52 | [32mINFO[0m | werkzeug | 127.0.0.1 - - [30/Sep/2025 21:55:52] "GET /api/contacts/?tier=1&_=1759240552444 HTTP/1.1" 200 -
2025-09-30 21:55:52 - app.utils.database - INFO - 🔧 DEBUG: Session created: 4641794848
21:55:52 | [32mINFO[0m | app.utils.database | 🔧 DEBUG: Closing session...
2025-09-30 21:55:52 - app.utils.database - INFO - ✅ Session closed
21:55:52 | [32mINFO[0m | middleware | Response sent
21:55:52 | [32mINFO[0m | app.utils.database | 🔧 DEBUG: Getting database session...
21:55:52 | [32mINFO[0m | app.utils.database | 🔧 DEBUG: Getting database session...
2025-09-30 21:55:52 - app.utils.database - INFO - 🔧 DEBUG: Engine already exists, skipping creation
21:55:52 | [32mINFO[0m | app.utils.database | 🔧 DEBUG: Session created: 4641794848
2025-09-30 21:55:52 - app.utils.database - INFO - 🔧 DEBUG: Engine already exists, skipping creation
21:55:52 | [32mINFO[0m | app.utils.database | ✅ Session closed
21:55:52 | [32mINFO[0m | werkzeug | 127.0.0.1 - - [30/Sep/2025 21:55:52] "GET /api/contacts/?tier=2&_=1759240552444 HTTP/1.1" 200 -
2025-09-30 21:55:52 - app.utils.database - INFO - 🔧 DEBUG: Getting database session...
21:55:52 | [32mINFO[0m | app.utils.database | 🔧 DEBUG: Engine already exists, skipping creation
21:55:52 | [32mINFO[0m | app.utils.database | 🔧 DEBUG: Engine already exists, skipping creation
2025-09-30 21:55:52 - app.services.contact_service - INFO - Retrieved 1 contacts for user 1
21:55:52 | [32mINFO[0m | middleware | Request received
2025-09-30 21:55:52 - app.utils.database - INFO - 🔧 DEBUG: Session created: 4640568944
21:55:52 | [32mINFO[0m | app.utils.database | 🔧 DEBUG: Getting database session...
21:55:52 | [32mINFO[0m | app.services.contact_service | Retrieved 1 contacts for user 1
2025-09-30 21:55:52 - app.utils.database - INFO - 🔧 DEBUG: Session created: 4641795280
2025-09-30 21:55:52 - app - INFO - Request started
21:55:52 | [32mINFO[0m | app.utils.database | 🔧 DEBUG: Session created: 4640568944
21:55:52 | [32mINFO[0m | app.utils.database | 🔧 DEBUG: Session created: 4641795280
21:55:52 | [32mINFO[0m | app | Request started
2025-09-30 21:55:52 - app.utils.database - INFO - 🔧 DEBUG: Engine already exists, skipping creation
2025-09-30 21:55:52 - app.utils.database - INFO - 🔧 DEBUG: Committing session...
21:55:52 | [32mINFO[0m | app.utils.database | 🔧 DEBUG: Engine already exists, skipping creation
2025-09-30 21:55:52 - app.services.contact_service - INFO - Retrieved 1 contacts for user 1
21:55:52 | [32mINFO[0m | middleware | Request received
21:55:52 | [32mINFO[0m | app.utils.database | 🔧 DEBUG: Committing session...
2025-09-30 21:55:52 - app.utils.database - INFO - 🔧 DEBUG: Database URL resolved: sqlite:////Users/benedictleong/Library/Mobile Docu...
21:55:52 | [32mINFO[0m | app.services.contact_service | Retrieved 1 contacts for user 1
2025-09-30 21:55:52 - app.services.contact_service - INFO - Retrieved 1 contacts for user 1
21:55:52 | [32mINFO[0m | app.utils.database | 🔧 DEBUG: Database URL resolved: sqlite:////Users/benedictleong/Library/Mobile Docu...
2025-09-30 21:55:52 - app.utils.database - INFO - 🔧 DEBUG: Session created: 4627561680
21:55:52 | [32mINFO[0m | app.services.contact_service | Retrieved 1 contacts for user 1
21:55:52 | [32mINFO[0m | app.utils.database | 🔧 DEBUG: Session created: 4627561680
2025-09-30 21:55:52 - app.utils.database - INFO - ✅ Session committed successfully
21:55:52 | [32mINFO[0m | app.utils.database | ✅ Session committed successfully
2025-09-30 21:55:52 - app - INFO - Request started
21:55:52 | [32mINFO[0m | app | Request started
2025-09-30 21:55:52 - app.utils.database - INFO - 🔧 DEBUG: Committing session...
21:55:52 | [32mINFO[0m | app.utils.database | 🔧 DEBUG: Committing session...
2025-09-30 21:55:52 - app.utils.database - INFO - 🔧 DEBUG: Getting database session...
21:55:52 | [32mINFO[0m | app.utils.database | 🔧 DEBUG: Getting database session...
2025-09-30 21:55:52 - app.utils.database - INFO - 🔧 DEBUG: Committing session...
21:55:52 | [32mINFO[0m | app.utils.database | 🔧 DEBUG: Committing session...
2025-09-30 21:55:52 - app.utils.database - INFO - 🔧 DEBUG: Closing session...
21:55:52 | [32mINFO[0m | app.utils.database | 🔧 DEBUG: Closing session...
2025-09-30 21:55:52 - app.services.contact_service - INFO - Retrieved 1 contacts for user 1
21:55:52 | [32mINFO[0m | app.services.contact_service | Retrieved 1 contacts for user 1
2025-09-30 21:55:52 - app.utils.database - INFO - ✅ Session committed successfully
2025-09-30 21:55:52 - app.utils.database - INFO - 🔧 DEBUG: Creating database engine...
21:55:52 | [32mINFO[0m | app.utils.database | ✅ Session committed successfully
2025-09-30 21:55:52 - app.utils.database - INFO - ✅ Session committed successfully
2025-09-30 21:55:52 - app.utils.database - INFO - ✅ Session closed
2025-09-30 21:55:52 - app.utils.database - INFO - 🔧 DEBUG: Committing session...
21:55:52 | [32mINFO[0m | app.utils.database | 🔧 DEBUG: Creating database engine...
21:55:52 | [32mINFO[0m | app.utils.database | ✅ Session committed successfully
21:55:52 | [32mINFO[0m | app.utils.database | ✅ Session closed
2025-09-30 21:55:52 - app - ERROR - Unhandled exception
2025-09-30 21:55:52 - app.utils.database - INFO - 🔧 DEBUG: Closing session...
21:55:52 | [32mINFO[0m | app.utils.database | 🔧 DEBUG: Committing session...
21:55:52 | [31mERROR[0m | app | Unhandled exception
21:55:52 | [32mINFO[0m | app.utils.database | 🔧 DEBUG: Closing session...
2025-09-30 21:55:52 - app.utils.database - INFO - 🔧 DEBUG: Original URL: sqlite:////Users/benedictleong/Library/Mobile Documents/com~apple~CloudDocs/2. Archive/2. Pet Projects /Spiderman-v3-main/kith-platform/local_kith_platform.db
21:55:52 | [32mINFO[0m | app.utils.database | 🔧 DEBUG: Original URL: sqlite:////Users/benedictleong/Library/Mobile Documents/com~apple~CloudDocs/2. Archive/2. Pet Projects /Spiderman-v3-main/kith-platform/local_kith_platform.db
2025-09-30 21:55:52 - app.utils.database - INFO - 🔧 DEBUG: Closing session...
21:55:52 | [32mINFO[0m | app.utils.database | 🔧 DEBUG: Closing session...
2025-09-30 21:55:52 - app - INFO - Request completed
21:55:52 | [32mINFO[0m | app | Request completed
2025-09-30 21:55:52 - app.utils.database - INFO - ✅ Session committed successfully
21:55:52 | [32mINFO[0m | app.utils.database | ✅ Session committed successfully
2025-09-30 21:55:52 - app.utils.database - INFO - ✅ Session closed
21:55:52 | [32mINFO[0m | app.utils.database | ✅ Session closed
2025-09-30 21:55:52 - app - INFO - Request completed
21:55:52 | [32mINFO[0m | app | Request completed
2025-09-30 21:55:52 - app.utils.database - INFO - 🔧 DEBUG: Creating engine with URL: sqlite:////Users/benedictleong/Library/Mobile Docu...
21:55:52 | [32mINFO[0m | middleware | Response sent
2025-09-30 21:55:52 - app.utils.database - INFO - ✅ Session closed
21:55:52 | [32mINFO[0m | app.utils.database | 🔧 DEBUG: Creating engine with URL: sqlite:////Users/benedictleong/Library/Mobile Docu...
21:55:52 | [32mINFO[0m | app.utils.database | ✅ Session closed
2025-09-30 21:55:52 - app.utils.database - INFO - 🔧 DEBUG: Closing session...
21:55:52 | [32mINFO[0m | app.utils.database | 🔧 DEBUG: Closing session...
2025-09-30 21:55:52 - app - INFO - Request completed
21:55:52 | [32mINFO[0m | app | Request completed
21:55:52 | [32mINFO[0m | middleware | Response sent
21:55:52 | [32mINFO[0m | werkzeug | 127.0.0.1 - - [30/Sep/2025 21:55:52] "GET /api/contacts/ HTTP/1.1" 200 -
2025-09-30 21:55:52 - app.utils.database - INFO - 🔧 DEBUG: Testing database connection...
21:55:52 | [32mINFO[0m | app.utils.database | 🔧 DEBUG: Testing database connection...
2025-09-30 21:55:52 - app - INFO - Request completed
21:55:52 | [32mINFO[0m | app | Request completed
2025-09-30 21:55:52 - app.utils.database - INFO - ✅ Session closed
21:55:52 | [32mINFO[0m | app.utils.database | ✅ Session closed
21:55:52 | [32mINFO[0m | middleware | Response sent
21:55:52 | [32mINFO[0m | werkzeug | 127.0.0.1 - - [30/Sep/2025 21:55:52] "[35m[1mGET /api/telegram/status HTTP/1.1[0m" 500 -
21:55:52 | [32mINFO[0m | middleware | Response sent
2025-09-30 21:55:52 - app - INFO - Request completed
21:55:52 | [32mINFO[0m | app | Request completed
2025-09-30 21:55:52 - app.utils.database - INFO - 🔧 DEBUG: Connection test successful, result: (1,)
21:55:52 | [32mINFO[0m | app.utils.database | 🔧 DEBUG: Connection test successful, result: (1,)
21:55:52 | [32mINFO[0m | werkzeug | 127.0.0.1 - - [30/Sep/2025 21:55:52] "GET /api/contacts/ HTTP/1.1" 200 -
21:55:52 | [32mINFO[0m | werkzeug | 127.0.0.1 - - [30/Sep/2025 21:55:52] "GET /api/contacts/ HTTP/1.1" 200 -
21:55:52 | [32mINFO[0m | middleware | Response sent
2025-09-30 21:55:52 - app.utils.database - INFO - ✅ Database connection successful
21:55:52 | [32mINFO[0m | app.utils.database | ✅ Database connection successful
21:55:52 | [32mINFO[0m | werkzeug | 127.0.0.1 - - [30/Sep/2025 21:55:52] "GET /api/contacts/?tier=1&_=1759240552445 HTTP/1.1" 200 -
2025-09-30 21:55:52 - app.utils.database - INFO - 🔧 DEBUG: Creating/verifying database tables...
21:55:52 | [32mINFO[0m | app.utils.database | 🔧 DEBUG: Creating/verifying database tables...
2025-09-30 21:55:52 - app.utils.database - INFO - ✅ Database tables created/verified
21:55:52 | [32mINFO[0m | app.utils.database | ✅ Database tables created/verified
2025-09-30 21:55:52 - app.utils.database - INFO - 🔧 DEBUG: Session created: 4640601136
21:55:52 | [32mINFO[0m | app.utils.database | 🔧 DEBUG: Session created: 4640601136
2025-09-30 21:55:52 - app.utils.database - INFO - 🔧 DEBUG: Committing session...
21:55:52 | [32mINFO[0m | app.utils.database | 🔧 DEBUG: Committing session...
2025-09-30 21:55:52 - app.utils.database - INFO - ✅ Session committed successfully
21:55:52 | [32mINFO[0m | app.utils.database | ✅ Session committed successfully
2025-09-30 21:55:52 - app.utils.database - INFO - 🔧 DEBUG: Closing session...
21:55:52 | [32mINFO[0m | app.utils.database | 🔧 DEBUG: Closing session...
2025-09-30 21:55:52 - app.utils.database - INFO - ✅ Session closed
21:55:52 | [32mINFO[0m | app.utils.database | ✅ Session closed
2025-09-30 21:55:52 - app.utils.database - INFO - 🔧 DEBUG: Getting database session...
21:55:52 | [32mINFO[0m | app.utils.database | 🔧 DEBUG: Getting database session...
2025-09-30 21:55:52 - app.utils.database - INFO - 🔧 DEBUG: Engine already exists, skipping creation
21:55:52 | [32mINFO[0m | app.utils.database | 🔧 DEBUG: Engine already exists, skipping creation
2025-09-30 21:55:52 - app.utils.database - INFO - 🔧 DEBUG: Session created: 4627932064
21:55:52 | [32mINFO[0m | app.utils.database | 🔧 DEBUG: Session created: 4627932064
2025-09-30 21:55:52 - app.services.contact_service - INFO - Retrieved 1 contacts for user 1
21:55:52 | [32mINFO[0m | app.services.contact_service | Retrieved 1 contacts for user 1
2025-09-30 21:55:52 - app.utils.database - INFO - 🔧 DEBUG: Committing session...
21:55:52 | [32mINFO[0m | app.utils.database | 🔧 DEBUG: Committing session...
2025-09-30 21:55:52 - app.utils.database - INFO - ✅ Session committed successfully
21:55:52 | [32mINFO[0m | app.utils.database | ✅ Session committed successfully
2025-09-30 21:55:52 - app.utils.database - INFO - 🔧 DEBUG: Closing session...
21:55:52 | [32mINFO[0m | app.utils.database | 🔧 DEBUG: Closing session...
2025-09-30 21:55:52 - app.utils.database - INFO - ✅ Session closed
21:55:52 | [32mINFO[0m | app.utils.database | ✅ Session closed
2025-09-30 21:55:52 - app - INFO - Request completed
21:55:52 | [32mINFO[0m | app | Request completed
21:55:52 | [32mINFO[0m | middleware | Response sent
21:55:52 | [32mINFO[0m | werkzeug | 127.0.0.1 - - [30/Sep/2025 21:55:52] "GET /api/contacts/?tier=2&_=1759240552445 HTTP/1.1" 200 -
21:55:54 | [32mINFO[0m | middleware | Request received
2025-09-30 21:55:54 - app - INFO - Request started
21:55:54 | [32mINFO[0m | app | Request started
2025-09-30 21:55:54 - app - ERROR - Unhandled exception
21:55:54 | [31mERROR[0m | app | Unhandled exception
21:55:54 | [32mINFO[0m | middleware | Request received
2025-09-30 21:55:54 - app - INFO - Request completed
21:55:54 | [32mINFO[0m | middleware | Request received
21:55:54 | [32mINFO[0m | middleware | Request received
2025-09-30 21:55:54 - app - INFO - Request started
21:55:54 | [32mINFO[0m | middleware | Request received
2025-09-30 21:55:54 - app - INFO - Request started
21:55:54 | [32mINFO[0m | app | Request completed
21:55:54 | [32mINFO[0m | app | Request started
2025-09-30 21:55:54 - app - INFO - Request started
21:55:54 | [32mINFO[0m | app | Request started
2025-09-30 21:55:54 - app - INFO - Request started
21:55:54 | [32mINFO[0m | middleware | Response sent
21:55:54 | [32mINFO[0m | app | Request started
2025-09-30 21:55:54 - app.utils.database - INFO - 🔧 DEBUG: Database URL resolved: sqlite:////Users/benedictleong/Library/Mobile Docu...
21:55:54 | [32mINFO[0m | app | Request started
21:55:54 | [32mINFO[0m | app.utils.database | 🔧 DEBUG: Database URL resolved: sqlite:////Users/benedictleong/Library/Mobile Docu...
2025-09-30 21:55:54 - app.utils.database - INFO - 🔧 DEBUG: Database URL resolved: sqlite:////Users/benedictleong/Library/Mobile Docu...
21:55:54 | [32mINFO[0m | app.utils.database | 🔧 DEBUG: Database URL resolved: sqlite:////Users/benedictleong/Library/Mobile Docu...
21:55:54 | [32mINFO[0m | werkzeug | 127.0.0.1 - - [30/Sep/2025 21:55:54] "[35m[1mGET /api/tags HTTP/1.1[0m" 500 -
2025-09-30 21:55:54 - app.utils.database - INFO - 🔧 DEBUG: Database URL resolved: sqlite:////Users/benedictleong/Library/Mobile Docu...
21:55:54 | [32mINFO[0m | app.utils.database | 🔧 DEBUG: Database URL resolved: sqlite:////Users/benedictleong/Library/Mobile Docu...
2025-09-30 21:55:54 - app.utils.database - INFO - 🔧 DEBUG: Database URL resolved: sqlite:////Users/benedictleong/Library/Mobile Docu...
21:55:54 | [32mINFO[0m | app.utils.database | 🔧 DEBUG: Database URL resolved: sqlite:////Users/benedictleong/Library/Mobile Docu...
2025-09-30 21:55:54 - app.utils.database - INFO - 🔧 DEBUG: Getting database session...
21:55:54 | [32mINFO[0m | app.utils.database | 🔧 DEBUG: Getting database session...
2025-09-30 21:55:54 - app.utils.database - INFO - 🔧 DEBUG: Getting database session...
21:55:54 | [32mINFO[0m | app.utils.database | 🔧 DEBUG: Getting database session...
2025-09-30 21:55:54 - app.utils.database - INFO - 🔧 DEBUG: Getting database session...
21:55:54 | [32mINFO[0m | app.utils.database | 🔧 DEBUG: Getting database session...
2025-09-30 21:55:54 - app.utils.database - INFO - 🔧 DEBUG: Getting database session...
21:55:54 | [32mINFO[0m | app.utils.database | 🔧 DEBUG: Getting database session...
2025-09-30 21:55:54 - app.utils.database - INFO - 🔧 DEBUG: Creating database engine...
21:55:54 | [32mINFO[0m | app.utils.database | 🔧 DEBUG: Creating database engine...
2025-09-30 21:55:54 - app.utils.database - INFO - 🔧 DEBUG: Creating database engine...
21:55:54 | [32mINFO[0m | app.utils.database | 🔧 DEBUG: Creating database engine...
2025-09-30 21:55:54 - app.utils.database - INFO - 🔧 DEBUG: Creating database engine...
21:55:54 | [32mINFO[0m | app.utils.database | 🔧 DEBUG: Creating database engine...
2025-09-30 21:55:54 - app.utils.database - INFO - 🔧 DEBUG: Creating database engine...
21:55:54 | [32mINFO[0m | app.utils.database | 🔧 DEBUG: Creating database engine...
2025-09-30 21:55:54 - app.utils.database - INFO - 🔧 DEBUG: Original URL: sqlite:////Users/benedictleong/Library/Mobile Documents/com~apple~CloudDocs/2. Archive/2. Pet Projects /Spiderman-v3-main/kith-platform/local_kith_platform.db
21:55:54 | [32mINFO[0m | app.utils.database | 🔧 DEBUG: Original URL: sqlite:////Users/benedictleong/Library/Mobile Documents/com~apple~CloudDocs/2. Archive/2. Pet Projects /Spiderman-v3-main/kith-platform/local_kith_platform.db
2025-09-30 21:55:54 - app.utils.database - INFO - 🔧 DEBUG: Original URL: sqlite:////Users/benedictleong/Library/Mobile Documents/com~apple~CloudDocs/2. Archive/2. Pet Projects /Spiderman-v3-main/kith-platform/local_kith_platform.db
21:55:54 | [32mINFO[0m | app.utils.database | 🔧 DEBUG: Original URL: sqlite:////Users/benedictleong/Library/Mobile Documents/com~apple~CloudDocs/2. Archive/2. Pet Projects /Spiderman-v3-main/kith-platform/local_kith_platform.db
2025-09-30 21:55:54 - app.utils.database - INFO - 🔧 DEBUG: Original URL: sqlite:////Users/benedictleong/Library/Mobile Documents/com~apple~CloudDocs/2. Archive/2. Pet Projects /Spiderman-v3-main/kith-platform/local_kith_platform.db
21:55:54 | [32mINFO[0m | app.utils.database | 🔧 DEBUG: Original URL: sqlite:////Users/benedictleong/Library/Mobile Documents/com~apple~CloudDocs/2. Archive/2. Pet Projects /Spiderman-v3-main/kith-platform/local_kith_platform.db
2025-09-30 21:55:54 - app.utils.database - INFO - 🔧 DEBUG: Original URL: sqlite:////Users/benedictleong/Library/Mobile Documents/com~apple~CloudDocs/2. Archive/2. Pet Projects /Spiderman-v3-main/kith-platform/local_kith_platform.db
2025-09-30 21:55:54 - app.utils.database - INFO - 🔧 DEBUG: Creating engine with URL: sqlite:////Users/benedictleong/Library/Mobile Docu...
21:55:54 | [32mINFO[0m | app.utils.database | 🔧 DEBUG: Original URL: sqlite:////Users/benedictleong/Library/Mobile Documents/com~apple~CloudDocs/2. Archive/2. Pet Projects /Spiderman-v3-main/kith-platform/local_kith_platform.db
2025-09-30 21:55:54 - app.utils.database - INFO - 🔧 DEBUG: Creating engine with URL: sqlite:////Users/benedictleong/Library/Mobile Docu...
2025-09-30 21:55:54 - app.utils.database - INFO - 🔧 DEBUG: Creating engine with URL: sqlite:////Users/benedictleong/Library/Mobile Docu...
21:55:54 | [32mINFO[0m | app.utils.database | 🔧 DEBUG: Creating engine with URL: sqlite:////Users/benedictleong/Library/Mobile Docu...
2025-09-30 21:55:54 - app.utils.database - INFO - 🔧 DEBUG: Creating engine with URL: sqlite:////Users/benedictleong/Library/Mobile Docu...
21:55:54 | [32mINFO[0m | app.utils.database | 🔧 DEBUG: Creating engine with URL: sqlite:////Users/benedictleong/Library/Mobile Docu...
21:55:54 | [32mINFO[0m | app.utils.database | 🔧 DEBUG: Creating engine with URL: sqlite:////Users/benedictleong/Library/Mobile Docu...
2025-09-30 21:55:54 - app.utils.database - INFO - 🔧 DEBUG: Testing database connection...
21:55:54 | [32mINFO[0m | app.utils.database | 🔧 DEBUG: Creating engine with URL: sqlite:////Users/benedictleong/Library/Mobile Docu...
2025-09-30 21:55:54 - app.utils.database - INFO - 🔧 DEBUG: Testing database connection...
21:55:54 | [32mINFO[0m | app.utils.database | 🔧 DEBUG: Testing database connection...
2025-09-30 21:55:54 - app.utils.database - INFO - 🔧 DEBUG: Testing database connection...
21:55:54 | [32mINFO[0m | app.utils.database | 🔧 DEBUG: Testing database connection...
21:55:54 | [32mINFO[0m | app.utils.database | 🔧 DEBUG: Testing database connection...
2025-09-30 21:55:54 - app.utils.database - INFO - 🔧 DEBUG: Testing database connection...
21:55:54 | [32mINFO[0m | app.utils.database | 🔧 DEBUG: Testing database connection...
2025-09-30 21:55:54 - app.utils.database - INFO - 🔧 DEBUG: Connection test successful, result: (1,)
21:55:54 | [32mINFO[0m | app.utils.database | 🔧 DEBUG: Connection test successful, result: (1,)
2025-09-30 21:55:54 - app.utils.database - INFO - 🔧 DEBUG: Connection test successful, result: (1,)
21:55:54 | [32mINFO[0m | app.utils.database | 🔧 DEBUG: Connection test successful, result: (1,)
2025-09-30 21:55:54 - app.utils.database - INFO - 🔧 DEBUG: Connection test successful, result: (1,)
21:55:54 | [32mINFO[0m | app.utils.database | 🔧 DEBUG: Connection test successful, result: (1,)
2025-09-30 21:55:54 - app.utils.database - INFO - 🔧 DEBUG: Connection test successful, result: (1,)
21:55:54 | [32mINFO[0m | app.utils.database | 🔧 DEBUG: Connection test successful, result: (1,)
2025-09-30 21:55:54 - app.utils.database - INFO - ✅ Database connection successful
21:55:54 | [32mINFO[0m | app.utils.database | ✅ Database connection successful
2025-09-30 21:55:54 - app.utils.database - INFO - ✅ Database connection successful
21:55:54 | [32mINFO[0m | app.utils.database | ✅ Database connection successful
2025-09-30 21:55:54 - app.utils.database - INFO - ✅ Database connection successful
21:55:54 | [32mINFO[0m | app.utils.database | ✅ Database connection successful
2025-09-30 21:55:54 - app.utils.database - INFO - ✅ Database connection successful
21:55:54 | [32mINFO[0m | app.utils.database | ✅ Database connection successful
2025-09-30 21:55:54 - app.utils.database - INFO - 🔧 DEBUG: Creating/verifying database tables...
21:55:54 | [32mINFO[0m | app.utils.database | 🔧 DEBUG: Creating/verifying database tables...
2025-09-30 21:55:54 - app.utils.database - INFO - 🔧 DEBUG: Creating/verifying database tables...
2025-09-30 21:55:54 - app.utils.database - INFO - 🔧 DEBUG: Creating/verifying database tables...
21:55:54 | [32mINFO[0m | app.utils.database | 🔧 DEBUG: Creating/verifying database tables...
21:55:54 | [32mINFO[0m | app.utils.database | 🔧 DEBUG: Creating/verifying database tables...
2025-09-30 21:55:54 - app.utils.database - INFO - 🔧 DEBUG: Creating/verifying database tables...
21:55:54 | [32mINFO[0m | app.utils.database | 🔧 DEBUG: Creating/verifying database tables...
2025-09-30 21:55:54 - app.utils.database - INFO - ✅ Database tables created/verified
21:55:54 | [32mINFO[0m | app.utils.database | ✅ Database tables created/verified
2025-09-30 21:55:54 - app.utils.database - INFO - 🔧 DEBUG: Session created: 4627872208
21:55:54 | [32mINFO[0m | app.utils.database | 🔧 DEBUG: Session created: 4627872208
2025-09-30 21:55:54 - app.utils.database - INFO - ✅ Database tables created/verified
21:55:54 | [32mINFO[0m | app.utils.database | ✅ Database tables created/verified
2025-09-30 21:55:54 - app.utils.database - INFO - ✅ Database tables created/verified
21:55:54 | [32mINFO[0m | app.utils.database | ✅ Database tables created/verified
2025-09-30 21:55:54 - app.utils.database - INFO - 🔧 DEBUG: Session created: 4629628672
21:55:54 | [32mINFO[0m | app.utils.database | 🔧 DEBUG: Session created: 4629628672
2025-09-30 21:55:54 - app.utils.database - INFO - 🔧 DEBUG: Committing session...
21:55:54 | [32mINFO[0m | app.utils.database | 🔧 DEBUG: Committing session...
2025-09-30 21:55:54 - app.utils.database - INFO - 🔧 DEBUG: Session created: 4629523904
21:55:54 | [32mINFO[0m | app.utils.database | 🔧 DEBUG: Session created: 4629523904
2025-09-30 21:55:54 - app.utils.database - INFO - ✅ Database tables created/verified
21:55:54 | [32mINFO[0m | app.utils.database | ✅ Database tables created/verified
2025-09-30 21:55:54 - app.utils.database - INFO - ✅ Session committed successfully
21:55:54 | [32mINFO[0m | app.utils.database | ✅ Session committed successfully
2025-09-30 21:55:54 - app.utils.database - INFO - 🔧 DEBUG: Committing session...
21:55:54 | [32mINFO[0m | app.utils.database | 🔧 DEBUG: Committing session...
2025-09-30 21:55:54 - app.utils.database - INFO - 🔧 DEBUG: Committing session...
21:55:54 | [32mINFO[0m | app.utils.database | 🔧 DEBUG: Committing session...
2025-09-30 21:55:54 - app.utils.database - INFO - 🔧 DEBUG: Session created: 4629523424
2025-09-30 21:55:54 - app.utils.database - INFO - 🔧 DEBUG: Closing session...
21:55:54 | [32mINFO[0m | app.utils.database | 🔧 DEBUG: Session created: 4629523424
2025-09-30 21:55:54 - app.utils.database - INFO - ✅ Session committed successfully
2025-09-30 21:55:54 - app.utils.database - INFO - ✅ Session committed successfully
21:55:54 | [32mINFO[0m | app.utils.database | 🔧 DEBUG: Closing session...
21:55:54 | [32mINFO[0m | app.utils.database | ✅ Session committed successfully
2025-09-30 21:55:54 - app.utils.database - INFO - ✅ Session closed
2025-09-30 21:55:54 - app.utils.database - INFO - 🔧 DEBUG: Closing session...
21:55:54 | [32mINFO[0m | app.utils.database | ✅ Session committed successfully
2025-09-30 21:55:54 - app.utils.database - INFO - 🔧 DEBUG: Committing session...
21:55:54 | [32mINFO[0m | app.utils.database | ✅ Session closed
2025-09-30 21:55:54 - app.utils.database - INFO - 🔧 DEBUG: Closing session...
2025-09-30 21:55:54 - app.utils.database - INFO - 🔧 DEBUG: Getting database session...
21:55:54 | [32mINFO[0m | app.utils.database | 🔧 DEBUG: Closing session...
2025-09-30 21:55:54 - app.utils.database - INFO - ✅ Session closed
21:55:54 | [32mINFO[0m | app.utils.database | 🔧 DEBUG: Committing session...
2025-09-30 21:55:54 - app.utils.database - INFO - ✅ Session committed successfully
21:55:54 | [32mINFO[0m | app.utils.database | 🔧 DEBUG: Closing session...
21:55:54 | [32mINFO[0m | app.utils.database | 🔧 DEBUG: Getting database session...
2025-09-30 21:55:54 - app.utils.database - INFO - ✅ Session closed
2025-09-30 21:55:54 - app.utils.database - INFO - 🔧 DEBUG: Engine already exists, skipping creation
21:55:54 | [32mINFO[0m | app.utils.database | ✅ Session closed
2025-09-30 21:55:54 - app.utils.database - INFO - 🔧 DEBUG: Getting database session...
21:55:54 | [32mINFO[0m | app.utils.database | ✅ Session committed successfully
21:55:54 | [32mINFO[0m | app.utils.database | ✅ Session closed
21:55:54 | [32mINFO[0m | app.utils.database | 🔧 DEBUG: Engine already exists, skipping creation
2025-09-30 21:55:54 - app.utils.database - INFO - 🔧 DEBUG: Closing session...
21:55:54 | [32mINFO[0m | app.utils.database | 🔧 DEBUG: Getting database session...
21:55:54 | [32mINFO[0m | app.utils.database | 🔧 DEBUG: Closing session...
2025-09-30 21:55:54 - app.utils.database - INFO - 🔧 DEBUG: Getting database session...
21:55:54 | [32mINFO[0m | app.utils.database | 🔧 DEBUG: Getting database session...
2025-09-30 21:55:54 - app.utils.database - INFO - 🔧 DEBUG: Session created: 4629413648
21:55:54 | [32mINFO[0m | app.utils.database | 🔧 DEBUG: Session created: 4629413648
2025-09-30 21:55:54 - app.utils.database - INFO - 🔧 DEBUG: Engine already exists, skipping creation
21:55:54 | [32mINFO[0m | app.utils.database | 🔧 DEBUG: Engine already exists, skipping creation
2025-09-30 21:55:54 - app.utils.database - INFO - ✅ Session closed
21:55:54 | [32mINFO[0m | app.utils.database | ✅ Session closed
2025-09-30 21:55:54 - app.utils.database - INFO - 🔧 DEBUG: Engine already exists, skipping creation
2025-09-30 21:55:54 - app.utils.database - INFO - 🔧 DEBUG: Session created: 4627734432
2025-09-30 21:55:54 - app.services.contact_service - INFO - Retrieved 1 contacts for user 1
21:55:54 | [32mINFO[0m | app.utils.database | 🔧 DEBUG: Engine already exists, skipping creation
21:55:54 | [32mINFO[0m | app.utils.database | 🔧 DEBUG: Session created: 4627734432
2025-09-30 21:55:54 - app.utils.database - INFO - 🔧 DEBUG: Getting database session...
21:55:54 | [32mINFO[0m | app.services.contact_service | Retrieved 1 contacts for user 1
21:55:54 | [32mINFO[0m | app.utils.database | 🔧 DEBUG: Getting database session...
2025-09-30 21:55:54 - app.utils.database - INFO - 🔧 DEBUG: Session created: 4629410384
21:55:54 | [32mINFO[0m | app.utils.database | 🔧 DEBUG: Session created: 4629410384
2025-09-30 21:55:54 - app.utils.database - INFO - 🔧 DEBUG: Committing session...
21:55:54 | [32mINFO[0m | app.utils.database | 🔧 DEBUG: Committing session...
2025-09-30 21:55:54 - app.utils.database - INFO - 🔧 DEBUG: Engine already exists, skipping creation
21:55:54 | [32mINFO[0m | app.utils.database | 🔧 DEBUG: Engine already exists, skipping creation
2025-09-30 21:55:54 - app.services.contact_service - INFO - Retrieved 1 contacts for user 1
21:55:54 | [32mINFO[0m | app.services.contact_service | Retrieved 1 contacts for user 1
2025-09-30 21:55:54 - app.utils.database - INFO - ✅ Session committed successfully
21:55:54 | [32mINFO[0m | app.utils.database | ✅ Session committed successfully
2025-09-30 21:55:54 - app.services.contact_service - INFO - Retrieved 1 contacts for user 1
21:55:54 | [32mINFO[0m | app.services.contact_service | Retrieved 1 contacts for user 1
2025-09-30 21:55:54 - app.utils.database - INFO - 🔧 DEBUG: Session created: 4627869904
21:55:54 | [32mINFO[0m | app.utils.database | 🔧 DEBUG: Session created: 4627869904
2025-09-30 21:55:54 - app.utils.database - INFO - 🔧 DEBUG: Committing session...
21:55:54 | [32mINFO[0m | app.utils.database | 🔧 DEBUG: Committing session...
2025-09-30 21:55:54 - app.utils.database - INFO - 🔧 DEBUG: Closing session...
21:55:54 | [32mINFO[0m | app.utils.database | 🔧 DEBUG: Closing session...
2025-09-30 21:55:54 - app.utils.database - INFO - 🔧 DEBUG: Committing session...
21:55:54 | [32mINFO[0m | app.utils.database | 🔧 DEBUG: Committing session...
2025-09-30 21:55:54 - app.services.contact_service - INFO - Retrieved 1 contacts for user 1
21:55:54 | [32mINFO[0m | app.services.contact_service | Retrieved 1 contacts for user 1
2025-09-30 21:55:54 - app.utils.database - INFO - ✅ Session committed successfully
21:55:54 | [32mINFO[0m | app.utils.database | ✅ Session committed successfully
2025-09-30 21:55:54 - app.utils.database - INFO - ✅ Session closed
21:55:54 | [32mINFO[0m | app.utils.database | ✅ Session closed
2025-09-30 21:55:54 - app.utils.database - INFO - ✅ Session committed successfully
21:55:54 | [32mINFO[0m | app.utils.database | ✅ Session committed successfully
2025-09-30 21:55:54 - app.utils.database - INFO - 🔧 DEBUG: Committing session...
2025-09-30 21:55:54 - app.utils.database - INFO - 🔧 DEBUG: Closing session...
21:55:54 | [32mINFO[0m | app.utils.database | 🔧 DEBUG: Committing session...
21:55:54 | [32mINFO[0m | app.utils.database | 🔧 DEBUG: Closing session...
2025-09-30 21:55:54 - app - INFO - Request completed
21:55:54 | [32mINFO[0m | app | Request completed
2025-09-30 21:55:54 - app.utils.database - INFO - 🔧 DEBUG: Closing session...
21:55:54 | [32mINFO[0m | app.utils.database | 🔧 DEBUG: Closing session...
2025-09-30 21:55:54 - app.utils.database - INFO - ✅ Session committed successfully
21:55:54 | [32mINFO[0m | app.utils.database | ✅ Session committed successfully
2025-09-30 21:55:54 - app.utils.database - INFO - ✅ Session closed
21:55:54 | [32mINFO[0m | app.utils.database | ✅ Session closed
21:55:54 | [32mINFO[0m | middleware | Response sent
2025-09-30 21:55:54 - app.utils.database - INFO - ✅ Session closed
21:55:54 | [32mINFO[0m | app.utils.database | ✅ Session closed
2025-09-30 21:55:54 - app.utils.database - INFO - 🔧 DEBUG: Closing session...
21:55:54 | [32mINFO[0m | app.utils.database | 🔧 DEBUG: Closing session...
2025-09-30 21:55:54 - app - INFO - Request completed
21:55:54 | [32mINFO[0m | app | Request completed
21:55:54 | [32mINFO[0m | werkzeug | 127.0.0.1 - - [30/Sep/2025 21:55:54] "GET /api/contacts/ HTTP/1.1" 200 -
2025-09-30 21:55:54 - app - INFO - Request completed
21:55:54 | [32mINFO[0m | app | Request completed
21:55:54 | [32mINFO[0m | middleware | Response sent
2025-09-30 21:55:54 - app.utils.database - INFO - ✅ Session closed
21:55:54 | [32mINFO[0m | app.utils.database | ✅ Session closed
21:55:54 | [32mINFO[0m | middleware | Response sent
21:55:54 | [32mINFO[0m | werkzeug | 127.0.0.1 - - [30/Sep/2025 21:55:54] "GET /api/contacts/ HTTP/1.1" 200 -
2025-09-30 21:55:54 - app - INFO - Request completed
21:55:54 | [32mINFO[0m | app | Request completed
21:55:54 | [32mINFO[0m | werkzeug | 127.0.0.1 - - [30/Sep/2025 21:55:54] "GET /api/contacts/ HTTP/1.1" 200 -
21:55:54 | [32mINFO[0m | middleware | Response sent
21:55:54 | [32mINFO[0m | werkzeug | 127.0.0.1 - - [30/Sep/2025 21:55:54] "GET /api/contacts/ HTTP/1.1" 200 -
21:58:50 | [32mINFO[0m | middleware | Request received
2025-09-30 21:58:50 - app - INFO - Request started
21:58:50 | [32mINFO[0m | app | Request started
2025-09-30 21:58:50 - app - ERROR - Unhandled exception
21:58:50 | [31mERROR[0m | app | Unhandled exception
2025-09-30 21:58:50 - app - INFO - Request completed
21:58:50 | [32mINFO[0m | app | Request completed
21:58:50 | [32mINFO[0m | middleware | Response sent
21:58:50 | [32mINFO[0m | werkzeug | 127.0.0.1 - - [30/Sep/2025 21:58:50] "[35m[1mGET /api/graph-data?t=1759240730310 HTTP/1.1[0m" 500 -
21:58:52 | [32mINFO[0m | middleware | Request received
2025-09-30 21:58:52 - app - INFO - Request started
21:58:52 | [32mINFO[0m | app | Request started
2025-09-30 21:58:52 - app.utils.database - INFO - 🔧 DEBUG: Database URL resolved: sqlite:////Users/benedictleong/Library/Mobile Docu...
21:58:52 | [32mINFO[0m | app.utils.database | 🔧 DEBUG: Database URL resolved: sqlite:////Users/benedictleong/Library/Mobile Docu...
2025-09-30 21:58:52 - app.utils.database - INFO - 🔧 DEBUG: Getting database session...
21:58:52 | [32mINFO[0m | app.utils.database | 🔧 DEBUG: Getting database session...
2025-09-30 21:58:52 - app.utils.database - INFO - 🔧 DEBUG: Creating database engine...
21:58:52 | [32mINFO[0m | app.utils.database | 🔧 DEBUG: Creating database engine...
2025-09-30 21:58:52 - app.utils.database - INFO - 🔧 DEBUG: Original URL: sqlite:////Users/benedictleong/Library/Mobile Documents/com~apple~CloudDocs/2. Archive/2. Pet Projects /Spiderman-v3-main/kith-platform/local_kith_platform.db
21:58:52 | [32mINFO[0m | app.utils.database | 🔧 DEBUG: Original URL: sqlite:////Users/benedictleong/Library/Mobile Documents/com~apple~CloudDocs/2. Archive/2. Pet Projects /Spiderman-v3-main/kith-platform/local_kith_platform.db
2025-09-30 21:58:52 - app.utils.database - INFO - 🔧 DEBUG: Creating engine with URL: sqlite:////Users/benedictleong/Library/Mobile Docu...
21:58:52 | [32mINFO[0m | app.utils.database | 🔧 DEBUG: Creating engine with URL: sqlite:////Users/benedictleong/Library/Mobile Docu...
2025-09-30 21:58:52 - app.utils.database - INFO - 🔧 DEBUG: Testing database connection...
21:58:52 | [32mINFO[0m | app.utils.database | 🔧 DEBUG: Testing database connection...
2025-09-30 21:58:52 - app.utils.database - INFO - 🔧 DEBUG: Connection test successful, result: (1,)
21:58:52 | [32mINFO[0m | app.utils.database | 🔧 DEBUG: Connection test successful, result: (1,)
2025-09-30 21:58:52 - app.utils.database - INFO - ✅ Database connection successful
21:58:52 | [32mINFO[0m | app.utils.database | ✅ Database connection successful
2025-09-30 21:58:52 - app.utils.database - INFO - 🔧 DEBUG: Creating/verifying database tables...
21:58:52 | [32mINFO[0m | app.utils.database | 🔧 DEBUG: Creating/verifying database tables...
2025-09-30 21:58:52 - app.utils.database - INFO - ✅ Database tables created/verified
21:58:52 | [32mINFO[0m | app.utils.database | ✅ Database tables created/verified
2025-09-30 21:58:52 - app.utils.database - INFO - 🔧 DEBUG: Session created: 4640527696
21:58:52 | [32mINFO[0m | app.utils.database | 🔧 DEBUG: Session created: 4640527696
2025-09-30 21:58:52 - app.utils.database - INFO - 🔧 DEBUG: Committing session...
21:58:52 | [32mINFO[0m | app.utils.database | 🔧 DEBUG: Committing session...
2025-09-30 21:58:52 - app.utils.database - INFO - ✅ Session committed successfully
21:58:52 | [32mINFO[0m | app.utils.database | ✅ Session committed successfully
2025-09-30 21:58:52 - app.utils.database - INFO - 🔧 DEBUG: Closing session...
21:58:52 | [32mINFO[0m | app.utils.database | 🔧 DEBUG: Closing session...
2025-09-30 21:58:52 - app.utils.database - INFO - ✅ Session closed
21:58:52 | [32mINFO[0m | app.utils.database | ✅ Session closed
2025-09-30 21:58:52 - app.utils.database - INFO - 🔧 DEBUG: Getting database session...
21:58:52 | [32mINFO[0m | app.utils.database | 🔧 DEBUG: Getting database session...
2025-09-30 21:58:52 - app.utils.database - INFO - 🔧 DEBUG: Engine already exists, skipping creation
21:58:52 | [32mINFO[0m | app.utils.database | 🔧 DEBUG: Engine already exists, skipping creation
2025-09-30 21:58:52 - app.utils.database - INFO - 🔧 DEBUG: Session created: 4627796176
21:58:52 | [32mINFO[0m | app.utils.database | 🔧 DEBUG: Session created: 4627796176
2025-09-30 21:58:52 - app.utils.database - INFO - 🔧 DEBUG: Committing session...
21:58:52 | [32mINFO[0m | app.utils.database | 🔧 DEBUG: Committing session...
2025-09-30 21:58:52 - app.utils.database - INFO - ✅ Session committed successfully
21:58:52 | [32mINFO[0m | app.utils.database | ✅ Session committed successfully
2025-09-30 21:58:52 - app.utils.database - INFO - 🔧 DEBUG: Closing session...
21:58:52 | [32mINFO[0m | app.utils.database | 🔧 DEBUG: Closing session...
2025-09-30 21:58:52 - app.utils.database - INFO - ✅ Session closed
21:58:52 | [32mINFO[0m | app.utils.database | ✅ Session closed
2025-09-30 21:58:52 - app - ERROR - Unhandled exception
21:58:52 | [31mERROR[0m | app | Unhandled exception
2025-09-30 21:58:52 - app - INFO - Request completed
21:58:52 | [32mINFO[0m | app | Request completed
21:58:52 | [32mINFO[0m | middleware | Response sent
21:58:52 | [32mINFO[0m | werkzeug | 127.0.0.1 - - [30/Sep/2025 21:58:52] "[35m[1mGET /api/contacts/1 HTTP/1.1[0m" 500 -
21:59:02 | [32mINFO[0m | middleware | Request received
2025-09-30 21:59:02 - app - INFO - Request started
21:59:02 | [32mINFO[0m | app | Request started
2025-09-30 21:59:02 - app - ERROR - Unhandled exception
21:59:02 | [31mERROR[0m | app | Unhandled exception
2025-09-30 21:59:02 - app - INFO - Request completed
21:59:02 | [32mINFO[0m | app | Request completed
21:59:02 | [32mINFO[0m | middleware | Response sent
21:59:02 | [32mINFO[0m | werkzeug | 127.0.0.1 - - [30/Sep/2025 21:59:02] "[35m[1mPUT /api/contact/1/categories HTTP/1.1[0m" 500 -
21:59:04 | [32mINFO[0m | middleware | Request received
2025-09-30 21:59:04 - app - INFO - Request started
21:59:04 | [32mINFO[0m | app | Request started
2025-09-30 21:59:04 - app.utils.database - INFO - 🔧 DEBUG: Database URL resolved: sqlite:////Users/benedictleong/Library/Mobile Docu...
21:59:04 | [32mINFO[0m | app.utils.database | 🔧 DEBUG: Database URL resolved: sqlite:////Users/benedictleong/Library/Mobile Docu...
2025-09-30 21:59:04 - app.utils.database - INFO - 🔧 DEBUG: Getting database session...
21:59:04 | [32mINFO[0m | app.utils.database | 🔧 DEBUG: Getting database session...
2025-09-30 21:59:04 - app.utils.database - INFO - 🔧 DEBUG: Creating database engine...
21:59:04 | [32mINFO[0m | app.utils.database | 🔧 DEBUG: Creating database engine...
2025-09-30 21:59:04 - app.utils.database - INFO - 🔧 DEBUG: Original URL: sqlite:////Users/benedictleong/Library/Mobile Documents/com~apple~CloudDocs/2. Archive/2. Pet Projects /Spiderman-v3-main/kith-platform/local_kith_platform.db
21:59:04 | [32mINFO[0m | app.utils.database | 🔧 DEBUG: Original URL: sqlite:////Users/benedictleong/Library/Mobile Documents/com~apple~CloudDocs/2. Archive/2. Pet Projects /Spiderman-v3-main/kith-platform/local_kith_platform.db
2025-09-30 21:59:04 - app.utils.database - INFO - 🔧 DEBUG: Creating engine with URL: sqlite:////Users/benedictleong/Library/Mobile Docu...
21:59:04 | [32mINFO[0m | app.utils.database | 🔧 DEBUG: Creating engine with URL: sqlite:////Users/benedictleong/Library/Mobile Docu...
2025-09-30 21:59:04 - app.utils.database - INFO - 🔧 DEBUG: Testing database connection...
21:59:04 | [32mINFO[0m | app.utils.database | 🔧 DEBUG: Testing database connection...
2025-09-30 21:59:04 - app.utils.database - INFO - 🔧 DEBUG: Connection test successful, result: (1,)
21:59:04 | [32mINFO[0m | app.utils.database | 🔧 DEBUG: Connection test successful, result: (1,)
2025-09-30 21:59:04 - app.utils.database - INFO - ✅ Database connection successful
21:59:04 | [32mINFO[0m | app.utils.database | ✅ Database connection successful
2025-09-30 21:59:04 - app.utils.database - INFO - 🔧 DEBUG: Creating/verifying database tables...
21:59:04 | [32mINFO[0m | app.utils.database | 🔧 DEBUG: Creating/verifying database tables...
2025-09-30 21:59:04 - app.utils.database - INFO - ✅ Database tables created/verified
21:59:04 | [32mINFO[0m | app.utils.database | ✅ Database tables created/verified
2025-09-30 21:59:04 - app.utils.database - INFO - 🔧 DEBUG: Session created: 4641670432
21:59:04 | [32mINFO[0m | app.utils.database | 🔧 DEBUG: Session created: 4641670432
2025-09-30 21:59:04 - app.utils.database - INFO - 🔧 DEBUG: Committing session...
21:59:04 | [32mINFO[0m | app.utils.database | 🔧 DEBUG: Committing session...
2025-09-30 21:59:04 - app.utils.database - INFO - ✅ Session committed successfully
21:59:04 | [32mINFO[0m | app.utils.database | ✅ Session committed successfully
2025-09-30 21:59:04 - app.utils.database - INFO - 🔧 DEBUG: Closing session...
21:59:04 | [32mINFO[0m | app.utils.database | 🔧 DEBUG: Closing session...
2025-09-30 21:59:04 - app.utils.database - INFO - ✅ Session closed
21:59:04 | [32mINFO[0m | app.utils.database | ✅ Session closed
21:59:04 | [32mINFO[0m | root | Authenticated user 1 accessing main page
2025-09-30 21:59:04 - app - INFO - Request completed
21:59:04 | [32mINFO[0m | app | Request completed
21:59:04 | [32mINFO[0m | middleware | Response sent
21:59:04 | [32mINFO[0m | werkzeug | 127.0.0.1 - - [30/Sep/2025 21:59:04] "GET / HTTP/1.1" 200 -
21:59:04 | [32mINFO[0m | middleware | Request received
2025-09-30 21:59:04 - app - INFO - Request started
21:59:04 | [32mINFO[0m | app | Request started
2025-09-30 21:59:04 - app - INFO - Request completed
21:59:04 | [32mINFO[0m | app | Request completed
21:59:04 | [32mINFO[0m | middleware | Response sent
21:59:04 | [32mINFO[0m | werkzeug | 127.0.0.1 - - [30/Sep/2025 21:59:04] "[36mGET /static/style.css HTTP/1.1[0m" 304 -
21:59:04 | [32mINFO[0m | middleware | Request received
2025-09-30 21:59:04 - app - INFO - Request started
21:59:04 | [32mINFO[0m | middleware | Request received
21:59:04 | [32mINFO[0m | app | Request started
21:59:04 | [32mINFO[0m | middleware | Request received
2025-09-30 21:59:04 - app - INFO - Request started
21:59:04 | [32mINFO[0m | app | Request started
21:59:04 | [32mINFO[0m | middleware | Request received
21:59:04 | [32mINFO[0m | middleware | Request received
2025-09-30 21:59:04 - app - INFO - Request completed
21:59:04 | [32mINFO[0m | app | Request completed
2025-09-30 21:59:04 - app - INFO - Request started
21:59:04 | [32mINFO[0m | app | Request started
2025-09-30 21:59:04 - app - INFO - Request started
21:59:04 | [32mINFO[0m | app | Request started
2025-09-30 21:59:04 - app - INFO - Request started
21:59:04 | [32mINFO[0m | app | Request started
21:59:04 | [32mINFO[0m | middleware | Response sent
2025-09-30 21:59:04 - app - INFO - Request completed
21:59:04 | [32mINFO[0m | app | Request completed
2025-09-30 21:59:04 - app - INFO - Request completed
21:59:04 | [32mINFO[0m | app | Request completed
21:59:04 | [32mINFO[0m | werkzeug | 127.0.0.1 - - [30/Sep/2025 21:59:04] "[36mGET /static/js/lazy-loader.js HTTP/1.1[0m" 304 -
2025-09-30 21:59:04 - app - INFO - Request completed
2025-09-30 21:59:04 - app - INFO - Request completed
21:59:04 | [32mINFO[0m | middleware | Response sent
21:59:04 | [32mINFO[0m | app | Request completed
21:59:04 | [32mINFO[0m | app | Request completed
21:59:04 | [32mINFO[0m | middleware | Response sent
21:59:04 | [32mINFO[0m | werkzeug | 127.0.0.1 - - [30/Sep/2025 21:59:04] "[36mGET /static/js/cache-manager.js HTTP/1.1[0m" 304 -
21:59:04 | [32mINFO[0m | middleware | Response sent
21:59:04 | [32mINFO[0m | middleware | Response sent
21:59:04 | [32mINFO[0m | werkzeug | 127.0.0.1 - - [30/Sep/2025 21:59:04] "GET /static/js/tag-management.js HTTP/1.1" 200 -
21:59:04 | [32mINFO[0m | werkzeug | 127.0.0.1 - - [30/Sep/2025 21:59:04] "[36mGET /static/js/debounced-search.js HTTP/1.1[0m" 304 -
21:59:04 | [32mINFO[0m | werkzeug | 127.0.0.1 - - [30/Sep/2025 21:59:04] "GET /static/js/main.js HTTP/1.1" 200 -
21:59:04 | [32mINFO[0m | middleware | Request received
21:59:04 | [32mINFO[0m | middleware | Request received
21:59:04 | [32mINFO[0m | middleware | Request received
2025-09-30 21:59:04 - app - INFO - Request started
21:59:04 | [32mINFO[0m | middleware | Request received
2025-09-30 21:59:04 - app - INFO - Request started
21:59:04 | [32mINFO[0m | app | Request started
2025-09-30 21:59:04 - app - INFO - Request started
21:59:04 | [32mINFO[0m | app | Request started
21:59:04 | [32mINFO[0m | app | Request started
2025-09-30 21:59:04 - app - INFO - Request started
21:59:04 | [32mINFO[0m | middleware | Request received
21:59:04 | [32mINFO[0m | app | Request started
2025-09-30 21:59:04 - app - INFO - Request completed
21:59:04 | [32mINFO[0m | app | Request completed
2025-09-30 21:59:04 - app - INFO - Request completed
21:59:04 | [32mINFO[0m | app | Request completed
2025-09-30 21:59:04 - app - INFO - Request started
21:59:04 | [32mINFO[0m | middleware | Response sent
2025-09-30 21:59:04 - app - INFO - Request completed
21:59:04 | [32mINFO[0m | app | Request started
21:59:04 | [32mINFO[0m | app | Request completed
2025-09-30 21:59:04 - app - INFO - Request completed
21:59:04 | [32mINFO[0m | middleware | Response sent
21:59:04 | [32mINFO[0m | app | Request completed
21:59:04 | [32mINFO[0m | werkzeug | 127.0.0.1 - - [30/Sep/2025 21:59:04] "GET /static/js/settings.js HTTP/1.1" 200 -
21:59:04 | [32mINFO[0m | middleware | Response sent
21:59:04 | [32mINFO[0m | werkzeug | 127.0.0.1 - - [30/Sep/2025 21:59:04] "[36mGET /static/js/contacts.js HTTP/1.1[0m" 304 -
2025-09-30 21:59:04 - app - INFO - Request completed
21:59:04 | [32mINFO[0m | app | Request completed
21:59:04 | [32mINFO[0m | middleware | Response sent
21:59:04 | [32mINFO[0m | werkzeug | 127.0.0.1 - - [30/Sep/2025 21:59:04] "[36mGET /static/js/ui-enhancements.js HTTP/1.1[0m" 304 -
21:59:04 | [32mINFO[0m | middleware | Response sent
21:59:04 | [32mINFO[0m | werkzeug | 127.0.0.1 - - [30/Sep/2025 21:59:04] "GET /static/js/relationship-graph.js HTTP/1.1" 200 -
21:59:04 | [32mINFO[0m | werkzeug | 127.0.0.1 - - [30/Sep/2025 21:59:04] "[36mGET /static/js/prefetch-manager.js HTTP/1.1[0m" 304 -
21:59:04 | [32mINFO[0m | middleware | Request received
2025-09-30 21:59:04 - app - INFO - Request started
21:59:04 | [32mINFO[0m | app | Request started
21:59:04 | [32mINFO[0m | middleware | Request received
21:59:04 | [32mINFO[0m | middleware | Request received
21:59:04 | [32mINFO[0m | middleware | Request received
21:59:04 | [32mINFO[0m | middleware | Request received
21:59:04 | [32mINFO[0m | middleware | Request received
2025-09-30 21:59:04 - app - ERROR - Unhandled exception
21:59:04 | [31mERROR[0m | app | Unhandled exception
2025-09-30 21:59:04 - app - INFO - Request started
21:59:04 | [32mINFO[0m | app | Request started
2025-09-30 21:59:04 - app - INFO - Request started
21:59:04 | [32mINFO[0m | app | Request started
2025-09-30 21:59:04 - app - INFO - Request started
21:59:04 | [32mINFO[0m | app | Request started
2025-09-30 21:59:04 - app - INFO - Request started
21:59:04 | [32mINFO[0m | app | Request started
2025-09-30 21:59:04 - app - INFO - Request started
21:59:04 | [32mINFO[0m | app | Request started
2025-09-30 21:59:04 - app - INFO - Request completed
21:59:04 | [32mINFO[0m | app | Request completed
2025-09-30 21:59:04 - app.utils.database - INFO - 🔧 DEBUG: Database URL resolved: sqlite:////Users/benedictleong/Library/Mobile Docu...
21:59:04 | [32mINFO[0m | app.utils.database | 🔧 DEBUG: Database URL resolved: sqlite:////Users/benedictleong/Library/Mobile Docu...
2025-09-30 21:59:04 - app.utils.database - INFO - 🔧 DEBUG: Database URL resolved: sqlite:////Users/benedictleong/Library/Mobile Docu...
21:59:04 | [32mINFO[0m | app.utils.database | 🔧 DEBUG: Database URL resolved: sqlite:////Users/benedictleong/Library/Mobile Docu...
21:59:04 | [32mINFO[0m | middleware | Response sent
2025-09-30 21:59:04 - app - INFO - Request completed
21:59:04 | [32mINFO[0m | app | Request completed
2025-09-30 21:59:04 - app - ERROR - Unhandled exception
21:59:04 | [31mERROR[0m | app | Unhandled exception
2025-09-30 21:59:04 - app - INFO - Request completed
21:59:04 | [32mINFO[0m | app | Request completed
2025-09-30 21:59:04 - app.utils.database - INFO - 🔧 DEBUG: Getting database session...
21:59:04 | [32mINFO[0m | app.utils.database | 🔧 DEBUG: Getting database session...
2025-09-30 21:59:04 - app.utils.database - INFO - 🔧 DEBUG: Getting database session...
21:59:04 | [32mINFO[0m | app.utils.database | 🔧 DEBUG: Getting database session...
21:59:04 | [32mINFO[0m | werkzeug | 127.0.0.1 - - [30/Sep/2025 21:59:04] "[35m[1mGET /api/tags HTTP/1.1[0m" 500 -
21:59:04 | [32mINFO[0m | middleware | Response sent
2025-09-30 21:59:04 - app - INFO - Request completed
21:59:04 | [32mINFO[0m | app | Request completed
21:59:04 | [32mINFO[0m | middleware | Response sent
2025-09-30 21:59:04 - app.utils.database - INFO - 🔧 DEBUG: Creating database engine...
21:59:04 | [32mINFO[0m | app.utils.database | 🔧 DEBUG: Creating database engine...
2025-09-30 21:59:04 - app.utils.database - INFO - 🔧 DEBUG: Creating database engine...
21:59:04 | [32mINFO[0m | app.utils.database | 🔧 DEBUG: Creating database engine...
21:59:04 | [32mINFO[0m | werkzeug | 127.0.0.1 - - [30/Sep/2025 21:59:04] "[32mGET /api/contacts HTTP/1.1[0m" 308 -
21:59:04 | [32mINFO[0m | middleware | Response sent
21:59:04 | [32mINFO[0m | werkzeug | 127.0.0.1 - - [30/Sep/2025 21:59:04] "[32mGET /api/contacts HTTP/1.1[0m" 308 -
2025-09-30 21:59:04 - app.utils.database - INFO - 🔧 DEBUG: Original URL: sqlite:////Users/benedictleong/Library/Mobile Documents/com~apple~CloudDocs/2. Archive/2. Pet Projects /Spiderman-v3-main/kith-platform/local_kith_platform.db
21:59:04 | [32mINFO[0m | app.utils.database | 🔧 DEBUG: Original URL: sqlite:////Users/benedictleong/Library/Mobile Documents/com~apple~CloudDocs/2. Archive/2. Pet Projects /Spiderman-v3-main/kith-platform/local_kith_platform.db
2025-09-30 21:59:04 - app.utils.database - INFO - 🔧 DEBUG: Original URL: sqlite:////Users/benedictleong/Library/Mobile Documents/com~apple~CloudDocs/2. Archive/2. Pet Projects /Spiderman-v3-main/kith-platform/local_kith_platform.db
21:59:04 | [32mINFO[0m | app.utils.database | 🔧 DEBUG: Original URL: sqlite:////Users/benedictleong/Library/Mobile Documents/com~apple~CloudDocs/2. Archive/2. Pet Projects /Spiderman-v3-main/kith-platform/local_kith_platform.db
21:59:04 | [32mINFO[0m | werkzeug | 127.0.0.1 - - [30/Sep/2025 21:59:04] "[35m[1mGET /api/telegram/status HTTP/1.1[0m" 500 -
2025-09-30 21:59:04 - app.utils.database - INFO - 🔧 DEBUG: Creating engine with URL: sqlite:////Users/benedictleong/Library/Mobile Docu...
21:59:04 | [32mINFO[0m | app.utils.database | 🔧 DEBUG: Creating engine with URL: sqlite:////Users/benedictleong/Library/Mobile Docu...
2025-09-30 21:59:04 - app.utils.database - INFO - 🔧 DEBUG: Creating engine with URL: sqlite:////Users/benedictleong/Library/Mobile Docu...
21:59:04 | [32mINFO[0m | app.utils.database | 🔧 DEBUG: Creating engine with URL: sqlite:////Users/benedictleong/Library/Mobile Docu...
21:59:04 | [32mINFO[0m | middleware | Request received
2025-09-30 21:59:04 - app.utils.database - INFO - 🔧 DEBUG: Testing database connection...
21:59:04 | [32mINFO[0m | app.utils.database | 🔧 DEBUG: Testing database connection...
2025-09-30 21:59:04 - app.utils.database - INFO - 🔧 DEBUG: Testing database connection...
21:59:04 | [32mINFO[0m | app.utils.database | 🔧 DEBUG: Testing database connection...
21:59:04 | [32mINFO[0m | middleware | Request received
2025-09-30 21:59:04 - app - INFO - Request started
21:59:04 | [32mINFO[0m | middleware | Request received
21:59:04 | [32mINFO[0m | middleware | Request received
21:59:04 | [32mINFO[0m | app | Request started
2025-09-30 21:59:04 - app - INFO - Request started
2025-09-30 21:59:04 - app - INFO - Request started
2025-09-30 21:59:04 - app - INFO - Request started
2025-09-30 21:59:04 - app.utils.database - INFO - 🔧 DEBUG: Connection test successful, result: (1,)
21:59:04 | [32mINFO[0m | app | Request started
2025-09-30 21:59:04 - app.utils.database - INFO - 🔧 DEBUG: Connection test successful, result: (1,)
2025-09-30 21:59:04 - app.utils.database - INFO - 🔧 DEBUG: Database URL resolved: sqlite:////Users/benedictleong/Library/Mobile Docu...
2025-09-30 21:59:04 - app.utils.database - INFO - 🔧 DEBUG: Database URL resolved: sqlite:////Users/benedictleong/Library/Mobile Docu...
21:59:04 | [32mINFO[0m | app | Request started
21:59:04 | [32mINFO[0m | app | Request started
2025-09-30 21:59:04 - app.utils.database - INFO - 🔧 DEBUG: Database URL resolved: sqlite:////Users/benedictleong/Library/Mobile Docu...
21:59:04 | [32mINFO[0m | app.utils.database | 🔧 DEBUG: Connection test successful, result: (1,)
21:59:04 | [32mINFO[0m | app.utils.database | 🔧 DEBUG: Connection test successful, result: (1,)
21:59:04 | [32mINFO[0m | app.utils.database | 🔧 DEBUG: Database URL resolved: sqlite:////Users/benedictleong/Library/Mobile Docu...
21:59:04 | [32mINFO[0m | app.utils.database | 🔧 DEBUG: Database URL resolved: sqlite:////Users/benedictleong/Library/Mobile Docu...
21:59:04 | [32mINFO[0m | app.utils.database | 🔧 DEBUG: Database URL resolved: sqlite:////Users/benedictleong/Library/Mobile Docu...
2025-09-30 21:59:04 - app.utils.database - INFO - 🔧 DEBUG: Database URL resolved: sqlite:////Users/benedictleong/Library/Mobile Docu...
21:59:04 | [32mINFO[0m | app.utils.database | 🔧 DEBUG: Database URL resolved: sqlite:////Users/benedictleong/Library/Mobile Docu...
2025-09-30 21:59:04 - app.utils.database - INFO - ✅ Database connection successful
21:59:04 | [32mINFO[0m | app.utils.database | ✅ Database connection successful
2025-09-30 21:59:04 - app.utils.database - INFO - ✅ Database connection successful
21:59:04 | [32mINFO[0m | app.utils.database | ✅ Database connection successful
2025-09-30 21:59:04 - app.utils.database - INFO - 🔧 DEBUG: Getting database session...
2025-09-30 21:59:04 - app.utils.database - INFO - 🔧 DEBUG: Getting database session...
21:59:04 | [32mINFO[0m | app.utils.database | 🔧 DEBUG: Getting database session...
21:59:04 | [32mINFO[0m | app.utils.database | 🔧 DEBUG: Getting database session...
2025-09-30 21:59:04 - app.utils.database - INFO - 🔧 DEBUG: Getting database session...
21:59:04 | [32mINFO[0m | app.utils.database | 🔧 DEBUG: Getting database session...
2025-09-30 21:59:04 - app.utils.database - INFO - 🔧 DEBUG: Getting database session...
21:59:04 | [32mINFO[0m | app.utils.database | 🔧 DEBUG: Getting database session...
2025-09-30 21:59:04 - app.utils.database - INFO - 🔧 DEBUG: Creating/verifying database tables...
21:59:04 | [32mINFO[0m | app.utils.database | 🔧 DEBUG: Creating/verifying database tables...
2025-09-30 21:59:04 - app.utils.database - INFO - 🔧 DEBUG: Creating/verifying database tables...
21:59:04 | [32mINFO[0m | app.utils.database | 🔧 DEBUG: Creating/verifying database tables...
2025-09-30 21:59:04 - app.utils.database - INFO - 🔧 DEBUG: Creating database engine...
21:59:04 | [32mINFO[0m | app.utils.database | 🔧 DEBUG: Creating database engine...
2025-09-30 21:59:04 - app.utils.database - INFO - 🔧 DEBUG: Creating database engine...
21:59:04 | [32mINFO[0m | app.utils.database | 🔧 DEBUG: Creating database engine...
2025-09-30 21:59:04 - app.utils.database - INFO - 🔧 DEBUG: Creating database engine...
21:59:04 | [32mINFO[0m | app.utils.database | 🔧 DEBUG: Creating database engine...
2025-09-30 21:59:04 - app.utils.database - INFO - 🔧 DEBUG: Creating database engine...
21:59:04 | [32mINFO[0m | app.utils.database | 🔧 DEBUG: Creating database engine...
2025-09-30 21:59:04 - app.utils.database - INFO - 🔧 DEBUG: Original URL: sqlite:////Users/benedictleong/Library/Mobile Documents/com~apple~CloudDocs/2. Archive/2. Pet Projects /Spiderman-v3-main/kith-platform/local_kith_platform.db
21:59:04 | [32mINFO[0m | app.utils.database | 🔧 DEBUG: Original URL: sqlite:////Users/benedictleong/Library/Mobile Documents/com~apple~CloudDocs/2. Archive/2. Pet Projects /Spiderman-v3-main/kith-platform/local_kith_platform.db
2025-09-30 21:59:04 - app.utils.database - INFO - 🔧 DEBUG: Original URL: sqlite:////Users/benedictleong/Library/Mobile Documents/com~apple~CloudDocs/2. Archive/2. Pet Projects /Spiderman-v3-main/kith-platform/local_kith_platform.db
21:59:04 | [32mINFO[0m | app.utils.database | 🔧 DEBUG: Original URL: sqlite:////Users/benedictleong/Library/Mobile Documents/com~apple~CloudDocs/2. Archive/2. Pet Projects /Spiderman-v3-main/kith-platform/local_kith_platform.db
2025-09-30 21:59:04 - app.utils.database - INFO - 🔧 DEBUG: Original URL: sqlite:////Users/benedictleong/Library/Mobile Documents/com~apple~CloudDocs/2. Archive/2. Pet Projects /Spiderman-v3-main/kith-platform/local_kith_platform.db
21:59:04 | [32mINFO[0m | app.utils.database | 🔧 DEBUG: Original URL: sqlite:////Users/benedictleong/Library/Mobile Documents/com~apple~CloudDocs/2. Archive/2. Pet Projects /Spiderman-v3-main/kith-platform/local_kith_platform.db
2025-09-30 21:59:04 - app.utils.database - INFO - 🔧 DEBUG: Original URL: sqlite:////Users/benedictleong/Library/Mobile Documents/com~apple~CloudDocs/2. Archive/2. Pet Projects /Spiderman-v3-main/kith-platform/local_kith_platform.db
2025-09-30 21:59:04 - app.utils.database - INFO - 🔧 DEBUG: Creating engine with URL: sqlite:////Users/benedictleong/Library/Mobile Docu...
2025-09-30 21:59:04 - app.utils.database - INFO - 🔧 DEBUG: Creating engine with URL: sqlite:////Users/benedictleong/Library/Mobile Docu...
21:59:04 | [32mINFO[0m | app.utils.database | 🔧 DEBUG: Original URL: sqlite:////Users/benedictleong/Library/Mobile Documents/com~apple~CloudDocs/2. Archive/2. Pet Projects /Spiderman-v3-main/kith-platform/local_kith_platform.db
2025-09-30 21:59:04 - app.utils.database - INFO - 🔧 DEBUG: Creating engine with URL: sqlite:////Users/benedictleong/Library/Mobile Docu...
21:59:04 | [32mINFO[0m | app.utils.database | 🔧 DEBUG: Creating engine with URL: sqlite:////Users/benedictleong/Library/Mobile Docu...
2025-09-30 21:59:04 - app.utils.database - INFO - 🔧 DEBUG: Creating engine with URL: sqlite:////Users/benedictleong/Library/Mobile Docu...
2025-09-30 21:59:04 - app.utils.database - INFO - 🔧 DEBUG: Testing database connection...
21:59:04 | [32mINFO[0m | app.utils.database | 🔧 DEBUG: Creating engine with URL: sqlite:////Users/benedictleong/Library/Mobile Docu...
2025-09-30 21:59:04 - app.utils.database - INFO - 🔧 DEBUG: Testing database connection...
21:59:04 | [32mINFO[0m | app.utils.database | 🔧 DEBUG: Creating engine with URL: sqlite:////Users/benedictleong/Library/Mobile Docu...
21:59:04 | [32mINFO[0m | app.utils.database | 🔧 DEBUG: Creating engine with URL: sqlite:////Users/benedictleong/Library/Mobile Docu...
2025-09-30 21:59:04 - app.utils.database - INFO - 🔧 DEBUG: Testing database connection...
2025-09-30 21:59:04 - app.utils.database - INFO - 🔧 DEBUG: Testing database connection...
21:59:04 | [32mINFO[0m | app.utils.database | 🔧 DEBUG: Testing database connection...
21:59:04 | [32mINFO[0m | app.utils.database | 🔧 DEBUG: Testing database connection...
21:59:04 | [32mINFO[0m | app.utils.database | 🔧 DEBUG: Testing database connection...
21:59:04 | [32mINFO[0m | app.utils.database | 🔧 DEBUG: Testing database connection...
2025-09-30 21:59:04 - app.utils.database - INFO - 🔧 DEBUG: Connection test successful, result: (1,)
21:59:04 | [32mINFO[0m | app.utils.database | 🔧 DEBUG: Connection test successful, result: (1,)
2025-09-30 21:59:04 - app.utils.database - INFO - ✅ Database connection successful
21:59:04 | [32mINFO[0m | app.utils.database | ✅ Database connection successful
2025-09-30 21:59:04 - app.utils.database - INFO - 🔧 DEBUG: Creating/verifying database tables...
21:59:04 | [32mINFO[0m | app.utils.database | 🔧 DEBUG: Creating/verifying database tables...
2025-09-30 21:59:04 - app.utils.database - INFO - 🔧 DEBUG: Connection test successful, result: (1,)
21:59:04 | [32mINFO[0m | app.utils.database | 🔧 DEBUG: Connection test successful, result: (1,)
2025-09-30 21:59:04 - app.utils.database - INFO - 🔧 DEBUG: Connection test successful, result: (1,)
2025-09-30 21:59:04 - app.utils.database - INFO - 🔧 DEBUG: Connection test successful, result: (1,)
21:59:04 | [32mINFO[0m | app.utils.database | 🔧 DEBUG: Connection test successful, result: (1,)
21:59:04 | [32mINFO[0m | app.utils.database | 🔧 DEBUG: Connection test successful, result: (1,)
2025-09-30 21:59:04 - app.utils.database - INFO - ✅ Database connection successful
2025-09-30 21:59:04 - app.utils.database - INFO - ✅ Database connection successful
21:59:04 | [32mINFO[0m | app.utils.database | ✅ Database connection successful
21:59:04 | [32mINFO[0m | app.utils.database | ✅ Database connection successful
2025-09-30 21:59:04 - app.utils.database - INFO - ✅ Database connection successful
21:59:04 | [32mINFO[0m | app.utils.database | ✅ Database connection successful
2025-09-30 21:59:04 - app.utils.database - INFO - 🔧 DEBUG: Creating/verifying database tables...
21:59:04 | [32mINFO[0m | app.utils.database | 🔧 DEBUG: Creating/verifying database tables...
2025-09-30 21:59:04 - app.utils.database - INFO - 🔧 DEBUG: Creating/verifying database tables...
21:59:04 | [32mINFO[0m | app.utils.database | 🔧 DEBUG: Creating/verifying database tables...
2025-09-30 21:59:04 - app.utils.database - INFO - 🔧 DEBUG: Creating/verifying database tables...
21:59:04 | [32mINFO[0m | app.utils.database | 🔧 DEBUG: Creating/verifying database tables...
2025-09-30 21:59:04 - app.utils.database - INFO - ✅ Database tables created/verified
21:59:04 | [32mINFO[0m | app.utils.database | ✅ Database tables created/verified
2025-09-30 21:59:04 - app.utils.database - INFO - ✅ Database tables created/verified
21:59:04 | [32mINFO[0m | app.utils.database | ✅ Database tables created/verified
2025-09-30 21:59:04 - app.utils.database - INFO - 🔧 DEBUG: Session created: 4628076720
21:59:04 | [32mINFO[0m | app.utils.database | 🔧 DEBUG: Session created: 4628076720
2025-09-30 21:59:04 - app.utils.database - INFO - 🔧 DEBUG: Session created: 4627674928
21:59:04 | [32mINFO[0m | app.utils.database | 🔧 DEBUG: Session created: 4627674928
2025-09-30 21:59:04 - app.utils.database - INFO - ✅ Database tables created/verified
21:59:04 | [32mINFO[0m | app.utils.database | ✅ Database tables created/verified
2025-09-30 21:59:04 - app.utils.database - INFO - 🔧 DEBUG: Session created: 4627796464
21:59:04 | [32mINFO[0m | app.utils.database | 🔧 DEBUG: Session created: 4627796464
2025-09-30 21:59:04 - app.utils.database - INFO - 🔧 DEBUG: Committing session...
21:59:04 | [32mINFO[0m | app.utils.database | 🔧 DEBUG: Committing session...
2025-09-30 21:59:04 - app.utils.database - INFO - 🔧 DEBUG: Committing session...
21:59:04 | [32mINFO[0m | app.utils.database | 🔧 DEBUG: Committing session...
2025-09-30 21:59:04 - app.utils.database - INFO - ✅ Session committed successfully
21:59:04 | [32mINFO[0m | app.utils.database | ✅ Session committed successfully
2025-09-30 21:59:04 - app.utils.database - INFO - ✅ Session committed successfully
21:59:04 | [32mINFO[0m | app.utils.database | ✅ Session committed successfully
2025-09-30 21:59:04 - app.utils.database - INFO - 🔧 DEBUG: Committing session...
21:59:04 | [32mINFO[0m | app.utils.database | 🔧 DEBUG: Committing session...
2025-09-30 21:59:04 - app.utils.database - INFO - 🔧 DEBUG: Closing session...
21:59:04 | [32mINFO[0m | app.utils.database | 🔧 DEBUG: Closing session...
2025-09-30 21:59:04 - app.utils.database - INFO - 🔧 DEBUG: Closing session...
21:59:04 | [32mINFO[0m | app.utils.database | 🔧 DEBUG: Closing session...
2025-09-30 21:59:04 - app.utils.database - INFO - ✅ Session committed successfully
21:59:04 | [32mINFO[0m | app.utils.database | ✅ Session committed successfully
2025-09-30 21:59:04 - app.utils.database - INFO - ✅ Session closed
21:59:04 | [32mINFO[0m | app.utils.database | ✅ Session closed
2025-09-30 21:59:04 - app.utils.database - INFO - ✅ Session closed
21:59:04 | [32mINFO[0m | app.utils.database | ✅ Session closed
2025-09-30 21:59:04 - app.utils.database - INFO - 🔧 DEBUG: Closing session...
2025-09-30 21:59:04 - app.utils.database - INFO - 🔧 DEBUG: Getting database session...
21:59:04 | [32mINFO[0m | app.utils.database | 🔧 DEBUG: Closing session...
2025-09-30 21:59:04 - app.utils.database - INFO - 🔧 DEBUG: Getting database session...
21:59:04 | [32mINFO[0m | app.utils.database | 🔧 DEBUG: Getting database session...
2025-09-30 21:59:04 - app.utils.database - INFO - ✅ Database tables created/verified
21:59:04 | [32mINFO[0m | app.utils.database | 🔧 DEBUG: Getting database session...
21:59:04 | [32mINFO[0m | app.utils.database | ✅ Database tables created/verified
2025-09-30 21:59:04 - app.utils.database - INFO - ✅ Session closed
21:59:04 | [32mINFO[0m | app.utils.database | ✅ Session closed
2025-09-30 21:59:04 - app.utils.database - INFO - 🔧 DEBUG: Engine already exists, skipping creation
21:59:04 | [32mINFO[0m | app.utils.database | 🔧 DEBUG: Engine already exists, skipping creation
2025-09-30 21:59:04 - app.utils.database - INFO - 🔧 DEBUG: Engine already exists, skipping creation
21:59:04 | [32mINFO[0m | app.utils.database | 🔧 DEBUG: Engine already exists, skipping creation
2025-09-30 21:59:04 - app.utils.database - INFO - 🔧 DEBUG: Session created: 4628803984
21:59:04 | [32mINFO[0m | app.utils.database | 🔧 DEBUG: Session created: 4628803984
2025-09-30 21:59:04 - app.utils.database - INFO - ✅ Database tables created/verified
21:59:04 | [32mINFO[0m | app.utils.database | ✅ Database tables created/verified
2025-09-30 21:59:04 - app.utils.database - INFO - 🔧 DEBUG: Getting database session...
21:59:04 | [32mINFO[0m | app.utils.database | 🔧 DEBUG: Getting database session...
2025-09-30 21:59:04 - app.utils.database - INFO - 🔧 DEBUG: Session created: 4628804656
21:59:04 | [32mINFO[0m | app.utils.database | 🔧 DEBUG: Session created: 4628804656
2025-09-30 21:59:04 - app.utils.database - INFO - 🔧 DEBUG: Session created: 4640520704
21:59:04 | [32mINFO[0m | app.utils.database | 🔧 DEBUG: Session created: 4640520704
2025-09-30 21:59:04 - app.utils.database - INFO - 🔧 DEBUG: Session created: 4640518208
21:59:04 | [32mINFO[0m | app.utils.database | 🔧 DEBUG: Session created: 4640518208
2025-09-30 21:59:04 - app.utils.database - INFO - ✅ Database tables created/verified
21:59:04 | [32mINFO[0m | app.utils.database | ✅ Database tables created/verified
2025-09-30 21:59:04 - app.utils.database - INFO - 🔧 DEBUG: Committing session...
21:59:04 | [32mINFO[0m | app.utils.database | 🔧 DEBUG: Committing session...
2025-09-30 21:59:04 - app.utils.database - INFO - 🔧 DEBUG: Engine already exists, skipping creation
21:59:04 | [32mINFO[0m | app.utils.database | 🔧 DEBUG: Engine already exists, skipping creation
2025-09-30 21:59:04 - app.services.contact_service - INFO - Retrieved 1 contacts for user 1
21:59:04 | [32mINFO[0m | app.services.contact_service | Retrieved 1 contacts for user 1
2025-09-30 21:59:04 - app.services.contact_service - INFO - Retrieved 1 contacts for user 1
21:59:04 | [32mINFO[0m | app.services.contact_service | Retrieved 1 contacts for user 1
2025-09-30 21:59:04 - app.utils.database - INFO - 🔧 DEBUG: Session created: 4641672880
21:59:04 | [32mINFO[0m | app.utils.database | 🔧 DEBUG: Session created: 4641672880
2025-09-30 21:59:04 - app.utils.database - INFO - ✅ Session committed successfully
21:59:04 | [32mINFO[0m | app.utils.database | ✅ Session committed successfully
2025-09-30 21:59:04 - app.utils.database - INFO - 🔧 DEBUG: Session created: 4640603392
21:59:04 | [32mINFO[0m | app.utils.database | 🔧 DEBUG: Session created: 4640603392
2025-09-30 21:59:04 - app.utils.database - INFO - 🔧 DEBUG: Committing session...
21:59:04 | [32mINFO[0m | app.utils.database | 🔧 DEBUG: Committing session...
2025-09-30 21:59:04 - app.utils.database - INFO - 🔧 DEBUG: Committing session...
21:59:04 | [32mINFO[0m | app.utils.database | 🔧 DEBUG: Committing session...
2025-09-30 21:59:04 - app.utils.database - INFO - 🔧 DEBUG: Committing session...
21:59:04 | [32mINFO[0m | app.utils.database | 🔧 DEBUG: Committing session...
2025-09-30 21:59:04 - app.utils.database - INFO - 🔧 DEBUG: Closing session...
21:59:04 | [32mINFO[0m | app.utils.database | 🔧 DEBUG: Closing session...
2025-09-30 21:59:04 - app.utils.database - INFO - 🔧 DEBUG: Committing session...
21:59:04 | [32mINFO[0m | app.utils.database | 🔧 DEBUG: Committing session...
2025-09-30 21:59:04 - app.utils.database - INFO - ✅ Session committed successfully
21:59:04 | [32mINFO[0m | app.utils.database | ✅ Session committed successfully
2025-09-30 21:59:04 - app.services.contact_service - INFO - Retrieved 1 contacts for user 1
21:59:04 | [32mINFO[0m | app.services.contact_service | Retrieved 1 contacts for user 1
2025-09-30 21:59:04 - app.utils.database - INFO - ✅ Session committed successfully
21:59:04 | [32mINFO[0m | app.utils.database | ✅ Session committed successfully
2025-09-30 21:59:04 - app.utils.database - INFO - ✅ Session committed successfully
21:59:04 | [32mINFO[0m | app.utils.database | ✅ Session committed successfully
2025-09-30 21:59:04 - app.utils.database - INFO - ✅ Session closed
2025-09-30 21:59:04 - app.utils.database - INFO - ✅ Session committed successfully
21:59:04 | [32mINFO[0m | app.utils.database | ✅ Session closed
2025-09-30 21:59:04 - app.utils.database - INFO - 🔧 DEBUG: Closing session...
21:59:04 | [32mINFO[0m | app.utils.database | ✅ Session committed successfully
21:59:04 | [32mINFO[0m | app.utils.database | 🔧 DEBUG: Closing session...
2025-09-30 21:59:04 - app.utils.database - INFO - 🔧 DEBUG: Committing session...
2025-09-30 21:59:04 - app.utils.database - INFO - 🔧 DEBUG: Closing session...
2025-09-30 21:59:04 - app.utils.database - INFO - 🔧 DEBUG: Closing session...
2025-09-30 21:59:04 - app.utils.database - INFO - 🔧 DEBUG: Getting database session...
2025-09-30 21:59:04 - app.utils.database - INFO - 🔧 DEBUG: Closing session...
21:59:04 | [32mINFO[0m | app.utils.database | 🔧 DEBUG: Committing session...
2025-09-30 21:59:04 - app.utils.database - INFO - ✅ Session closed
21:59:04 | [32mINFO[0m | app.utils.database | 🔧 DEBUG: Closing session...
2025-09-30 21:59:04 - app.utils.database - INFO - ✅ Session committed successfully
21:59:04 | [32mINFO[0m | app.utils.database | 🔧 DEBUG: Closing session...
21:59:04 | [32mINFO[0m | app.utils.database | 🔧 DEBUG: Getting database session...
21:59:04 | [32mINFO[0m | app.utils.database | 🔧 DEBUG: Closing session...
21:59:04 | [32mINFO[0m | app.utils.database | ✅ Session closed
21:59:04 | [32mINFO[0m | app.utils.database | ✅ Session committed successfully
2025-09-30 21:59:04 - app.utils.database - INFO - ✅ Session closed
21:59:04 | [32mINFO[0m | app.utils.database | ✅ Session closed
2025-09-30 21:59:04 - app.utils.database - INFO - ✅ Session closed
2025-09-30 21:59:04 - app.utils.database - INFO - 🔧 DEBUG: Engine already exists, skipping creation
21:59:04 | [32mINFO[0m | app.utils.database | ✅ Session closed
21:59:04 | [32mINFO[0m | app.utils.database | 🔧 DEBUG: Engine already exists, skipping creation
2025-09-30 21:59:04 - app.utils.database - INFO - ✅ Session closed
21:59:04 | [32mINFO[0m | app.utils.database | ✅ Session closed
2025-09-30 21:59:04 - app - INFO - Request completed
21:59:04 | [32mINFO[0m | app | Request completed
2025-09-30 21:59:04 - app.utils.database - INFO - 🔧 DEBUG: Closing session...
21:59:04 | [32mINFO[0m | app.utils.database | 🔧 DEBUG: Closing session...
2025-09-30 21:59:04 - app - INFO - Request completed
21:59:04 | [32mINFO[0m | app | Request completed
2025-09-30 21:59:04 - app.utils.database - INFO - 🔧 DEBUG: Getting database session...
21:59:04 | [32mINFO[0m | app.utils.database | 🔧 DEBUG: Getting database session...
2025-09-30 21:59:04 - app.utils.database - INFO - 🔧 DEBUG: Session created: 4640520224
21:59:04 | [32mINFO[0m | app.utils.database | 🔧 DEBUG: Session created: 4640520224
2025-09-30 21:59:04 - app.utils.database - INFO - 🔧 DEBUG: Getting database session...
21:59:04 | [32mINFO[0m | app.utils.database | 🔧 DEBUG: Getting database session...
21:59:04 | [32mINFO[0m | middleware | Response sent
2025-09-30 21:59:04 - app.utils.database - INFO - ✅ Session closed
21:59:04 | [32mINFO[0m | app.utils.database | ✅ Session closed
21:59:04 | [32mINFO[0m | middleware | Response sent
2025-09-30 21:59:04 - app.utils.database - INFO - 🔧 DEBUG: Engine already exists, skipping creation
21:59:04 | [32mINFO[0m | app.utils.database | 🔧 DEBUG: Engine already exists, skipping creation
2025-09-30 21:59:04 - app.utils.database - INFO - 🔧 DEBUG: Engine already exists, skipping creation
21:59:04 | [32mINFO[0m | app.utils.database | 🔧 DEBUG: Engine already exists, skipping creation
21:59:04 | [32mINFO[0m | werkzeug | 127.0.0.1 - - [30/Sep/2025 21:59:04] "GET /api/contacts/?tier=2&_=1759240744820 HTTP/1.1" 200 -
2025-09-30 21:59:04 - app.services.contact_service - INFO - Retrieved 1 contacts for user 1
21:59:04 | [32mINFO[0m | app.services.contact_service | Retrieved 1 contacts for user 1
2025-09-30 21:59:04 - app - INFO - Request completed
21:59:04 | [32mINFO[0m | app | Request completed
21:59:04 | [32mINFO[0m | werkzeug | 127.0.0.1 - - [30/Sep/2025 21:59:04] "GET /api/contacts/?tier=1&_=1759240744820 HTTP/1.1" 200 -
2025-09-30 21:59:04 - app.utils.database - INFO - 🔧 DEBUG: Session created: 4627799344
21:59:04 | [32mINFO[0m | app.utils.database | 🔧 DEBUG: Session created: 4627799344
2025-09-30 21:59:04 - app.utils.database - INFO - 🔧 DEBUG: Session created: 4628751408
21:59:04 | [32mINFO[0m | app.utils.database | 🔧 DEBUG: Session created: 4628751408
2025-09-30 21:59:04 - app.utils.database - INFO - 🔧 DEBUG: Committing session...
21:59:04 | [32mINFO[0m | app.utils.database | 🔧 DEBUG: Committing session...
21:59:04 | [32mINFO[0m | middleware | Response sent
2025-09-30 21:59:04 - app.services.contact_service - INFO - Retrieved 1 contacts for user 1
21:59:04 | [32mINFO[0m | app.services.contact_service | Retrieved 1 contacts for user 1
2025-09-30 21:59:04 - app.services.contact_service - INFO - Retrieved 1 contacts for user 1
2025-09-30 21:59:04 - app.utils.database - INFO - ✅ Session committed successfully
21:59:04 | [32mINFO[0m | middleware | Request received
2025-09-30 21:59:04 - app.utils.database - INFO - 🔧 DEBUG: Committing session...
21:59:04 | [32mINFO[0m | middleware | Request received
21:59:04 | [32mINFO[0m | werkzeug | 127.0.0.1 - - [30/Sep/2025 21:59:04] "GET /api/contacts/?tier=1&_=1759240744820 HTTP/1.1" 200 -
2025-09-30 21:59:04 - app - INFO - Request started
2025-09-30 21:59:04 - app - INFO - Request started
21:59:04 | [32mINFO[0m | app.services.contact_service | Retrieved 1 contacts for user 1
2025-09-30 21:59:04 - app.utils.database - INFO - 🔧 DEBUG: Committing session...
21:59:04 | [32mINFO[0m | app.utils.database | ✅ Session committed successfully
21:59:04 | [32mINFO[0m | app.utils.database | 🔧 DEBUG: Committing session...
2025-09-30 21:59:04 - app.utils.database - INFO - 🔧 DEBUG: Closing session...
21:59:04 | [32mINFO[0m | app | Request started
21:59:04 | [32mINFO[0m | app | Request started
2025-09-30 21:59:04 - app.utils.database - INFO - ✅ Session committed successfully
21:59:04 | [32mINFO[0m | app.utils.database | 🔧 DEBUG: Committing session...
2025-09-30 21:59:04 - app.utils.database - INFO - 🔧 DEBUG: Database URL resolved: sqlite:////Users/benedictleong/Library/Mobile Docu...
2025-09-30 21:59:04 - app.utils.database - INFO - ✅ Session committed successfully
21:59:04 | [32mINFO[0m | app.utils.database | 🔧 DEBUG: Closing session...
21:59:04 | [32mINFO[0m | app.utils.database | ✅ Session committed successfully
2025-09-30 21:59:04 - app.utils.database - INFO - ✅ Session closed
2025-09-30 21:59:04 - app.utils.database - INFO - 🔧 DEBUG: Closing session...
21:59:04 | [32mINFO[0m | app.utils.database | 🔧 DEBUG: Database URL resolved: sqlite:////Users/benedictleong/Library/Mobile Docu...
2025-09-30 21:59:04 - app - ERROR - Unhandled exception
2025-09-30 21:59:04 - app.utils.database - INFO - 🔧 DEBUG: Getting database session...
21:59:04 | [32mINFO[0m | app.utils.database | ✅ Session committed successfully
21:59:04 | [32mINFO[0m | app.utils.database | ✅ Session closed
2025-09-30 21:59:04 - app.utils.database - INFO - 🔧 DEBUG: Closing session...
21:59:04 | [32mINFO[0m | app.utils.database | 🔧 DEBUG: Closing session...
2025-09-30 21:59:04 - app - INFO - Request completed
2025-09-30 21:59:04 - app.utils.database - INFO - ✅ Session closed
21:59:04 | [31mERROR[0m | app | Unhandled exception
2025-09-30 21:59:04 - app - INFO - Request completed
21:59:04 | [32mINFO[0m | app.utils.database | 🔧 DEBUG: Getting database session...
2025-09-30 21:59:04 - app.utils.database - INFO - 🔧 DEBUG: Creating database engine...
21:59:04 | [32mINFO[0m | app.utils.database | 🔧 DEBUG: Closing session...
21:59:04 | [32mINFO[0m | app | Request completed
2025-09-30 21:59:04 - app.utils.database - INFO - ✅ Session closed
21:59:04 | [32mINFO[0m | app.utils.database | ✅ Session closed
21:59:04 | [32mINFO[0m | app | Request completed
21:59:04 | [32mINFO[0m | app.utils.database | 🔧 DEBUG: Creating database engine...
2025-09-30 21:59:04 - app - INFO - Request completed
21:59:04 | [32mINFO[0m | app.utils.database | ✅ Session closed
21:59:04 | [32mINFO[0m | middleware | Response sent
2025-09-30 21:59:04 - app.utils.database - INFO - 🔧 DEBUG: Original URL: sqlite:////Users/benedictleong/Library/Mobile Documents/com~apple~CloudDocs/2. Archive/2. Pet Projects /Spiderman-v3-main/kith-platform/local_kith_platform.db
21:59:04 | [32mINFO[0m | app | Request completed
21:59:04 | [32mINFO[0m | middleware | Response sent
2025-09-30 21:59:04 - app - INFO - Request completed
21:59:04 | [32mINFO[0m | app.utils.database | 🔧 DEBUG: Original URL: sqlite:////Users/benedictleong/Library/Mobile Documents/com~apple~CloudDocs/2. Archive/2. Pet Projects /Spiderman-v3-main/kith-platform/local_kith_platform.db
21:59:04 | [32mINFO[0m | app | Request completed
21:59:04 | [32mINFO[0m | werkzeug | 127.0.0.1 - - [30/Sep/2025 21:59:04] "GET /api/contacts/ HTTP/1.1" 200 -
21:59:04 | [32mINFO[0m | middleware | Response sent
21:59:04 | [32mINFO[0m | werkzeug | 127.0.0.1 - - [30/Sep/2025 21:59:04] "[35m[1mGET /api/telegram/status HTTP/1.1[0m" 500 -
2025-09-30 21:59:04 - app.utils.database - INFO - 🔧 DEBUG: Creating engine with URL: sqlite:////Users/benedictleong/Library/Mobile Docu...
21:59:04 | [32mINFO[0m | middleware | Response sent
21:59:04 | [32mINFO[0m | app.utils.database | 🔧 DEBUG: Creating engine with URL: sqlite:////Users/benedictleong/Library/Mobile Docu...
21:59:04 | [32mINFO[0m | werkzeug | 127.0.0.1 - - [30/Sep/2025 21:59:04] "GET /api/contacts/ HTTP/1.1" 200 -
21:59:04 | [32mINFO[0m | werkzeug | 127.0.0.1 - - [30/Sep/2025 21:59:04] "GET /api/contacts/ HTTP/1.1" 200 -
2025-09-30 21:59:04 - app.utils.database - INFO - 🔧 DEBUG: Testing database connection...
21:59:04 | [32mINFO[0m | app.utils.database | 🔧 DEBUG: Testing database connection...
2025-09-30 21:59:04 - app.utils.database - INFO - 🔧 DEBUG: Connection test successful, result: (1,)
21:59:04 | [32mINFO[0m | app.utils.database | 🔧 DEBUG: Connection test successful, result: (1,)
2025-09-30 21:59:04 - app.utils.database - INFO - ✅ Database connection successful
21:59:04 | [32mINFO[0m | app.utils.database | ✅ Database connection successful
2025-09-30 21:59:04 - app.utils.database - INFO - 🔧 DEBUG: Creating/verifying database tables...
21:59:04 | [32mINFO[0m | app.utils.database | 🔧 DEBUG: Creating/verifying database tables...
2025-09-30 21:59:04 - app.utils.database - INFO - ✅ Database tables created/verified
21:59:04 | [32mINFO[0m | app.utils.database | ✅ Database tables created/verified
2025-09-30 21:59:04 - app.utils.database - INFO - 🔧 DEBUG: Session created: 4628179648
21:59:04 | [32mINFO[0m | app.utils.database | 🔧 DEBUG: Session created: 4628179648
2025-09-30 21:59:04 - app.utils.database - INFO - 🔧 DEBUG: Committing session...
21:59:04 | [32mINFO[0m | app.utils.database | 🔧 DEBUG: Committing session...
2025-09-30 21:59:04 - app.utils.database - INFO - ✅ Session committed successfully
21:59:04 | [32mINFO[0m | app.utils.database | ✅ Session committed successfully
2025-09-30 21:59:04 - app.utils.database - INFO - 🔧 DEBUG: Closing session...
21:59:04 | [32mINFO[0m | app.utils.database | 🔧 DEBUG: Closing session...
2025-09-30 21:59:04 - app.utils.database - INFO - ✅ Session closed
21:59:04 | [32mINFO[0m | app.utils.database | ✅ Session closed
2025-09-30 21:59:04 - app.utils.database - INFO - 🔧 DEBUG: Getting database session...
21:59:04 | [32mINFO[0m | app.utils.database | 🔧 DEBUG: Getting database session...
2025-09-30 21:59:04 - app.utils.database - INFO - 🔧 DEBUG: Engine already exists, skipping creation
21:59:04 | [32mINFO[0m | app.utils.database | 🔧 DEBUG: Engine already exists, skipping creation
2025-09-30 21:59:04 - app.utils.database - INFO - 🔧 DEBUG: Session created: 4629493648
21:59:04 | [32mINFO[0m | app.utils.database | 🔧 DEBUG: Session created: 4629493648
2025-09-30 21:59:04 - app.services.contact_service - INFO - Retrieved 1 contacts for user 1
21:59:04 | [32mINFO[0m | app.services.contact_service | Retrieved 1 contacts for user 1
2025-09-30 21:59:04 - app.utils.database - INFO - 🔧 DEBUG: Committing session...
21:59:04 | [32mINFO[0m | app.utils.database | 🔧 DEBUG: Committing session...
2025-09-30 21:59:04 - app.utils.database - INFO - ✅ Session committed successfully
21:59:04 | [32mINFO[0m | app.utils.database | ✅ Session committed successfully
2025-09-30 21:59:04 - app.utils.database - INFO - 🔧 DEBUG: Closing session...
21:59:04 | [32mINFO[0m | app.utils.database | 🔧 DEBUG: Closing session...
2025-09-30 21:59:04 - app.utils.database - INFO - ✅ Session closed
21:59:04 | [32mINFO[0m | app.utils.database | ✅ Session closed
2025-09-30 21:59:04 - app - INFO - Request completed
21:59:04 | [32mINFO[0m | app | Request completed
21:59:04 | [32mINFO[0m | middleware | Response sent
21:59:04 | [32mINFO[0m | werkzeug | 127.0.0.1 - - [30/Sep/2025 21:59:04] "GET /api/contacts/?tier=2&_=1759240744820 HTTP/1.1" 200 -
21:59:06 | [32mINFO[0m | middleware | Request received
2025-09-30 21:59:06 - app - INFO - Request started
21:59:06 | [32mINFO[0m | app | Request started
2025-09-30 21:59:06 - app.utils.database - INFO - 🔧 DEBUG: Database URL resolved: sqlite:////Users/benedictleong/Library/Mobile Docu...
21:59:06 | [32mINFO[0m | app.utils.database | 🔧 DEBUG: Database URL resolved: sqlite:////Users/benedictleong/Library/Mobile Docu...
2025-09-30 21:59:06 - app.utils.database - INFO - 🔧 DEBUG: Getting database session...
21:59:06 | [32mINFO[0m | app.utils.database | 🔧 DEBUG: Getting database session...
2025-09-30 21:59:06 - app.utils.database - INFO - 🔧 DEBUG: Creating database engine...
21:59:06 | [32mINFO[0m | app.utils.database | 🔧 DEBUG: Creating database engine...
2025-09-30 21:59:06 - app.utils.database - INFO - 🔧 DEBUG: Original URL: sqlite:////Users/benedictleong/Library/Mobile Documents/com~apple~CloudDocs/2. Archive/2. Pet Projects /Spiderman-v3-main/kith-platform/local_kith_platform.db
21:59:06 | [32mINFO[0m | app.utils.database | 🔧 DEBUG: Original URL: sqlite:////Users/benedictleong/Library/Mobile Documents/com~apple~CloudDocs/2. Archive/2. Pet Projects /Spiderman-v3-main/kith-platform/local_kith_platform.db
2025-09-30 21:59:06 - app.utils.database - INFO - 🔧 DEBUG: Creating engine with URL: sqlite:////Users/benedictleong/Library/Mobile Docu...
21:59:06 | [32mINFO[0m | app.utils.database | 🔧 DEBUG: Creating engine with URL: sqlite:////Users/benedictleong/Library/Mobile Docu...
2025-09-30 21:59:06 - app.utils.database - INFO - 🔧 DEBUG: Testing database connection...
21:59:06 | [32mINFO[0m | app.utils.database | 🔧 DEBUG: Testing database connection...
2025-09-30 21:59:06 - app.utils.database - INFO - 🔧 DEBUG: Connection test successful, result: (1,)
21:59:06 | [32mINFO[0m | app.utils.database | 🔧 DEBUG: Connection test successful, result: (1,)
2025-09-30 21:59:06 - app.utils.database - INFO - ✅ Database connection successful
21:59:06 | [32mINFO[0m | app.utils.database | ✅ Database connection successful
2025-09-30 21:59:06 - app.utils.database - INFO - 🔧 DEBUG: Creating/verifying database tables...
21:59:06 | [32mINFO[0m | app.utils.database | 🔧 DEBUG: Creating/verifying database tables...
2025-09-30 21:59:06 - app.utils.database - INFO - ✅ Database tables created/verified
21:59:06 | [32mINFO[0m | app.utils.database | ✅ Database tables created/verified
2025-09-30 21:59:06 - app.utils.database - INFO - 🔧 DEBUG: Session created: 4629629392
21:59:06 | [32mINFO[0m | app.utils.database | 🔧 DEBUG: Session created: 4629629392
2025-09-30 21:59:06 - app.utils.database - INFO - 🔧 DEBUG: Committing session...
21:59:06 | [32mINFO[0m | app.utils.database | 🔧 DEBUG: Committing session...
2025-09-30 21:59:06 - app.utils.database - INFO - ✅ Session committed successfully
21:59:06 | [32mINFO[0m | app.utils.database | ✅ Session committed successfully
2025-09-30 21:59:06 - app.utils.database - INFO - 🔧 DEBUG: Closing session...
21:59:06 | [32mINFO[0m | app.utils.database | 🔧 DEBUG: Closing session...
2025-09-30 21:59:06 - app.utils.database - INFO - ✅ Session closed
21:59:06 | [32mINFO[0m | app.utils.database | ✅ Session closed
2025-09-30 21:59:06 - app.utils.database - INFO - 🔧 DEBUG: Getting database session...
21:59:06 | [32mINFO[0m | app.utils.database | 🔧 DEBUG: Getting database session...
2025-09-30 21:59:06 - app.utils.database - INFO - 🔧 DEBUG: Engine already exists, skipping creation
21:59:06 | [32mINFO[0m | app.utils.database | 🔧 DEBUG: Engine already exists, skipping creation
2025-09-30 21:59:06 - app.utils.database - INFO - 🔧 DEBUG: Session created: 4628629680
21:59:06 | [32mINFO[0m | app.utils.database | 🔧 DEBUG: Session created: 4628629680
2025-09-30 21:59:06 - app.utils.database - INFO - 🔧 DEBUG: Committing session...
21:59:06 | [32mINFO[0m | app.utils.database | 🔧 DEBUG: Committing session...
2025-09-30 21:59:06 - app.utils.database - INFO - ✅ Session committed successfully
21:59:06 | [32mINFO[0m | app.utils.database | ✅ Session committed successfully
2025-09-30 21:59:06 - app.utils.database - INFO - 🔧 DEBUG: Closing session...
21:59:06 | [32mINFO[0m | app.utils.database | 🔧 DEBUG: Closing session...
2025-09-30 21:59:06 - app.utils.database - INFO - ✅ Session closed
21:59:06 | [32mINFO[0m | app.utils.database | ✅ Session closed
2025-09-30 21:59:06 - app - ERROR - Unhandled exception
21:59:06 | [31mERROR[0m | app | Unhandled exception
2025-09-30 21:59:06 - app - INFO - Request completed
21:59:06 | [32mINFO[0m | app | Request completed
21:59:06 | [32mINFO[0m | middleware | Response sent
21:59:06 | [32mINFO[0m | werkzeug | 127.0.0.1 - - [30/Sep/2025 21:59:06] "[35m[1mGET /api/contacts/1 HTTP/1.1[0m" 500 -
21:59:15 | [32mINFO[0m | middleware | Request received
2025-09-30 21:59:15 - app - INFO - Request started
21:59:15 | [32mINFO[0m | app | Request started
2025-09-30 21:59:15 - app - ERROR - Unhandled exception
21:59:15 | [31mERROR[0m | app | Unhandled exception
2025-09-30 21:59:15 - app - INFO - Request completed
21:59:15 | [32mINFO[0m | app | Request completed
21:59:15 | [32mINFO[0m | middleware | Response sent
21:59:15 | [32mINFO[0m | werkzeug | 127.0.0.1 - - [30/Sep/2025 21:59:15] "[35m[1mPUT /api/contact/1/categories HTTP/1.1[0m" 500 -
22:05:21 | [32mINFO[0m | middleware | Request received
2025-09-30 22:05:21 - app - INFO - Request started
22:05:21 | [32mINFO[0m | app | Request started
2025-09-30 22:05:21 - app.utils.database - INFO - 🔧 DEBUG: Database URL resolved: sqlite:////Users/benedictleong/Library/Mobile Docu...
22:05:21 | [32mINFO[0m | app.utils.database | 🔧 DEBUG: Database URL resolved: sqlite:////Users/benedictleong/Library/Mobile Docu...
2025-09-30 22:05:21 - app.utils.database - INFO - 🔧 DEBUG: Getting database session...
22:05:21 | [32mINFO[0m | app.utils.database | 🔧 DEBUG: Getting database session...
2025-09-30 22:05:21 - app.utils.database - INFO - 🔧 DEBUG: Creating database engine...
22:05:21 | [32mINFO[0m | app.utils.database | 🔧 DEBUG: Creating database engine...
2025-09-30 22:05:21 - app.utils.database - INFO - 🔧 DEBUG: Original URL: sqlite:////Users/benedictleong/Library/Mobile Documents/com~apple~CloudDocs/2. Archive/2. Pet Projects /Spiderman-v3-main/kith-platform/local_kith_platform.db
22:05:21 | [32mINFO[0m | app.utils.database | 🔧 DEBUG: Original URL: sqlite:////Users/benedictleong/Library/Mobile Documents/com~apple~CloudDocs/2. Archive/2. Pet Projects /Spiderman-v3-main/kith-platform/local_kith_platform.db
2025-09-30 22:05:21 - app.utils.database - INFO - 🔧 DEBUG: Creating engine with URL: sqlite:////Users/benedictleong/Library/Mobile Docu...
22:05:21 | [32mINFO[0m | app.utils.database | 🔧 DEBUG: Creating engine with URL: sqlite:////Users/benedictleong/Library/Mobile Docu...
2025-09-30 22:05:21 - app.utils.database - INFO - 🔧 DEBUG: Testing database connection...
22:05:21 | [32mINFO[0m | app.utils.database | 🔧 DEBUG: Testing database connection...
2025-09-30 22:05:21 - app.utils.database - INFO - 🔧 DEBUG: Connection test successful, result: (1,)
22:05:21 | [32mINFO[0m | app.utils.database | 🔧 DEBUG: Connection test successful, result: (1,)
2025-09-30 22:05:21 - app.utils.database - INFO - ✅ Database connection successful
22:05:21 | [32mINFO[0m | app.utils.database | ✅ Database connection successful
2025-09-30 22:05:21 - app.utils.database - INFO - 🔧 DEBUG: Creating/verifying database tables...
22:05:21 | [32mINFO[0m | app.utils.database | 🔧 DEBUG: Creating/verifying database tables...
2025-09-30 22:05:21 - app.utils.database - INFO - ✅ Database tables created/verified
22:05:21 | [32mINFO[0m | app.utils.database | ✅ Database tables created/verified
2025-09-30 22:05:21 - app.utils.database - INFO - 🔧 DEBUG: Session created: 4627844352
22:05:21 | [32mINFO[0m | app.utils.database | 🔧 DEBUG: Session created: 4627844352
2025-09-30 22:05:21 - app.utils.database - INFO - 🔧 DEBUG: Committing session...
22:05:21 | [32mINFO[0m | app.utils.database | 🔧 DEBUG: Committing session...
2025-09-30 22:05:21 - app.utils.database - INFO - ✅ Session committed successfully
22:05:21 | [32mINFO[0m | app.utils.database | ✅ Session committed successfully
2025-09-30 22:05:21 - app.utils.database - INFO - 🔧 DEBUG: Closing session...
22:05:21 | [32mINFO[0m | app.utils.database | 🔧 DEBUG: Closing session...
2025-09-30 22:05:21 - app.utils.database - INFO - ✅ Session closed
22:05:21 | [32mINFO[0m | app.utils.database | ✅ Session closed
22:05:21 | [32mINFO[0m | root | Authenticated user 1 accessing main page
2025-09-30 22:05:21 - app - INFO - Request completed
22:05:21 | [32mINFO[0m | app | Request completed
22:05:21 | [32mINFO[0m | middleware | Response sent
22:05:21 | [32mINFO[0m | werkzeug | 127.0.0.1 - - [30/Sep/2025 22:05:21] "GET / HTTP/1.1" 200 -
22:05:21 | [32mINFO[0m | middleware | Request received
2025-09-30 22:05:21 - app - INFO - Request started
22:05:21 | [32mINFO[0m | app | Request started
22:05:21 | [32mINFO[0m | middleware | Request received
22:05:21 | [32mINFO[0m | middleware | Request received
22:05:21 | [32mINFO[0m | middleware | Request received
2025-09-30 22:05:21 - app - INFO - Request completed
22:05:21 | [32mINFO[0m | middleware | Request received
22:05:21 | [32mINFO[0m | middleware | Request received
2025-09-30 22:05:21 - app - INFO - Request started
22:05:21 | [32mINFO[0m | app | Request completed
22:05:21 | [32mINFO[0m | app | Request started
2025-09-30 22:05:21 - app - INFO - Request started
22:05:21 | [32mINFO[0m | app | Request started
2025-09-30 22:05:21 - app - INFO - Request started
22:05:21 | [32mINFO[0m | app | Request started
2025-09-30 22:05:21 - app - INFO - Request started
22:05:21 | [32mINFO[0m | app | Request started
2025-09-30 22:05:21 - app - INFO - Request started
22:05:21 | [32mINFO[0m | middleware | Response sent
22:05:21 | [32mINFO[0m | app | Request started
2025-09-30 22:05:21 - app - INFO - Request completed
22:05:21 | [32mINFO[0m | app | Request completed
22:05:21 | [32mINFO[0m | werkzeug | 127.0.0.1 - - [30/Sep/2025 22:05:21] "[36mGET /static/style.css HTTP/1.1[0m" 304 -
2025-09-30 22:05:21 - app - INFO - Request completed
22:05:21 | [32mINFO[0m | app | Request completed
22:05:21 | [32mINFO[0m | middleware | Response sent
2025-09-30 22:05:21 - app - INFO - Request completed
2025-09-30 22:05:21 - app - INFO - Request completed
22:05:21 | [32mINFO[0m | app | Request completed
2025-09-30 22:05:21 - app - INFO - Request completed
22:05:21 | [32mINFO[0m | app | Request completed
22:05:21 | [32mINFO[0m | middleware | Response sent
22:05:21 | [32mINFO[0m | app | Request completed
22:05:21 | [32mINFO[0m | werkzeug | 127.0.0.1 - - [30/Sep/2025 22:05:21] "[36mGET /static/js/tag-management.js HTTP/1.1[0m" 304 -
22:05:21 | [32mINFO[0m | middleware | Response sent
22:05:21 | [32mINFO[0m | middleware | Response sent
22:05:21 | [32mINFO[0m | werkzeug | 127.0.0.1 - - [30/Sep/2025 22:05:21] "[36mGET /static/js/main.js HTTP/1.1[0m" 304 -
22:05:21 | [32mINFO[0m | middleware | Response sent
22:05:21 | [32mINFO[0m | werkzeug | 127.0.0.1 - - [30/Sep/2025 22:05:21] "[36mGET /static/js/lazy-loader.js HTTP/1.1[0m" 304 -
22:05:21 | [32mINFO[0m | middleware | Request received
22:05:21 | [32mINFO[0m | werkzeug | 127.0.0.1 - - [30/Sep/2025 22:05:21] "[36mGET /static/js/cache-manager.js HTTP/1.1[0m" 304 -
22:05:21 | [32mINFO[0m | middleware | Request received
22:05:21 | [32mINFO[0m | werkzeug | 127.0.0.1 - - [30/Sep/2025 22:05:21] "[36mGET /static/js/debounced-search.js HTTP/1.1[0m" 304 -
2025-09-30 22:05:21 - app - INFO - Request started
22:05:21 | [32mINFO[0m | app | Request started
22:05:21 | [32mINFO[0m | middleware | Request received
22:05:21 | [32mINFO[0m | middleware | Request received
2025-09-30 22:05:21 - app - INFO - Request started
22:05:21 | [32mINFO[0m | middleware | Request received
22:05:21 | [32mINFO[0m | app | Request started
2025-09-30 22:05:21 - app - INFO - Request started
22:05:21 | [32mINFO[0m | app | Request started
2025-09-30 22:05:21 - app - INFO - Request completed
22:05:21 | [32mINFO[0m | app | Request completed
2025-09-30 22:05:21 - app - INFO - Request started
22:05:21 | [32mINFO[0m | app | Request started
2025-09-30 22:05:21 - app - INFO - Request started
22:05:21 | [32mINFO[0m | app | Request started
2025-09-30 22:05:21 - app - INFO - Request completed
22:05:21 | [32mINFO[0m | app | Request completed
22:05:21 | [32mINFO[0m | middleware | Response sent
2025-09-30 22:05:21 - app - INFO - Request completed
22:05:21 | [32mINFO[0m | app | Request completed
2025-09-30 22:05:21 - app - INFO - Request completed
22:05:21 | [32mINFO[0m | app | Request completed
22:05:21 | [32mINFO[0m | middleware | Response sent
22:05:21 | [32mINFO[0m | werkzeug | 127.0.0.1 - - [30/Sep/2025 22:05:21] "[36mGET /static/js/prefetch-manager.js HTTP/1.1[0m" 304 -
22:05:21 | [32mINFO[0m | middleware | Response sent
2025-09-30 22:05:21 - app - INFO - Request completed
22:05:21 | [32mINFO[0m | middleware | Response sent
22:05:21 | [32mINFO[0m | app | Request completed
22:05:21 | [32mINFO[0m | werkzeug | 127.0.0.1 - - [30/Sep/2025 22:05:21] "[36mGET /static/js/settings.js HTTP/1.1[0m" 304 -
22:05:21 | [32mINFO[0m | werkzeug | 127.0.0.1 - - [30/Sep/2025 22:05:21] "[36mGET /static/js/contacts.js HTTP/1.1[0m" 304 -
22:05:21 | [32mINFO[0m | werkzeug | 127.0.0.1 - - [30/Sep/2025 22:05:21] "[36mGET /static/js/relationship-graph.js HTTP/1.1[0m" 304 -
22:05:21 | [32mINFO[0m | middleware | Response sent
22:05:21 | [32mINFO[0m | werkzeug | 127.0.0.1 - - [30/Sep/2025 22:05:21] "[36mGET /static/js/ui-enhancements.js HTTP/1.1[0m" 304 -
22:05:21 | [32mINFO[0m | middleware | Request received
2025-09-30 22:05:21 - app - INFO - Request started
22:05:21 | [32mINFO[0m | app | Request started
22:05:21 | [32mINFO[0m | middleware | Request received
22:05:21 | [32mINFO[0m | middleware | Request received
22:05:21 | [32mINFO[0m | middleware | Request received
2025-09-30 22:05:21 - app - ERROR - Unhandled exception
22:05:21 | [32mINFO[0m | middleware | Request received
22:05:21 | [32mINFO[0m | middleware | Request received
22:05:21 | [31mERROR[0m | app | Unhandled exception
2025-09-30 22:05:21 - app - INFO - Request started
22:05:21 | [32mINFO[0m | app | Request started
2025-09-30 22:05:21 - app - INFO - Request started
22:05:21 | [32mINFO[0m | app | Request started
2025-09-30 22:05:21 - app - INFO - Request started
22:05:21 | [32mINFO[0m | app | Request started
2025-09-30 22:05:21 - app - INFO - Request started
22:05:21 | [32mINFO[0m | app | Request started
2025-09-30 22:05:21 - app - INFO - Request started
22:05:21 | [32mINFO[0m | app | Request started
2025-09-30 22:05:21 - app - INFO - Request completed
22:05:21 | [32mINFO[0m | app | Request completed
2025-09-30 22:05:21 - app.utils.database - INFO - 🔧 DEBUG: Database URL resolved: sqlite:////Users/benedictleong/Library/Mobile Docu...
22:05:21 | [32mINFO[0m | app.utils.database | 🔧 DEBUG: Database URL resolved: sqlite:////Users/benedictleong/Library/Mobile Docu...
2025-09-30 22:05:21 - app - INFO - Request completed
22:05:21 | [32mINFO[0m | app | Request completed
2025-09-30 22:05:21 - app - INFO - Request completed
22:05:21 | [32mINFO[0m | app | Request completed
2025-09-30 22:05:21 - app.utils.database - INFO - 🔧 DEBUG: Database URL resolved: sqlite:////Users/benedictleong/Library/Mobile Docu...
22:05:21 | [32mINFO[0m | app.utils.database | 🔧 DEBUG: Database URL resolved: sqlite:////Users/benedictleong/Library/Mobile Docu...
22:05:21 | [32mINFO[0m | middleware | Response sent
2025-09-30 22:05:21 - app - ERROR - Unhandled exception
22:05:21 | [31mERROR[0m | app | Unhandled exception
2025-09-30 22:05:21 - app.utils.database - INFO - 🔧 DEBUG: Getting database session...
22:05:21 | [32mINFO[0m | app.utils.database | 🔧 DEBUG: Getting database session...
22:05:21 | [32mINFO[0m | middleware | Response sent
22:05:21 | [32mINFO[0m | middleware | Response sent
2025-09-30 22:05:21 - app.utils.database - INFO - 🔧 DEBUG: Getting database session...
22:05:21 | [32mINFO[0m | werkzeug | 127.0.0.1 - - [30/Sep/2025 22:05:21] "[35m[1mGET /api/tags HTTP/1.1[0m" 500 -
22:05:21 | [32mINFO[0m | app.utils.database | 🔧 DEBUG: Getting database session...
2025-09-30 22:05:21 - app - INFO - Request completed
22:05:21 | [32mINFO[0m | app | Request completed
2025-09-30 22:05:21 - app.utils.database - INFO - 🔧 DEBUG: Creating database engine...
22:05:21 | [32mINFO[0m | werkzeug | 127.0.0.1 - - [30/Sep/2025 22:05:21] "[32mGET /api/contacts HTTP/1.1[0m" 308 -
22:05:21 | [32mINFO[0m | app.utils.database | 🔧 DEBUG: Creating database engine...
22:05:21 | [32mINFO[0m | werkzeug | 127.0.0.1 - - [30/Sep/2025 22:05:21] "[32mGET /api/contacts HTTP/1.1[0m" 308 -
2025-09-30 22:05:21 - app.utils.database - INFO - 🔧 DEBUG: Creating database engine...
22:05:21 | [32mINFO[0m | middleware | Response sent
22:05:21 | [32mINFO[0m | app.utils.database | 🔧 DEBUG: Creating database engine...
2025-09-30 22:05:21 - app.utils.database - INFO - 🔧 DEBUG: Original URL: sqlite:////Users/benedictleong/Library/Mobile Documents/com~apple~CloudDocs/2. Archive/2. Pet Projects /Spiderman-v3-main/kith-platform/local_kith_platform.db
22:05:21 | [32mINFO[0m | app.utils.database | 🔧 DEBUG: Original URL: sqlite:////Users/benedictleong/Library/Mobile Documents/com~apple~CloudDocs/2. Archive/2. Pet Projects /Spiderman-v3-main/kith-platform/local_kith_platform.db
22:05:21 | [32mINFO[0m | werkzeug | 127.0.0.1 - - [30/Sep/2025 22:05:21] "[35m[1mGET /api/telegram/status HTTP/1.1[0m" 500 -
2025-09-30 22:05:21 - app.utils.database - INFO - 🔧 DEBUG: Original URL: sqlite:////Users/benedictleong/Library/Mobile Documents/com~apple~CloudDocs/2. Archive/2. Pet Projects /Spiderman-v3-main/kith-platform/local_kith_platform.db
22:05:21 | [32mINFO[0m | app.utils.database | 🔧 DEBUG: Original URL: sqlite:////Users/benedictleong/Library/Mobile Documents/com~apple~CloudDocs/2. Archive/2. Pet Projects /Spiderman-v3-main/kith-platform/local_kith_platform.db
2025-09-30 22:05:21 - app.utils.database - INFO - 🔧 DEBUG: Creating engine with URL: sqlite:////Users/benedictleong/Library/Mobile Docu...
22:05:21 | [32mINFO[0m | app.utils.database | 🔧 DEBUG: Creating engine with URL: sqlite:////Users/benedictleong/Library/Mobile Docu...
2025-09-30 22:05:21 - app.utils.database - INFO - 🔧 DEBUG: Creating engine with URL: sqlite:////Users/benedictleong/Library/Mobile Docu...
22:05:21 | [32mINFO[0m | app.utils.database | 🔧 DEBUG: Creating engine with URL: sqlite:////Users/benedictleong/Library/Mobile Docu...
2025-09-30 22:05:21 - app.utils.database - INFO - 🔧 DEBUG: Testing database connection...
22:05:21 | [32mINFO[0m | app.utils.database | 🔧 DEBUG: Testing database connection...
2025-09-30 22:05:21 - app.utils.database - INFO - 🔧 DEBUG: Testing database connection...
22:05:21 | [32mINFO[0m | app.utils.database | 🔧 DEBUG: Testing database connection...
22:05:21 | [32mINFO[0m | middleware | Request received
2025-09-30 22:05:21 - app.utils.database - INFO - 🔧 DEBUG: Connection test successful, result: (1,)
22:05:21 | [32mINFO[0m | middleware | Request received
2025-09-30 22:05:21 - app.utils.database - INFO - 🔧 DEBUG: Connection test successful, result: (1,)
22:05:21 | [32mINFO[0m | middleware | Request received
22:05:21 | [32mINFO[0m | app.utils.database | 🔧 DEBUG: Connection test successful, result: (1,)
2025-09-30 22:05:21 - app - INFO - Request started
22:05:21 | [32mINFO[0m | middleware | Request received
22:05:21 | [32mINFO[0m | app.utils.database | 🔧 DEBUG: Connection test successful, result: (1,)
2025-09-30 22:05:21 - app - INFO - Request started
22:05:21 | [32mINFO[0m | app | Request started
22:05:21 | [32mINFO[0m | app | Request started
2025-09-30 22:05:21 - app - INFO - Request started
22:05:21 | [32mINFO[0m | app | Request started
2025-09-30 22:05:21 - app.utils.database - INFO - ✅ Database connection successful
22:05:21 | [32mINFO[0m | app.utils.database | ✅ Database connection successful
2025-09-30 22:05:21 - app - INFO - Request started
22:05:21 | [32mINFO[0m | app | Request started
2025-09-30 22:05:21 - app.utils.database - INFO - ✅ Database connection successful
22:05:21 | [32mINFO[0m | app.utils.database | ✅ Database connection successful
2025-09-30 22:05:21 - app.utils.database - INFO - 🔧 DEBUG: Database URL resolved: sqlite:////Users/benedictleong/Library/Mobile Docu...
22:05:21 | [32mINFO[0m | app.utils.database | 🔧 DEBUG: Database URL resolved: sqlite:////Users/benedictleong/Library/Mobile Docu...
2025-09-30 22:05:21 - app.utils.database - INFO - 🔧 DEBUG: Database URL resolved: sqlite:////Users/benedictleong/Library/Mobile Docu...
22:05:21 | [32mINFO[0m | app.utils.database | 🔧 DEBUG: Database URL resolved: sqlite:////Users/benedictleong/Library/Mobile Docu...
2025-09-30 22:05:21 - app.utils.database - INFO - 🔧 DEBUG: Database URL resolved: sqlite:////Users/benedictleong/Library/Mobile Docu...
22:05:21 | [32mINFO[0m | app.utils.database | 🔧 DEBUG: Database URL resolved: sqlite:////Users/benedictleong/Library/Mobile Docu...
2025-09-30 22:05:21 - app.utils.database - INFO - 🔧 DEBUG: Creating/verifying database tables...
22:05:21 | [32mINFO[0m | app.utils.database | 🔧 DEBUG: Creating/verifying database tables...
2025-09-30 22:05:21 - app.utils.database - INFO - 🔧 DEBUG: Database URL resolved: sqlite:////Users/benedictleong/Library/Mobile Docu...
22:05:21 | [32mINFO[0m | app.utils.database | 🔧 DEBUG: Database URL resolved: sqlite:////Users/benedictleong/Library/Mobile Docu...
2025-09-30 22:05:21 - app.utils.database - INFO - 🔧 DEBUG: Creating/verifying database tables...
22:05:21 | [32mINFO[0m | app.utils.database | 🔧 DEBUG: Creating/verifying database tables...
2025-09-30 22:05:21 - app.utils.database - INFO - 🔧 DEBUG: Getting database session...
22:05:21 | [32mINFO[0m | app.utils.database | 🔧 DEBUG: Getting database session...
2025-09-30 22:05:21 - app.utils.database - INFO - 🔧 DEBUG: Getting database session...
22:05:21 | [32mINFO[0m | app.utils.database | 🔧 DEBUG: Getting database session...
2025-09-30 22:05:21 - app.utils.database - INFO - 🔧 DEBUG: Getting database session...
22:05:21 | [32mINFO[0m | app.utils.database | 🔧 DEBUG: Getting database session...
2025-09-30 22:05:21 - app.utils.database - INFO - 🔧 DEBUG: Getting database session...
22:05:21 | [32mINFO[0m | app.utils.database | 🔧 DEBUG: Getting database session...
2025-09-30 22:05:21 - app.utils.database - INFO - 🔧 DEBUG: Creating database engine...
22:05:21 | [32mINFO[0m | app.utils.database | 🔧 DEBUG: Creating database engine...
2025-09-30 22:05:21 - app.utils.database - INFO - 🔧 DEBUG: Creating database engine...
22:05:21 | [32mINFO[0m | app.utils.database | 🔧 DEBUG: Creating database engine...
2025-09-30 22:05:21 - app.utils.database - INFO - 🔧 DEBUG: Creating database engine...
22:05:21 | [32mINFO[0m | app.utils.database | 🔧 DEBUG: Creating database engine...
2025-09-30 22:05:21 - app.utils.database - INFO - 🔧 DEBUG: Creating database engine...
22:05:21 | [32mINFO[0m | app.utils.database | 🔧 DEBUG: Creating database engine...
2025-09-30 22:05:21 - app.utils.database - INFO - 🔧 DEBUG: Original URL: sqlite:////Users/benedictleong/Library/Mobile Documents/com~apple~CloudDocs/2. Archive/2. Pet Projects /Spiderman-v3-main/kith-platform/local_kith_platform.db
22:05:21 | [32mINFO[0m | app.utils.database | 🔧 DEBUG: Original URL: sqlite:////Users/benedictleong/Library/Mobile Documents/com~apple~CloudDocs/2. Archive/2. Pet Projects /Spiderman-v3-main/kith-platform/local_kith_platform.db
2025-09-30 22:05:21 - app.utils.database - INFO - 🔧 DEBUG: Original URL: sqlite:////Users/benedictleong/Library/Mobile Documents/com~apple~CloudDocs/2. Archive/2. Pet Projects /Spiderman-v3-main/kith-platform/local_kith_platform.db
22:05:21 | [32mINFO[0m | app.utils.database | 🔧 DEBUG: Original URL: sqlite:////Users/benedictleong/Library/Mobile Documents/com~apple~CloudDocs/2. Archive/2. Pet Projects /Spiderman-v3-main/kith-platform/local_kith_platform.db
2025-09-30 22:05:21 - app.utils.database - INFO - 🔧 DEBUG: Original URL: sqlite:////Users/benedictleong/Library/Mobile Documents/com~apple~CloudDocs/2. Archive/2. Pet Projects /Spiderman-v3-main/kith-platform/local_kith_platform.db
22:05:21 | [32mINFO[0m | app.utils.database | 🔧 DEBUG: Original URL: sqlite:////Users/benedictleong/Library/Mobile Documents/com~apple~CloudDocs/2. Archive/2. Pet Projects /Spiderman-v3-main/kith-platform/local_kith_platform.db
2025-09-30 22:05:21 - app.utils.database - INFO - 🔧 DEBUG: Original URL: sqlite:////Users/benedictleong/Library/Mobile Documents/com~apple~CloudDocs/2. Archive/2. Pet Projects /Spiderman-v3-main/kith-platform/local_kith_platform.db
22:05:21 | [32mINFO[0m | app.utils.database | 🔧 DEBUG: Original URL: sqlite:////Users/benedictleong/Library/Mobile Documents/com~apple~CloudDocs/2. Archive/2. Pet Projects /Spiderman-v3-main/kith-platform/local_kith_platform.db
2025-09-30 22:05:21 - app.utils.database - INFO - 🔧 DEBUG: Creating engine with URL: sqlite:////Users/benedictleong/Library/Mobile Docu...
22:05:21 | [32mINFO[0m | app.utils.database | 🔧 DEBUG: Creating engine with URL: sqlite:////Users/benedictleong/Library/Mobile Docu...
2025-09-30 22:05:21 - app.utils.database - INFO - 🔧 DEBUG: Creating engine with URL: sqlite:////Users/benedictleong/Library/Mobile Docu...
22:05:21 | [32mINFO[0m | app.utils.database | 🔧 DEBUG: Creating engine with URL: sqlite:////Users/benedictleong/Library/Mobile Docu...
2025-09-30 22:05:21 - app.utils.database - INFO - 🔧 DEBUG: Creating engine with URL: sqlite:////Users/benedictleong/Library/Mobile Docu...
22:05:21 | [32mINFO[0m | app.utils.database | 🔧 DEBUG: Creating engine with URL: sqlite:////Users/benedictleong/Library/Mobile Docu...
2025-09-30 22:05:21 - app.utils.database - INFO - 🔧 DEBUG: Creating engine with URL: sqlite:////Users/benedictleong/Library/Mobile Docu...
22:05:21 | [32mINFO[0m | app.utils.database | 🔧 DEBUG: Creating engine with URL: sqlite:////Users/benedictleong/Library/Mobile Docu...
2025-09-30 22:05:21 - app.utils.database - INFO - 🔧 DEBUG: Testing database connection...
22:05:21 | [32mINFO[0m | app.utils.database | 🔧 DEBUG: Testing database connection...
2025-09-30 22:05:21 - app.utils.database - INFO - 🔧 DEBUG: Testing database connection...
22:05:21 | [32mINFO[0m | app.utils.database | 🔧 DEBUG: Testing database connection...
2025-09-30 22:05:21 - app.utils.database - INFO - 🔧 DEBUG: Testing database connection...
22:05:21 | [32mINFO[0m | app.utils.database | 🔧 DEBUG: Testing database connection...
2025-09-30 22:05:21 - app.utils.database - INFO - 🔧 DEBUG: Testing database connection...
22:05:21 | [32mINFO[0m | app.utils.database | 🔧 DEBUG: Testing database connection...
2025-09-30 22:05:21 - app.utils.database - INFO - 🔧 DEBUG: Connection test successful, result: (1,)
22:05:21 | [32mINFO[0m | app.utils.database | 🔧 DEBUG: Connection test successful, result: (1,)
2025-09-30 22:05:21 - app.utils.database - INFO - ✅ Database connection successful
22:05:21 | [32mINFO[0m | app.utils.database | ✅ Database connection successful
2025-09-30 22:05:21 - app.utils.database - INFO - 🔧 DEBUG: Creating/verifying database tables...
22:05:21 | [32mINFO[0m | app.utils.database | 🔧 DEBUG: Creating/verifying database tables...
2025-09-30 22:05:21 - app.utils.database - INFO - 🔧 DEBUG: Connection test successful, result: (1,)
22:05:21 | [32mINFO[0m | app.utils.database | 🔧 DEBUG: Connection test successful, result: (1,)
2025-09-30 22:05:21 - app.utils.database - INFO - 🔧 DEBUG: Connection test successful, result: (1,)
22:05:21 | [32mINFO[0m | app.utils.database | 🔧 DEBUG: Connection test successful, result: (1,)
2025-09-30 22:05:21 - app.utils.database - INFO - 🔧 DEBUG: Connection test successful, result: (1,)
22:05:21 | [32mINFO[0m | app.utils.database | 🔧 DEBUG: Connection test successful, result: (1,)
2025-09-30 22:05:21 - app.utils.database - INFO - ✅ Database tables created/verified
22:05:21 | [32mINFO[0m | app.utils.database | ✅ Database tables created/verified
2025-09-30 22:05:21 - app.utils.database - INFO - ✅ Database connection successful
22:05:21 | [32mINFO[0m | app.utils.database | ✅ Database connection successful
2025-09-30 22:05:21 - app.utils.database - INFO - ✅ Database connection successful
22:05:21 | [32mINFO[0m | app.utils.database | ✅ Database connection successful
2025-09-30 22:05:21 - app.utils.database - INFO - ✅ Database connection successful
22:05:21 | [32mINFO[0m | app.utils.database | ✅ Database connection successful
2025-09-30 22:05:21 - app.utils.database - INFO - 🔧 DEBUG: Session created: 4627842864
22:05:21 | [32mINFO[0m | app.utils.database | 🔧 DEBUG: Session created: 4627842864
2025-09-30 22:05:21 - app.utils.database - INFO - 🔧 DEBUG: Creating/verifying database tables...
22:05:21 | [32mINFO[0m | app.utils.database | 🔧 DEBUG: Creating/verifying database tables...
2025-09-30 22:05:21 - app.utils.database - INFO - 🔧 DEBUG: Creating/verifying database tables...
22:05:21 | [32mINFO[0m | app.utils.database | 🔧 DEBUG: Creating/verifying database tables...
2025-09-30 22:05:21 - app.utils.database - INFO - ✅ Database tables created/verified
22:05:21 | [32mINFO[0m | app.utils.database | ✅ Database tables created/verified
2025-09-30 22:05:21 - app.utils.database - INFO - 🔧 DEBUG: Creating/verifying database tables...
22:05:21 | [32mINFO[0m | app.utils.database | 🔧 DEBUG: Creating/verifying database tables...
2025-09-30 22:05:21 - app.utils.database - INFO - 🔧 DEBUG: Session created: 4641878992
22:05:21 | [32mINFO[0m | app.utils.database | 🔧 DEBUG: Session created: 4641878992
2025-09-30 22:05:21 - app.utils.database - INFO - 🔧 DEBUG: Committing session...
22:05:21 | [32mINFO[0m | app.utils.database | 🔧 DEBUG: Committing session...
2025-09-30 22:05:21 - app.utils.database - INFO - ✅ Session committed successfully
22:05:21 | [32mINFO[0m | app.utils.database | ✅ Session committed successfully
2025-09-30 22:05:21 - app.utils.database - INFO - 🔧 DEBUG: Closing session...
22:05:21 | [32mINFO[0m | app.utils.database | 🔧 DEBUG: Closing session...
2025-09-30 22:05:21 - app.utils.database - INFO - ✅ Session closed
22:05:21 | [32mINFO[0m | app.utils.database | ✅ Session closed
2025-09-30 22:05:21 - app.utils.database - INFO - 🔧 DEBUG: Getting database session...
22:05:21 | [32mINFO[0m | app.utils.database | 🔧 DEBUG: Getting database session...
2025-09-30 22:05:21 - app.utils.database - INFO - 🔧 DEBUG: Engine already exists, skipping creation
22:05:21 | [32mINFO[0m | app.utils.database | 🔧 DEBUG: Engine already exists, skipping creation
2025-09-30 22:05:21 - app.utils.database - INFO - 🔧 DEBUG: Session created: 4641753456
22:05:21 | [32mINFO[0m | app.utils.database | 🔧 DEBUG: Session created: 4641753456
2025-09-30 22:05:21 - app.utils.database - INFO - 🔧 DEBUG: Committing session...
22:05:21 | [32mINFO[0m | app.utils.database | 🔧 DEBUG: Committing session...
2025-09-30 22:05:21 - app.services.contact_service - INFO - Retrieved 1 contacts for user 1
22:05:21 | [32mINFO[0m | app.services.contact_service | Retrieved 1 contacts for user 1
2025-09-30 22:05:21 - app.utils.database - INFO - ✅ Session committed successfully
22:05:21 | [32mINFO[0m | app.utils.database | ✅ Session committed successfully
2025-09-30 22:05:21 - app.utils.database - INFO - 🔧 DEBUG: Committing session...
22:05:21 | [32mINFO[0m | app.utils.database | 🔧 DEBUG: Committing session...
2025-09-30 22:05:21 - app.utils.database - INFO - 🔧 DEBUG: Closing session...
22:05:21 | [32mINFO[0m | app.utils.database | 🔧 DEBUG: Closing session...
2025-09-30 22:05:21 - app.utils.database - INFO - ✅ Session committed successfully
22:05:21 | [32mINFO[0m | app.utils.database | ✅ Session committed successfully
2025-09-30 22:05:21 - app.utils.database - INFO - ✅ Session closed
22:05:21 | [32mINFO[0m | app.utils.database | ✅ Session closed
2025-09-30 22:05:21 - app.utils.database - INFO - 🔧 DEBUG: Closing session...
22:05:21 | [32mINFO[0m | app.utils.database | 🔧 DEBUG: Closing session...
2025-09-30 22:05:21 - app.utils.database - INFO - 🔧 DEBUG: Getting database session...
22:05:21 | [32mINFO[0m | app.utils.database | 🔧 DEBUG: Getting database session...
2025-09-30 22:05:21 - app.utils.database - INFO - ✅ Session closed
22:05:21 | [32mINFO[0m | app.utils.database | ✅ Session closed
2025-09-30 22:05:21 - app.utils.database - INFO - 🔧 DEBUG: Engine already exists, skipping creation
22:05:21 | [32mINFO[0m | app.utils.database | 🔧 DEBUG: Engine already exists, skipping creation
2025-09-30 22:05:21 - app - INFO - Request completed
22:05:21 | [32mINFO[0m | app | Request completed
2025-09-30 22:05:21 - app.utils.database - INFO - 🔧 DEBUG: Session created: 4628069536
22:05:21 | [32mINFO[0m | app.utils.database | 🔧 DEBUG: Session created: 4628069536
22:05:21 | [32mINFO[0m | middleware | Response sent
22:05:21 | [32mINFO[0m | werkzeug | 127.0.0.1 - - [30/Sep/2025 22:05:21] "GET /api/contacts/?tier=1&_=1759241121763 HTTP/1.1" 200 -
2025-09-30 22:05:21 - app.utils.database - INFO - ✅ Database tables created/verified
22:05:21 | [32mINFO[0m | app.utils.database | ✅ Database tables created/verified
2025-09-30 22:05:21 - app.services.contact_service - INFO - Retrieved 1 contacts for user 1
22:05:21 | [32mINFO[0m | app.services.contact_service | Retrieved 1 contacts for user 1
2025-09-30 22:05:21 - app.utils.database - INFO - 🔧 DEBUG: Session created: 4640515792
22:05:21 | [32mINFO[0m | app.utils.database | 🔧 DEBUG: Session created: 4640515792
2025-09-30 22:05:21 - app.utils.database - INFO - 🔧 DEBUG: Committing session...
22:05:21 | [32mINFO[0m | app.utils.database | 🔧 DEBUG: Committing session...
2025-09-30 22:05:21 - app.utils.database - INFO - ✅ Database tables created/verified
22:05:21 | [32mINFO[0m | app.utils.database | ✅ Database tables created/verified
22:05:21 | [32mINFO[0m | middleware | Request received
2025-09-30 22:05:21 - app.utils.database - INFO - ✅ Session committed successfully
22:05:21 | [32mINFO[0m | app.utils.database | ✅ Session committed successfully
2025-09-30 22:05:21 - app.utils.database - INFO - 🔧 DEBUG: Session created: 4629628432
22:05:21 | [32mINFO[0m | app.utils.database | 🔧 DEBUG: Session created: 4629628432
2025-09-30 22:05:21 - app.utils.database - INFO - 🔧 DEBUG: Committing session...
22:05:21 | [32mINFO[0m | app.utils.database | 🔧 DEBUG: Committing session...
2025-09-30 22:05:21 - app.utils.database - INFO - 🔧 DEBUG: Closing session...
22:05:21 | [32mINFO[0m | app.utils.database | 🔧 DEBUG: Closing session...
2025-09-30 22:05:21 - app - INFO - Request started
22:05:21 | [32mINFO[0m | app | Request started
2025-09-30 22:05:21 - app.utils.database - INFO - ✅ Session committed successfully
22:05:21 | [32mINFO[0m | app.utils.database | ✅ Session committed successfully
2025-09-30 22:05:21 - app.utils.database - INFO - ✅ Session closed
22:05:21 | [32mINFO[0m | app.utils.database | ✅ Session closed
2025-09-30 22:05:21 - app.utils.database - INFO - ✅ Database tables created/verified
22:05:21 | [32mINFO[0m | app.utils.database | ✅ Database tables created/verified
2025-09-30 22:05:21 - app.utils.database - INFO - 🔧 DEBUG: Database URL resolved: sqlite:////Users/benedictleong/Library/Mobile Docu...
22:05:21 | [32mINFO[0m | app.utils.database | 🔧 DEBUG: Database URL resolved: sqlite:////Users/benedictleong/Library/Mobile Docu...
2025-09-30 22:05:21 - app.utils.database - INFO - 🔧 DEBUG: Closing session...
22:05:21 | [32mINFO[0m | app.utils.database | 🔧 DEBUG: Closing session...
2025-09-30 22:05:21 - app.utils.database - INFO - ✅ Database tables created/verified
22:05:21 | [32mINFO[0m | app.utils.database | ✅ Database tables created/verified
2025-09-30 22:05:21 - app - INFO - Request completed
22:05:21 | [32mINFO[0m | app | Request completed
2025-09-30 22:05:21 - app.utils.database - INFO - 🔧 DEBUG: Session created: 4642302608
22:05:21 | [32mINFO[0m | app.utils.database | 🔧 DEBUG: Session created: 4642302608
2025-09-30 22:05:21 - app.utils.database - INFO - 🔧 DEBUG: Getting database session...
22:05:21 | [32mINFO[0m | app.utils.database | 🔧 DEBUG: Getting database session...
2025-09-30 22:05:21 - app.utils.database - INFO - ✅ Session closed
22:05:21 | [32mINFO[0m | app.utils.database | ✅ Session closed
2025-09-30 22:05:21 - app.utils.database - INFO - 🔧 DEBUG: Session created: 4642302896
22:05:21 | [32mINFO[0m | app.utils.database | 🔧 DEBUG: Session created: 4642302896
22:05:21 | [32mINFO[0m | middleware | Response sent
2025-09-30 22:05:21 - app.utils.database - INFO - 🔧 DEBUG: Creating database engine...
22:05:21 | [32mINFO[0m | app.utils.database | 🔧 DEBUG: Creating database engine...
2025-09-30 22:05:21 - app.utils.database - INFO - 🔧 DEBUG: Getting database session...
22:05:21 | [32mINFO[0m | app.utils.database | 🔧 DEBUG: Getting database session...
22:05:21 | [32mINFO[0m | werkzeug | 127.0.0.1 - - [30/Sep/2025 22:05:21] "GET /api/contacts/?tier=2&_=1759241121763 HTTP/1.1" 200 -
2025-09-30 22:05:21 - app.utils.database - INFO - 🔧 DEBUG: Committing session...
22:05:21 | [32mINFO[0m | app.utils.database | 🔧 DEBUG: Committing session...
2025-09-30 22:05:21 - app.utils.database - INFO - 🔧 DEBUG: Original URL: sqlite:////Users/benedictleong/Library/Mobile Documents/com~apple~CloudDocs/2. Archive/2. Pet Projects /Spiderman-v3-main/kith-platform/local_kith_platform.db
22:05:21 | [32mINFO[0m | app.utils.database | 🔧 DEBUG: Original URL: sqlite:////Users/benedictleong/Library/Mobile Documents/com~apple~CloudDocs/2. Archive/2. Pet Projects /Spiderman-v3-main/kith-platform/local_kith_platform.db
2025-09-30 22:05:21 - app.utils.database - INFO - 🔧 DEBUG: Committing session...
22:05:21 | [32mINFO[0m | app.utils.database | 🔧 DEBUG: Committing session...
2025-09-30 22:05:21 - app.utils.database - INFO - 🔧 DEBUG: Engine already exists, skipping creation
22:05:21 | [32mINFO[0m | app.utils.database | 🔧 DEBUG: Engine already exists, skipping creation
2025-09-30 22:05:21 - app.utils.database - INFO - ✅ Session committed successfully
22:05:21 | [32mINFO[0m | app.utils.database | ✅ Session committed successfully
2025-09-30 22:05:21 - app.utils.database - INFO - 🔧 DEBUG: Creating engine with URL: sqlite:////Users/benedictleong/Library/Mobile Docu...
22:05:21 | [32mINFO[0m | app.utils.database | 🔧 DEBUG: Creating engine with URL: sqlite:////Users/benedictleong/Library/Mobile Docu...
2025-09-30 22:05:21 - app.utils.database - INFO - ✅ Session committed successfully
22:05:21 | [32mINFO[0m | app.utils.database | ✅ Session committed successfully
2025-09-30 22:05:21 - app.utils.database - INFO - 🔧 DEBUG: Session created: 4642301408
22:05:21 | [32mINFO[0m | app.utils.database | 🔧 DEBUG: Session created: 4642301408
2025-09-30 22:05:21 - app.utils.database - INFO - 🔧 DEBUG: Closing session...
22:05:21 | [32mINFO[0m | app.utils.database | 🔧 DEBUG: Closing session...
2025-09-30 22:05:21 - app.utils.database - INFO - 🔧 DEBUG: Testing database connection...
22:05:21 | [32mINFO[0m | app.utils.database | 🔧 DEBUG: Testing database connection...
22:05:21 | [32mINFO[0m | middleware | Request received
2025-09-30 22:05:21 - app.utils.database - INFO - 🔧 DEBUG: Closing session...
22:05:21 | [32mINFO[0m | app.utils.database | 🔧 DEBUG: Closing session...
2025-09-30 22:05:21 - app.services.contact_service - INFO - Retrieved 1 contacts for user 1
22:05:21 | [32mINFO[0m | app.services.contact_service | Retrieved 1 contacts for user 1
2025-09-30 22:05:21 - app.utils.database - INFO - ✅ Session closed
22:05:21 | [32mINFO[0m | app.utils.database | ✅ Session closed
2025-09-30 22:05:21 - app.utils.database - INFO - 🔧 DEBUG: Committing session...
22:05:21 | [32mINFO[0m | app.utils.database | 🔧 DEBUG: Committing session...
2025-09-30 22:05:21 - app.utils.database - INFO - 🔧 DEBUG: Connection test successful, result: (1,)
22:05:21 | [32mINFO[0m | app.utils.database | 🔧 DEBUG: Connection test successful, result: (1,)
2025-09-30 22:05:21 - app.utils.database - INFO - ✅ Session closed
22:05:21 | [32mINFO[0m | app.utils.database | ✅ Session closed
2025-09-30 22:05:21 - app - INFO - Request started
22:05:21 | [32mINFO[0m | app | Request started
2025-09-30 22:05:21 - app.utils.database - INFO - 🔧 DEBUG: Committing session...
22:05:21 | [32mINFO[0m | app.utils.database | 🔧 DEBUG: Committing session...
2025-09-30 22:05:21 - app.utils.database - INFO - 🔧 DEBUG: Getting database session...
22:05:21 | [32mINFO[0m | app.utils.database | 🔧 DEBUG: Getting database session...
2025-09-30 22:05:21 - app.utils.database - INFO - ✅ Session committed successfully
22:05:21 | [32mINFO[0m | app.utils.database | ✅ Session committed successfully
2025-09-30 22:05:21 - app.utils.database - INFO - ✅ Database connection successful
22:05:21 | [32mINFO[0m | app.utils.database | ✅ Database connection successful
2025-09-30 22:05:21 - app.utils.database - INFO - 🔧 DEBUG: Getting database session...
22:05:21 | [32mINFO[0m | app.utils.database | 🔧 DEBUG: Getting database session...
2025-09-30 22:05:21 - app.utils.database - INFO - ✅ Session committed successfully
22:05:21 | [32mINFO[0m | app.utils.database | ✅ Session committed successfully
2025-09-30 22:05:21 - app.utils.database - INFO - 🔧 DEBUG: Engine already exists, skipping creation
22:05:21 | [32mINFO[0m | app.utils.database | 🔧 DEBUG: Engine already exists, skipping creation
2025-09-30 22:05:21 - app.utils.database - INFO - 🔧 DEBUG: Closing session...
22:05:21 | [32mINFO[0m | app.utils.database | 🔧 DEBUG: Closing session...
2025-09-30 22:05:21 - app.utils.database - INFO - 🔧 DEBUG: Creating/verifying database tables...
22:05:21 | [32mINFO[0m | app.utils.database | 🔧 DEBUG: Creating/verifying database tables...
2025-09-30 22:05:21 - app.utils.database - INFO - 🔧 DEBUG: Engine already exists, skipping creation
22:05:21 | [32mINFO[0m | app.utils.database | 🔧 DEBUG: Engine already exists, skipping creation
2025-09-30 22:05:21 - app - ERROR - Unhandled exception
22:05:21 | [31mERROR[0m | app | Unhandled exception
2025-09-30 22:05:21 - app.utils.database - INFO - 🔧 DEBUG: Closing session...
22:05:21 | [32mINFO[0m | app.utils.database | 🔧 DEBUG: Closing session...
2025-09-30 22:05:21 - app.utils.database - INFO - 🔧 DEBUG: Session created: 4642302176
22:05:21 | [32mINFO[0m | app.utils.database | 🔧 DEBUG: Session created: 4642302176
2025-09-30 22:05:21 - app.utils.database - INFO - ✅ Session closed
22:05:21 | [32mINFO[0m | app.utils.database | ✅ Session closed
2025-09-30 22:05:21 - app.utils.database - INFO - 🔧 DEBUG: Session created: 4642302032
22:05:21 | [32mINFO[0m | app.utils.database | 🔧 DEBUG: Session created: 4642302032
2025-09-30 22:05:21 - app.utils.database - INFO - ✅ Session closed
22:05:21 | [32mINFO[0m | app.utils.database | ✅ Session closed
2025-09-30 22:05:21 - app - INFO - Request completed
22:05:21 | [32mINFO[0m | app | Request completed
2025-09-30 22:05:21 - app.services.contact_service - INFO - Retrieved 1 contacts for user 1
22:05:21 | [32mINFO[0m | app.services.contact_service | Retrieved 1 contacts for user 1
2025-09-30 22:05:21 - app.utils.database - INFO - 🔧 DEBUG: Getting database session...
22:05:21 | [32mINFO[0m | app.utils.database | 🔧 DEBUG: Getting database session...
2025-09-30 22:05:21 - app - INFO - Request completed
22:05:21 | [32mINFO[0m | app | Request completed
2025-09-30 22:05:21 - app.services.contact_service - INFO - Retrieved 1 contacts for user 1
22:05:21 | [32mINFO[0m | app.services.contact_service | Retrieved 1 contacts for user 1
22:05:21 | [32mINFO[0m | middleware | Response sent
2025-09-30 22:05:21 - app.utils.database - INFO - 🔧 DEBUG: Committing session...
22:05:21 | [32mINFO[0m | app.utils.database | 🔧 DEBUG: Committing session...
2025-09-30 22:05:21 - app.utils.database - INFO - 🔧 DEBUG: Engine already exists, skipping creation
22:05:21 | [32mINFO[0m | app.utils.database | 🔧 DEBUG: Engine already exists, skipping creation
22:05:21 | [32mINFO[0m | middleware | Response sent
2025-09-30 22:05:21 - app.utils.database - INFO - 🔧 DEBUG: Committing session...
22:05:21 | [32mINFO[0m | app.utils.database | 🔧 DEBUG: Committing session...
22:05:21 | [32mINFO[0m | werkzeug | 127.0.0.1 - - [30/Sep/2025 22:05:21] "[35m[1mGET /api/telegram/status HTTP/1.1[0m" 500 -
2025-09-30 22:05:21 - app.utils.database - INFO - ✅ Session committed successfully
22:05:21 | [32mINFO[0m | app.utils.database | ✅ Session committed successfully
2025-09-30 22:05:21 - app.utils.database - INFO - 🔧 DEBUG: Session created: 4627509696
22:05:21 | [32mINFO[0m | app.utils.database | 🔧 DEBUG: Session created: 4627509696
22:05:21 | [32mINFO[0m | werkzeug | 127.0.0.1 - - [30/Sep/2025 22:05:21] "GET /api/contacts/ HTTP/1.1" 200 -
2025-09-30 22:05:21 - app.utils.database - INFO - ✅ Session committed successfully
22:05:21 | [32mINFO[0m | app.utils.database | ✅ Session committed successfully
2025-09-30 22:05:21 - app.utils.database - INFO - 🔧 DEBUG: Closing session...
22:05:21 | [32mINFO[0m | app.utils.database | 🔧 DEBUG: Closing session...
2025-09-30 22:05:21 - app.services.contact_service - INFO - Retrieved 1 contacts for user 1
22:05:21 | [32mINFO[0m | app.services.contact_service | Retrieved 1 contacts for user 1
2025-09-30 22:05:21 - app.utils.database - INFO - 🔧 DEBUG: Closing session...
22:05:21 | [32mINFO[0m | app.utils.database | 🔧 DEBUG: Closing session...
2025-09-30 22:05:21 - app.utils.database - INFO - ✅ Session closed
22:05:21 | [32mINFO[0m | app.utils.database | ✅ Session closed
2025-09-30 22:05:21 - app.utils.database - INFO - 🔧 DEBUG: Committing session...
22:05:21 | [32mINFO[0m | app.utils.database | 🔧 DEBUG: Committing session...
2025-09-30 22:05:21 - app.utils.database - INFO - ✅ Session closed
22:05:21 | [32mINFO[0m | app.utils.database | ✅ Session closed
2025-09-30 22:05:21 - app - INFO - Request completed
22:05:21 | [32mINFO[0m | app | Request completed
2025-09-30 22:05:21 - app.utils.database - INFO - ✅ Session committed successfully
22:05:21 | [32mINFO[0m | app.utils.database | ✅ Session committed successfully
2025-09-30 22:05:21 - app - INFO - Request completed
22:05:21 | [32mINFO[0m | app | Request completed
22:05:21 | [32mINFO[0m | middleware | Response sent
2025-09-30 22:05:21 - app.utils.database - INFO - 🔧 DEBUG: Closing session...
22:05:21 | [32mINFO[0m | app.utils.database | 🔧 DEBUG: Closing session...
2025-09-30 22:05:21 - app.utils.database - INFO - ✅ Database tables created/verified
22:05:21 | [32mINFO[0m | app.utils.database | ✅ Database tables created/verified
22:05:21 | [32mINFO[0m | middleware | Response sent
22:05:21 | [32mINFO[0m | werkzeug | 127.0.0.1 - - [30/Sep/2025 22:05:21] "GET /api/contacts/?tier=1&_=1759241121764 HTTP/1.1" 200 -
2025-09-30 22:05:21 - app.utils.database - INFO - ✅ Session closed
22:05:21 | [32mINFO[0m | app.utils.database | ✅ Session closed
2025-09-30 22:05:21 - app.utils.database - INFO - 🔧 DEBUG: Session created: 4617014528
22:05:21 | [32mINFO[0m | app.utils.database | 🔧 DEBUG: Session created: 4617014528
22:05:21 | [32mINFO[0m | werkzeug | 127.0.0.1 - - [30/Sep/2025 22:05:21] "GET /api/contacts/ HTTP/1.1" 200 -
2025-09-30 22:05:21 - app - INFO - Request completed
22:05:21 | [32mINFO[0m | app | Request completed
22:05:21 | [32mINFO[0m | middleware | Response sent
22:05:21 | [32mINFO[0m | werkzeug | 127.0.0.1 - - [30/Sep/2025 22:05:21] "GET /api/contacts/ HTTP/1.1" 200 -
2025-09-30 22:05:21 - app.utils.database - INFO - 🔧 DEBUG: Committing session...
22:05:21 | [32mINFO[0m | app.utils.database | 🔧 DEBUG: Committing session...
2025-09-30 22:05:21 - app.utils.database - INFO - ✅ Session committed successfully
22:05:21 | [32mINFO[0m | app.utils.database | ✅ Session committed successfully
2025-09-30 22:05:21 - app.utils.database - INFO - 🔧 DEBUG: Closing session...
22:05:21 | [32mINFO[0m | app.utils.database | 🔧 DEBUG: Closing session...
2025-09-30 22:05:21 - app.utils.database - INFO - ✅ Session closed
22:05:21 | [32mINFO[0m | app.utils.database | ✅ Session closed
2025-09-30 22:05:21 - app.utils.database - INFO - 🔧 DEBUG: Getting database session...
22:05:21 | [32mINFO[0m | app.utils.database | 🔧 DEBUG: Getting database session...
2025-09-30 22:05:21 - app.utils.database - INFO - 🔧 DEBUG: Engine already exists, skipping creation
22:05:21 | [32mINFO[0m | app.utils.database | 🔧 DEBUG: Engine already exists, skipping creation
2025-09-30 22:05:21 - app.utils.database - INFO - 🔧 DEBUG: Session created: 4641792208
22:05:21 | [32mINFO[0m | app.utils.database | 🔧 DEBUG: Session created: 4641792208
2025-09-30 22:05:21 - app.services.contact_service - INFO - Retrieved 1 contacts for user 1
22:05:21 | [32mINFO[0m | app.services.contact_service | Retrieved 1 contacts for user 1
2025-09-30 22:05:21 - app.utils.database - INFO - 🔧 DEBUG: Committing session...
22:05:21 | [32mINFO[0m | app.utils.database | 🔧 DEBUG: Committing session...
2025-09-30 22:05:21 - app.utils.database - INFO - ✅ Session committed successfully
22:05:21 | [32mINFO[0m | app.utils.database | ✅ Session committed successfully
2025-09-30 22:05:21 - app.utils.database - INFO - 🔧 DEBUG: Closing session...
22:05:21 | [32mINFO[0m | app.utils.database | 🔧 DEBUG: Closing session...
2025-09-30 22:05:21 - app.utils.database - INFO - ✅ Session closed
22:05:21 | [32mINFO[0m | app.utils.database | ✅ Session closed
2025-09-30 22:05:21 - app - INFO - Request completed
22:05:21 | [32mINFO[0m | app | Request completed
22:05:21 | [32mINFO[0m | middleware | Response sent
22:05:21 | [32mINFO[0m | werkzeug | 127.0.0.1 - - [30/Sep/2025 22:05:21] "GET /api/contacts/?tier=2&_=1759241121764 HTTP/1.1" 200 -
22:05:23 | [32mINFO[0m | middleware | Request received
2025-09-30 22:05:23 - app - INFO - Request started
22:05:23 | [32mINFO[0m | app | Request started
2025-09-30 22:05:23 - app.utils.database - INFO - 🔧 DEBUG: Database URL resolved: sqlite:////Users/benedictleong/Library/Mobile Docu...
22:05:23 | [32mINFO[0m | app.utils.database | 🔧 DEBUG: Database URL resolved: sqlite:////Users/benedictleong/Library/Mobile Docu...
2025-09-30 22:05:23 - app.utils.database - INFO - 🔧 DEBUG: Getting database session...
22:05:23 | [32mINFO[0m | app.utils.database | 🔧 DEBUG: Getting database session...
2025-09-30 22:05:23 - app.utils.database - INFO - 🔧 DEBUG: Creating database engine...
22:05:23 | [32mINFO[0m | app.utils.database | 🔧 DEBUG: Creating database engine...
2025-09-30 22:05:23 - app.utils.database - INFO - 🔧 DEBUG: Original URL: sqlite:////Users/benedictleong/Library/Mobile Documents/com~apple~CloudDocs/2. Archive/2. Pet Projects /Spiderman-v3-main/kith-platform/local_kith_platform.db
22:05:23 | [32mINFO[0m | app.utils.database | 🔧 DEBUG: Original URL: sqlite:////Users/benedictleong/Library/Mobile Documents/com~apple~CloudDocs/2. Archive/2. Pet Projects /Spiderman-v3-main/kith-platform/local_kith_platform.db
2025-09-30 22:05:23 - app.utils.database - INFO - 🔧 DEBUG: Creating engine with URL: sqlite:////Users/benedictleong/Library/Mobile Docu...
22:05:23 | [32mINFO[0m | app.utils.database | 🔧 DEBUG: Creating engine with URL: sqlite:////Users/benedictleong/Library/Mobile Docu...
2025-09-30 22:05:23 - app.utils.database - INFO - 🔧 DEBUG: Testing database connection...
22:05:23 | [32mINFO[0m | app.utils.database | 🔧 DEBUG: Testing database connection...
2025-09-30 22:05:23 - app.utils.database - INFO - 🔧 DEBUG: Connection test successful, result: (1,)
22:05:23 | [32mINFO[0m | app.utils.database | 🔧 DEBUG: Connection test successful, result: (1,)
2025-09-30 22:05:23 - app.utils.database - INFO - ✅ Database connection successful
22:05:23 | [32mINFO[0m | app.utils.database | ✅ Database connection successful
2025-09-30 22:05:23 - app.utils.database - INFO - 🔧 DEBUG: Creating/verifying database tables...
22:05:23 | [32mINFO[0m | app.utils.database | 🔧 DEBUG: Creating/verifying database tables...
2025-09-30 22:05:23 - app.utils.database - INFO - ✅ Database tables created/verified
22:05:23 | [32mINFO[0m | app.utils.database | ✅ Database tables created/verified
2025-09-30 22:05:23 - app.utils.database - INFO - 🔧 DEBUG: Session created: 4627843584
22:05:23 | [32mINFO[0m | app.utils.database | 🔧 DEBUG: Session created: 4627843584
2025-09-30 22:05:23 - app.utils.database - INFO - 🔧 DEBUG: Committing session...
22:05:23 | [32mINFO[0m | app.utils.database | 🔧 DEBUG: Committing session...
2025-09-30 22:05:23 - app.utils.database - INFO - ✅ Session committed successfully
22:05:23 | [32mINFO[0m | app.utils.database | ✅ Session committed successfully
2025-09-30 22:05:23 - app.utils.database - INFO - 🔧 DEBUG: Closing session...
22:05:23 | [32mINFO[0m | app.utils.database | 🔧 DEBUG: Closing session...
2025-09-30 22:05:23 - app.utils.database - INFO - ✅ Session closed
22:05:23 | [32mINFO[0m | app.utils.database | ✅ Session closed
2025-09-30 22:05:23 - app.utils.database - INFO - 🔧 DEBUG: Getting database session...
22:05:23 | [32mINFO[0m | app.utils.database | 🔧 DEBUG: Getting database session...
2025-09-30 22:05:23 - app.utils.database - INFO - 🔧 DEBUG: Engine already exists, skipping creation
22:05:23 | [32mINFO[0m | app.utils.database | 🔧 DEBUG: Engine already exists, skipping creation
2025-09-30 22:05:23 - app.utils.database - INFO - 🔧 DEBUG: Session created: 4641879616
22:05:23 | [32mINFO[0m | app.utils.database | 🔧 DEBUG: Session created: 4641879616
2025-09-30 22:05:23 - app.utils.database - INFO - 🔧 DEBUG: Committing session...
22:05:23 | [32mINFO[0m | app.utils.database | 🔧 DEBUG: Committing session...
2025-09-30 22:05:23 - app.utils.database - INFO - ✅ Session committed successfully
22:05:23 | [32mINFO[0m | app.utils.database | ✅ Session committed successfully
2025-09-30 22:05:23 - app.utils.database - INFO - 🔧 DEBUG: Closing session...
22:05:23 | [32mINFO[0m | app.utils.database | 🔧 DEBUG: Closing session...
2025-09-30 22:05:23 - app.utils.database - INFO - ✅ Session closed
22:05:23 | [32mINFO[0m | app.utils.database | ✅ Session closed
2025-09-30 22:05:23 - app - ERROR - Unhandled exception
22:05:23 | [31mERROR[0m | app | Unhandled exception
2025-09-30 22:05:23 - app - INFO - Request completed
22:05:23 | [32mINFO[0m | app | Request completed
22:05:23 | [32mINFO[0m | middleware | Response sent
22:05:23 | [32mINFO[0m | werkzeug | 127.0.0.1 - - [30/Sep/2025 22:05:23] "[35m[1mGET /api/contacts/1 HTTP/1.1[0m" 500 -
22:05:34 | [32mINFO[0m | middleware | Request received
2025-09-30 22:05:34 - app - INFO - Request started
22:05:34 | [32mINFO[0m | app | Request started
2025-09-30 22:05:34 - app - ERROR - Unhandled exception
22:05:34 | [31mERROR[0m | app | Unhandled exception
2025-09-30 22:05:34 - app - INFO - Request completed
22:05:34 | [32mINFO[0m | app | Request completed
22:05:34 | [32mINFO[0m | middleware | Response sent
22:05:34 | [32mINFO[0m | werkzeug | 127.0.0.1 - - [30/Sep/2025 22:05:34] "[35m[1mPUT /api/contact/1/categories HTTP/1.1[0m" 500 -
22:06:40 | [32mINFO[0m | middleware | Request received
2025-09-30 22:06:40 - app - INFO - Request started
22:06:40 | [32mINFO[0m | app | Request started
2025-09-30 22:06:40 - app - INFO - Request completed
22:06:40 | [32mINFO[0m | app | Request completed
22:06:40 | [32mINFO[0m | middleware | Response sent
22:06:40 | [32mINFO[0m | werkzeug | 127.0.0.1 - - [30/Sep/2025 22:06:40] "[32mGET /api/contacts HTTP/1.1[0m" 308 -
22:06:40 | [32mINFO[0m | middleware | Request received
2025-09-30 22:06:40 - app - INFO - Request started
22:06:40 | [32mINFO[0m | app | Request started
2025-09-30 22:06:40 - app.utils.database - INFO - 🔧 DEBUG: Database URL resolved: sqlite:////Users/benedictleong/Library/Mobile Docu...
22:06:40 | [32mINFO[0m | app.utils.database | 🔧 DEBUG: Database URL resolved: sqlite:////Users/benedictleong/Library/Mobile Docu...
2025-09-30 22:06:40 - app.utils.database - INFO - 🔧 DEBUG: Getting database session...
22:06:40 | [32mINFO[0m | app.utils.database | 🔧 DEBUG: Getting database session...
2025-09-30 22:06:40 - app.utils.database - INFO - 🔧 DEBUG: Creating database engine...
22:06:40 | [32mINFO[0m | app.utils.database | 🔧 DEBUG: Creating database engine...
2025-09-30 22:06:40 - app.utils.database - INFO - 🔧 DEBUG: Original URL: sqlite:////Users/benedictleong/Library/Mobile Documents/com~apple~CloudDocs/2. Archive/2. Pet Projects /Spiderman-v3-main/kith-platform/local_kith_platform.db
22:06:40 | [32mINFO[0m | app.utils.database | 🔧 DEBUG: Original URL: sqlite:////Users/benedictleong/Library/Mobile Documents/com~apple~CloudDocs/2. Archive/2. Pet Projects /Spiderman-v3-main/kith-platform/local_kith_platform.db
2025-09-30 22:06:40 - app.utils.database - INFO - 🔧 DEBUG: Creating engine with URL: sqlite:////Users/benedictleong/Library/Mobile Docu...
22:06:40 | [32mINFO[0m | app.utils.database | 🔧 DEBUG: Creating engine with URL: sqlite:////Users/benedictleong/Library/Mobile Docu...
2025-09-30 22:06:40 - app.utils.database - INFO - 🔧 DEBUG: Testing database connection...
22:06:40 | [32mINFO[0m | app.utils.database | 🔧 DEBUG: Testing database connection...
2025-09-30 22:06:40 - app.utils.database - INFO - 🔧 DEBUG: Connection test successful, result: (1,)
22:06:40 | [32mINFO[0m | app.utils.database | 🔧 DEBUG: Connection test successful, result: (1,)
2025-09-30 22:06:40 - app.utils.database - INFO - ✅ Database connection successful
22:06:40 | [32mINFO[0m | app.utils.database | ✅ Database connection successful
2025-09-30 22:06:40 - app.utils.database - INFO - 🔧 DEBUG: Creating/verifying database tables...
22:06:40 | [32mINFO[0m | app.utils.database | 🔧 DEBUG: Creating/verifying database tables...
2025-09-30 22:06:40 - app.utils.database - INFO - ✅ Database tables created/verified
22:06:40 | [32mINFO[0m | app.utils.database | ✅ Database tables created/verified
2025-09-30 22:06:40 - app.utils.database - INFO - 🔧 DEBUG: Session created: 4642329024
22:06:40 | [32mINFO[0m | app.utils.database | 🔧 DEBUG: Session created: 4642329024
2025-09-30 22:06:40 - app.utils.database - INFO - 🔧 DEBUG: Committing session...
22:06:40 | [32mINFO[0m | app.utils.database | 🔧 DEBUG: Committing session...
2025-09-30 22:06:40 - app.utils.database - INFO - ✅ Session committed successfully
22:06:40 | [32mINFO[0m | app.utils.database | ✅ Session committed successfully
2025-09-30 22:06:40 - app.utils.database - INFO - 🔧 DEBUG: Closing session...
22:06:40 | [32mINFO[0m | app.utils.database | 🔧 DEBUG: Closing session...
2025-09-30 22:06:40 - app.utils.database - INFO - ✅ Session closed
22:06:40 | [32mINFO[0m | app.utils.database | ✅ Session closed
2025-09-30 22:06:40 - app.utils.database - INFO - 🔧 DEBUG: Getting database session...
22:06:40 | [32mINFO[0m | app.utils.database | 🔧 DEBUG: Getting database session...
2025-09-30 22:06:40 - app.utils.database - INFO - 🔧 DEBUG: Engine already exists, skipping creation
22:06:40 | [32mINFO[0m | app.utils.database | 🔧 DEBUG: Engine already exists, skipping creation
2025-09-30 22:06:40 - app.utils.database - INFO - 🔧 DEBUG: Session created: 4640515792
22:06:40 | [32mINFO[0m | app.utils.database | 🔧 DEBUG: Session created: 4640515792
2025-09-30 22:06:40 - app.services.contact_service - INFO - Retrieved 1 contacts for user 1
22:06:40 | [32mINFO[0m | app.services.contact_service | Retrieved 1 contacts for user 1
2025-09-30 22:06:40 - app.utils.database - INFO - 🔧 DEBUG: Committing session...
22:06:40 | [32mINFO[0m | app.utils.database | 🔧 DEBUG: Committing session...
2025-09-30 22:06:40 - app.utils.database - INFO - ✅ Session committed successfully
22:06:40 | [32mINFO[0m | app.utils.database | ✅ Session committed successfully
2025-09-30 22:06:40 - app.utils.database - INFO - 🔧 DEBUG: Closing session...
22:06:40 | [32mINFO[0m | app.utils.database | 🔧 DEBUG: Closing session...
2025-09-30 22:06:40 - app.utils.database - INFO - ✅ Session closed
22:06:40 | [32mINFO[0m | app.utils.database | ✅ Session closed
2025-09-30 22:06:40 - app - INFO - Request completed
22:06:40 | [32mINFO[0m | app | Request completed
22:06:40 | [32mINFO[0m | middleware | Response sent
22:06:40 | [32mINFO[0m | werkzeug | 127.0.0.1 - - [30/Sep/2025 22:06:40] "GET /api/contacts/ HTTP/1.1" 200 -
22:06:44 | [32mINFO[0m | middleware | Request received
2025-09-30 22:06:44 - app - INFO - Request started
22:06:44 | [32mINFO[0m | app | Request started
2025-09-30 22:06:44 - app - ERROR - Unhandled exception
22:06:44 | [31mERROR[0m | app | Unhandled exception
2025-09-30 22:06:44 - app - INFO - Request completed
22:06:44 | [32mINFO[0m | app | Request completed
22:06:44 | [32mINFO[0m | middleware | Response sent
22:06:44 | [32mINFO[0m | werkzeug | 127.0.0.1 - - [30/Sep/2025 22:06:44] "[35m[1mGET /api/graph-data?t=1759241204737 HTTP/1.1[0m" 500 -
22:06:58 | [32mINFO[0m | middleware | Request received
22:06:58 | [32mINFO[0m | middleware | Request received
22:06:58 | [32mINFO[0m | middleware | Request received
22:06:58 | [32mINFO[0m | middleware | Request received
2025-09-30 22:06:58 - app - INFO - Request started
22:06:58 | [32mINFO[0m | middleware | Request received
2025-09-30 22:06:58 - app - INFO - Request started
22:06:58 | [32mINFO[0m | app | Request started
22:06:58 | [32mINFO[0m | app | Request started
2025-09-30 22:06:58 - app - INFO - Request started
22:06:58 | [32mINFO[0m | app | Request started
2025-09-30 22:06:58 - app - INFO - Request started
22:06:58 | [32mINFO[0m | app | Request started
2025-09-30 22:06:58 - app - INFO - Request started
22:06:58 | [32mINFO[0m | app | Request started
2025-09-30 22:06:58 - app.utils.database - INFO - 🔧 DEBUG: Database URL resolved: sqlite:////Users/benedictleong/Library/Mobile Docu...
22:06:58 | [32mINFO[0m | app.utils.database | 🔧 DEBUG: Database URL resolved: sqlite:////Users/benedictleong/Library/Mobile Docu...
2025-09-30 22:06:58 - app.utils.database - INFO - 🔧 DEBUG: Database URL resolved: sqlite:////Users/benedictleong/Library/Mobile Docu...
22:06:58 | [32mINFO[0m | app.utils.database | 🔧 DEBUG: Database URL resolved: sqlite:////Users/benedictleong/Library/Mobile Docu...
2025-09-30 22:06:58 - app.utils.database - INFO - 🔧 DEBUG: Database URL resolved: sqlite:////Users/benedictleong/Library/Mobile Docu...
22:06:58 | [32mINFO[0m | app.utils.database | 🔧 DEBUG: Database URL resolved: sqlite:////Users/benedictleong/Library/Mobile Docu...
2025-09-30 22:06:58 - app.utils.database - INFO - 🔧 DEBUG: Database URL resolved: sqlite:////Users/benedictleong/Library/Mobile Docu...
22:06:58 | [32mINFO[0m | app.utils.database | 🔧 DEBUG: Database URL resolved: sqlite:////Users/benedictleong/Library/Mobile Docu...
2025-09-30 22:06:58 - app.utils.database - INFO - 🔧 DEBUG: Getting database session...
22:06:58 | [32mINFO[0m | app.utils.database | 🔧 DEBUG: Getting database session...
2025-09-30 22:06:58 - app - ERROR - Unhandled exception
22:06:58 | [31mERROR[0m | app | Unhandled exception
2025-09-30 22:06:58 - app.utils.database - INFO - 🔧 DEBUG: Getting database session...
22:06:58 | [32mINFO[0m | app.utils.database | 🔧 DEBUG: Getting database session...
2025-09-30 22:06:58 - app.utils.database - INFO - 🔧 DEBUG: Getting database session...
22:06:58 | [32mINFO[0m | app.utils.database | 🔧 DEBUG: Getting database session...
2025-09-30 22:06:58 - app.utils.database - INFO - 🔧 DEBUG: Getting database session...
22:06:58 | [32mINFO[0m | app.utils.database | 🔧 DEBUG: Getting database session...
2025-09-30 22:06:58 - app.utils.database - INFO - 🔧 DEBUG: Creating database engine...
22:06:58 | [32mINFO[0m | app.utils.database | 🔧 DEBUG: Creating database engine...
2025-09-30 22:06:58 - app.utils.database - INFO - 🔧 DEBUG: Creating database engine...
22:06:58 | [32mINFO[0m | app.utils.database | 🔧 DEBUG: Creating database engine...
2025-09-30 22:06:58 - app - INFO - Request completed
22:06:58 | [32mINFO[0m | app | Request completed
2025-09-30 22:06:58 - app.utils.database - INFO - 🔧 DEBUG: Creating database engine...
22:06:58 | [32mINFO[0m | app.utils.database | 🔧 DEBUG: Creating database engine...
2025-09-30 22:06:58 - app.utils.database - INFO - 🔧 DEBUG: Creating database engine...
22:06:58 | [32mINFO[0m | app.utils.database | 🔧 DEBUG: Creating database engine...
2025-09-30 22:06:58 - app.utils.database - INFO - 🔧 DEBUG: Original URL: sqlite:////Users/benedictleong/Library/Mobile Documents/com~apple~CloudDocs/2. Archive/2. Pet Projects /Spiderman-v3-main/kith-platform/local_kith_platform.db
22:06:58 | [32mINFO[0m | app.utils.database | 🔧 DEBUG: Original URL: sqlite:////Users/benedictleong/Library/Mobile Documents/com~apple~CloudDocs/2. Archive/2. Pet Projects /Spiderman-v3-main/kith-platform/local_kith_platform.db
2025-09-30 22:06:58 - app.utils.database - INFO - 🔧 DEBUG: Original URL: sqlite:////Users/benedictleong/Library/Mobile Documents/com~apple~CloudDocs/2. Archive/2. Pet Projects /Spiderman-v3-main/kith-platform/local_kith_platform.db
22:06:58 | [32mINFO[0m | middleware | Response sent
22:06:58 | [32mINFO[0m | app.utils.database | 🔧 DEBUG: Original URL: sqlite:////Users/benedictleong/Library/Mobile Documents/com~apple~CloudDocs/2. Archive/2. Pet Projects /Spiderman-v3-main/kith-platform/local_kith_platform.db
2025-09-30 22:06:58 - app.utils.database - INFO - 🔧 DEBUG: Original URL: sqlite:////Users/benedictleong/Library/Mobile Documents/com~apple~CloudDocs/2. Archive/2. Pet Projects /Spiderman-v3-main/kith-platform/local_kith_platform.db
22:06:58 | [32mINFO[0m | app.utils.database | 🔧 DEBUG: Original URL: sqlite:////Users/benedictleong/Library/Mobile Documents/com~apple~CloudDocs/2. Archive/2. Pet Projects /Spiderman-v3-main/kith-platform/local_kith_platform.db
2025-09-30 22:06:58 - app.utils.database - INFO - 🔧 DEBUG: Original URL: sqlite:////Users/benedictleong/Library/Mobile Documents/com~apple~CloudDocs/2. Archive/2. Pet Projects /Spiderman-v3-main/kith-platform/local_kith_platform.db
22:06:58 | [32mINFO[0m | app.utils.database | 🔧 DEBUG: Original URL: sqlite:////Users/benedictleong/Library/Mobile Documents/com~apple~CloudDocs/2. Archive/2. Pet Projects /Spiderman-v3-main/kith-platform/local_kith_platform.db
2025-09-30 22:06:58 - app.utils.database - INFO - 🔧 DEBUG: Creating engine with URL: sqlite:////Users/benedictleong/Library/Mobile Docu...
22:06:58 | [32mINFO[0m | werkzeug | 127.0.0.1 - - [30/Sep/2025 22:06:58] "[35m[1mGET /api/tags HTTP/1.1[0m" 500 -
22:06:58 | [32mINFO[0m | app.utils.database | 🔧 DEBUG: Creating engine with URL: sqlite:////Users/benedictleong/Library/Mobile Docu...
2025-09-30 22:06:58 - app.utils.database - INFO - 🔧 DEBUG: Creating engine with URL: sqlite:////Users/benedictleong/Library/Mobile Docu...
22:06:58 | [32mINFO[0m | app.utils.database | 🔧 DEBUG: Creating engine with URL: sqlite:////Users/benedictleong/Library/Mobile Docu...
2025-09-30 22:06:58 - app.utils.database - INFO - 🔧 DEBUG: Creating engine with URL: sqlite:////Users/benedictleong/Library/Mobile Docu...
22:06:58 | [32mINFO[0m | app.utils.database | 🔧 DEBUG: Creating engine with URL: sqlite:////Users/benedictleong/Library/Mobile Docu...
2025-09-30 22:06:58 - app.utils.database - INFO - 🔧 DEBUG: Creating engine with URL: sqlite:////Users/benedictleong/Library/Mobile Docu...
22:06:58 | [32mINFO[0m | app.utils.database | 🔧 DEBUG: Creating engine with URL: sqlite:////Users/benedictleong/Library/Mobile Docu...
2025-09-30 22:06:58 - app.utils.database - INFO - 🔧 DEBUG: Testing database connection...
22:06:58 | [32mINFO[0m | app.utils.database | 🔧 DEBUG: Testing database connection...
2025-09-30 22:06:58 - app.utils.database - INFO - 🔧 DEBUG: Testing database connection...
22:06:58 | [32mINFO[0m | app.utils.database | 🔧 DEBUG: Testing database connection...
2025-09-30 22:06:58 - app.utils.database - INFO - 🔧 DEBUG: Testing database connection...
22:06:58 | [32mINFO[0m | app.utils.database | 🔧 DEBUG: Testing database connection...
2025-09-30 22:06:58 - app.utils.database - INFO - 🔧 DEBUG: Testing database connection...
22:06:58 | [32mINFO[0m | app.utils.database | 🔧 DEBUG: Testing database connection...
2025-09-30 22:06:58 - app.utils.database - INFO - 🔧 DEBUG: Connection test successful, result: (1,)
22:06:58 | [32mINFO[0m | app.utils.database | 🔧 DEBUG: Connection test successful, result: (1,)
2025-09-30 22:06:58 - app.utils.database - INFO - 🔧 DEBUG: Connection test successful, result: (1,)
22:06:58 | [32mINFO[0m | app.utils.database | 🔧 DEBUG: Connection test successful, result: (1,)
2025-09-30 22:06:58 - app.utils.database - INFO - 🔧 DEBUG: Connection test successful, result: (1,)
22:06:58 | [32mINFO[0m | app.utils.database | 🔧 DEBUG: Connection test successful, result: (1,)
2025-09-30 22:06:58 - app.utils.database - INFO - 🔧 DEBUG: Connection test successful, result: (1,)
22:06:58 | [32mINFO[0m | app.utils.database | 🔧 DEBUG: Connection test successful, result: (1,)
2025-09-30 22:06:58 - app.utils.database - INFO - ✅ Database connection successful
22:06:58 | [32mINFO[0m | app.utils.database | ✅ Database connection successful
2025-09-30 22:06:58 - app.utils.database - INFO - ✅ Database connection successful
22:06:58 | [32mINFO[0m | app.utils.database | ✅ Database connection successful
2025-09-30 22:06:58 - app.utils.database - INFO - ✅ Database connection successful
22:06:58 | [32mINFO[0m | app.utils.database | ✅ Database connection successful
2025-09-30 22:06:58 - app.utils.database - INFO - ✅ Database connection successful
22:06:58 | [32mINFO[0m | app.utils.database | ✅ Database connection successful
2025-09-30 22:06:58 - app.utils.database - INFO - 🔧 DEBUG: Creating/verifying database tables...
22:06:58 | [32mINFO[0m | app.utils.database | 🔧 DEBUG: Creating/verifying database tables...
2025-09-30 22:06:58 - app.utils.database - INFO - 🔧 DEBUG: Creating/verifying database tables...
22:06:58 | [32mINFO[0m | app.utils.database | 🔧 DEBUG: Creating/verifying database tables...
2025-09-30 22:06:58 - app.utils.database - INFO - 🔧 DEBUG: Creating/verifying database tables...
22:06:58 | [32mINFO[0m | app.utils.database | 🔧 DEBUG: Creating/verifying database tables...
2025-09-30 22:06:58 - app.utils.database - INFO - 🔧 DEBUG: Creating/verifying database tables...
22:06:58 | [32mINFO[0m | app.utils.database | 🔧 DEBUG: Creating/verifying database tables...
2025-09-30 22:06:58 - app.utils.database - INFO - ✅ Database tables created/verified
22:06:58 | [32mINFO[0m | app.utils.database | ✅ Database tables created/verified
2025-09-30 22:06:58 - app.utils.database - INFO - 🔧 DEBUG: Session created: 4641823616
22:06:58 | [32mINFO[0m | app.utils.database | 🔧 DEBUG: Session created: 4641823616
2025-09-30 22:06:58 - app.utils.database - INFO - ✅ Database tables created/verified
22:06:58 | [32mINFO[0m | app.utils.database | ✅ Database tables created/verified
2025-09-30 22:06:58 - app.utils.database - INFO - 🔧 DEBUG: Session created: 4627731984
22:06:58 | [32mINFO[0m | app.utils.database | 🔧 DEBUG: Session created: 4627731984
2025-09-30 22:06:58 - app.utils.database - INFO - 🔧 DEBUG: Committing session...
22:06:58 | [32mINFO[0m | app.utils.database | 🔧 DEBUG: Committing session...
2025-09-30 22:06:58 - app.utils.database - INFO - ✅ Database tables created/verified
22:06:58 | [32mINFO[0m | app.utils.database | ✅ Database tables created/verified
2025-09-30 22:06:58 - app.utils.database - INFO - ✅ Session committed successfully
22:06:58 | [32mINFO[0m | app.utils.database | ✅ Session committed successfully
2025-09-30 22:06:58 - app.utils.database - INFO - 🔧 DEBUG: Session created: 4627511136
22:06:58 | [32mINFO[0m | app.utils.database | 🔧 DEBUG: Session created: 4627511136
2025-09-30 22:06:58 - app.utils.database - INFO - ✅ Database tables created/verified
22:06:58 | [32mINFO[0m | app.utils.database | ✅ Database tables created/verified
2025-09-30 22:06:58 - app.utils.database - INFO - 🔧 DEBUG: Committing session...
22:06:58 | [32mINFO[0m | app.utils.database | 🔧 DEBUG: Committing session...
2025-09-30 22:06:58 - app.utils.database - INFO - 🔧 DEBUG: Closing session...
22:06:58 | [32mINFO[0m | app.utils.database | 🔧 DEBUG: Closing session...
2025-09-30 22:06:58 - app.utils.database - INFO - 🔧 DEBUG: Session created: 4627702448
22:06:58 | [32mINFO[0m | app.utils.database | 🔧 DEBUG: Session created: 4627702448
2025-09-30 22:06:58 - app.utils.database - INFO - ✅ Session committed successfully
22:06:58 | [32mINFO[0m | app.utils.database | ✅ Session committed successfully
2025-09-30 22:06:58 - app.utils.database - INFO - ✅ Session closed
22:06:58 | [32mINFO[0m | app.utils.database | ✅ Session closed
2025-09-30 22:06:58 - app.utils.database - INFO - 🔧 DEBUG: Committing session...
22:06:58 | [32mINFO[0m | app.utils.database | 🔧 DEBUG: Committing session...
2025-09-30 22:06:58 - app.utils.database - INFO - 🔧 DEBUG: Closing session...
2025-09-30 22:06:58 - app.utils.database - INFO - 🔧 DEBUG: Committing session...
2025-09-30 22:06:58 - app.utils.database - INFO - 🔧 DEBUG: Getting database session...
2025-09-30 22:06:58 - app.utils.database - INFO - ✅ Session committed successfully
22:06:58 | [32mINFO[0m | app.utils.database | 🔧 DEBUG: Closing session...
22:06:58 | [32mINFO[0m | app.utils.database | 🔧 DEBUG: Committing session...
2025-09-30 22:06:58 - app.utils.database - INFO - ✅ Session closed
22:06:58 | [32mINFO[0m | app.utils.database | 🔧 DEBUG: Getting database session...
2025-09-30 22:06:58 - app.utils.database - INFO - ✅ Session committed successfully
2025-09-30 22:06:58 - app.utils.database - INFO - 🔧 DEBUG: Engine already exists, skipping creation
22:06:58 | [32mINFO[0m | app.utils.database | ✅ Session committed successfully
2025-09-30 22:06:58 - app.utils.database - INFO - 🔧 DEBUG: Closing session...
22:06:58 | [32mINFO[0m | app.utils.database | ✅ Session closed
2025-09-30 22:06:58 - app.utils.database - INFO - 🔧 DEBUG: Getting database session...
22:06:58 | [32mINFO[0m | app.utils.database | ✅ Session committed successfully
22:06:58 | [32mINFO[0m | app.utils.database | 🔧 DEBUG: Engine already exists, skipping creation
2025-09-30 22:06:58 - app.utils.database - INFO - 🔧 DEBUG: Closing session...
22:06:58 | [32mINFO[0m | app.utils.database | 🔧 DEBUG: Closing session...
2025-09-30 22:06:58 - app.utils.database - INFO - 🔧 DEBUG: Session created: 4641794848
2025-09-30 22:06:58 - app.utils.database - INFO - ✅ Session closed
22:06:58 | [32mINFO[0m | app.utils.database | 🔧 DEBUG: Getting database session...
2025-09-30 22:06:58 - app.utils.database - INFO - 🔧 DEBUG: Engine already exists, skipping creation
22:06:58 | [32mINFO[0m | app.utils.database | 🔧 DEBUG: Closing session...
22:06:58 | [32mINFO[0m | app.utils.database | 🔧 DEBUG: Session created: 4641794848
22:06:58 | [32mINFO[0m | app.utils.database | ✅ Session closed
2025-09-30 22:06:58 - app.utils.database - INFO - ✅ Session closed
22:06:58 | [32mINFO[0m | app.utils.database | 🔧 DEBUG: Engine already exists, skipping creation
22:06:58 | [32mINFO[0m | app.utils.database | ✅ Session closed
2025-09-30 22:06:58 - app.services.contact_service - INFO - Retrieved 1 contacts for user 1
22:06:58 | [32mINFO[0m | app.services.contact_service | Retrieved 1 contacts for user 1
2025-09-30 22:06:58 - app.utils.database - INFO - 🔧 DEBUG: Getting database session...
22:06:58 | [32mINFO[0m | app.utils.database | 🔧 DEBUG: Getting database session...
2025-09-30 22:06:58 - app.utils.database - INFO - 🔧 DEBUG: Session created: 4627691792
22:06:58 | [32mINFO[0m | app.utils.database | 🔧 DEBUG: Session created: 4627691792
2025-09-30 22:06:58 - app.utils.database - INFO - 🔧 DEBUG: Getting database session...
22:06:58 | [32mINFO[0m | app.utils.database | 🔧 DEBUG: Getting database session...
2025-09-30 22:06:58 - app.utils.database - INFO - 🔧 DEBUG: Committing session...
2025-09-30 22:06:58 - app.utils.database - INFO - 🔧 DEBUG: Engine already exists, skipping creation
22:06:58 | [32mINFO[0m | app.utils.database | 🔧 DEBUG: Committing session...
22:06:58 | [32mINFO[0m | app.utils.database | 🔧 DEBUG: Engine already exists, skipping creation
2025-09-30 22:06:58 - app.services.contact_service - INFO - Retrieved 1 contacts for user 1
22:06:58 | [32mINFO[0m | app.services.contact_service | Retrieved 1 contacts for user 1
2025-09-30 22:06:58 - app.utils.database - INFO - 🔧 DEBUG: Engine already exists, skipping creation
22:06:58 | [32mINFO[0m | app.utils.database | 🔧 DEBUG: Engine already exists, skipping creation
2025-09-30 22:06:58 - app.utils.database - INFO - ✅ Session committed successfully
22:06:58 | [32mINFO[0m | app.utils.database | ✅ Session committed successfully
2025-09-30 22:06:58 - app.utils.database - INFO - 🔧 DEBUG: Session created: 4640517184
22:06:58 | [32mINFO[0m | app.utils.database | 🔧 DEBUG: Session created: 4640517184
2025-09-30 22:06:58 - app.utils.database - INFO - 🔧 DEBUG: Committing session...
22:06:58 | [32mINFO[0m | app.utils.database | 🔧 DEBUG: Committing session...
2025-09-30 22:06:58 - app.utils.database - INFO - 🔧 DEBUG: Session created: 4627702448
22:06:58 | [32mINFO[0m | app.utils.database | 🔧 DEBUG: Session created: 4627702448
2025-09-30 22:06:58 - app.utils.database - INFO - 🔧 DEBUG: Closing session...
22:06:58 | [32mINFO[0m | app.utils.database | 🔧 DEBUG: Closing session...
2025-09-30 22:06:58 - app.services.contact_service - INFO - Retrieved 1 contacts for user 1
22:06:58 | [32mINFO[0m | app.services.contact_service | Retrieved 1 contacts for user 1
2025-09-30 22:06:58 - app.utils.database - INFO - ✅ Session committed successfully
22:06:58 | [32mINFO[0m | app.utils.database | ✅ Session committed successfully
2025-09-30 22:06:58 - app.services.contact_service - INFO - Retrieved 1 contacts for user 1
22:06:58 | [32mINFO[0m | app.services.contact_service | Retrieved 1 contacts for user 1
2025-09-30 22:06:58 - app.utils.database - INFO - ✅ Session closed
22:06:58 | [32mINFO[0m | app.utils.database | ✅ Session closed
2025-09-30 22:06:58 - app.utils.database - INFO - 🔧 DEBUG: Committing session...
22:06:58 | [32mINFO[0m | app.utils.database | 🔧 DEBUG: Committing session...
2025-09-30 22:06:58 - app.utils.database - INFO - 🔧 DEBUG: Closing session...
22:06:58 | [32mINFO[0m | app.utils.database | 🔧 DEBUG: Closing session...
2025-09-30 22:06:58 - app.utils.database - INFO - 🔧 DEBUG: Committing session...
22:06:58 | [32mINFO[0m | app.utils.database | 🔧 DEBUG: Committing session...
2025-09-30 22:06:58 - app - INFO - Request completed
22:06:58 | [32mINFO[0m | app | Request completed
2025-09-30 22:06:58 - app.utils.database - INFO - ✅ Session committed successfully
22:06:58 | [32mINFO[0m | app.utils.database | ✅ Session committed successfully
2025-09-30 22:06:58 - app.utils.database - INFO - ✅ Session closed
22:06:58 | [32mINFO[0m | app.utils.database | ✅ Session closed
22:06:58 | [32mINFO[0m | middleware | Response sent
2025-09-30 22:06:58 - app.utils.database - INFO - ✅ Session committed successfully
22:06:58 | [32mINFO[0m | app.utils.database | ✅ Session committed successfully
2025-09-30 22:06:58 - app.utils.database - INFO - 🔧 DEBUG: Closing session...
22:06:58 | [32mINFO[0m | app.utils.database | 🔧 DEBUG: Closing session...
2025-09-30 22:06:58 - app - INFO - Request completed
22:06:58 | [32mINFO[0m | app | Request completed
22:06:58 | [32mINFO[0m | werkzeug | 127.0.0.1 - - [30/Sep/2025 22:06:58] "GET /api/contacts/ HTTP/1.1" 200 -
2025-09-30 22:06:58 - app.utils.database - INFO - 🔧 DEBUG: Closing session...
22:06:58 | [32mINFO[0m | app.utils.database | 🔧 DEBUG: Closing session...
2025-09-30 22:06:58 - app.utils.database - INFO - ✅ Session closed
22:06:58 | [32mINFO[0m | app.utils.database | ✅ Session closed
22:06:58 | [32mINFO[0m | middleware | Response sent
2025-09-30 22:06:58 - app.utils.database - INFO - ✅ Session closed
22:06:58 | [32mINFO[0m | app.utils.database | ✅ Session closed
2025-09-30 22:06:58 - app - INFO - Request completed
22:06:58 | [32mINFO[0m | werkzeug | 127.0.0.1 - - [30/Sep/2025 22:06:58] "GET /api/contacts/ HTTP/1.1" 200 -
22:06:58 | [32mINFO[0m | app | Request completed
2025-09-30 22:06:58 - app - INFO - Request completed
22:06:58 | [32mINFO[0m | app | Request completed
22:06:58 | [32mINFO[0m | middleware | Response sent
22:06:58 | [32mINFO[0m | middleware | Response sent
22:06:58 | [32mINFO[0m | werkzeug | 127.0.0.1 - - [30/Sep/2025 22:06:58] "GET /api/contacts/ HTTP/1.1" 200 -
22:06:58 | [32mINFO[0m | werkzeug | 127.0.0.1 - - [30/Sep/2025 22:06:58] "GET /api/contacts/ HTTP/1.1" 200 -
22:07:02 | [32mINFO[0m | middleware | Request received
2025-09-30 22:07:02 - app - INFO - Request started
22:07:02 | [32mINFO[0m | app | Request started
2025-09-30 22:07:02 - app - INFO - Request completed
22:07:02 | [32mINFO[0m | app | Request completed
22:07:02 | [32mINFO[0m | middleware | Response sent
22:07:02 | [32mINFO[0m | werkzeug | 127.0.0.1 - - [30/Sep/2025 22:07:02] "[32mPOST /api/contacts HTTP/1.1[0m" 308 -
22:07:02 | [32mINFO[0m | middleware | Request received
2025-09-30 22:07:02 - app - INFO - Request started
22:07:02 | [32mINFO[0m | app | Request started
2025-09-30 22:07:02 - app.utils.database - INFO - 🔧 DEBUG: Database URL resolved: sqlite:////Users/benedictleong/Library/Mobile Docu...
22:07:02 | [32mINFO[0m | app.utils.database | 🔧 DEBUG: Database URL resolved: sqlite:////Users/benedictleong/Library/Mobile Docu...
2025-09-30 22:07:02 - app.utils.database - INFO - 🔧 DEBUG: Getting database session...
22:07:02 | [32mINFO[0m | app.utils.database | 🔧 DEBUG: Getting database session...
2025-09-30 22:07:02 - app.utils.database - INFO - 🔧 DEBUG: Creating database engine...
22:07:02 | [32mINFO[0m | app.utils.database | 🔧 DEBUG: Creating database engine...
2025-09-30 22:07:02 - app.utils.database - INFO - 🔧 DEBUG: Original URL: sqlite:////Users/benedictleong/Library/Mobile Documents/com~apple~CloudDocs/2. Archive/2. Pet Projects /Spiderman-v3-main/kith-platform/local_kith_platform.db
22:07:02 | [32mINFO[0m | app.utils.database | 🔧 DEBUG: Original URL: sqlite:////Users/benedictleong/Library/Mobile Documents/com~apple~CloudDocs/2. Archive/2. Pet Projects /Spiderman-v3-main/kith-platform/local_kith_platform.db
2025-09-30 22:07:02 - app.utils.database - INFO - 🔧 DEBUG: Creating engine with URL: sqlite:////Users/benedictleong/Library/Mobile Docu...
22:07:02 | [32mINFO[0m | app.utils.database | 🔧 DEBUG: Creating engine with URL: sqlite:////Users/benedictleong/Library/Mobile Docu...
2025-09-30 22:07:02 - app.utils.database - INFO - 🔧 DEBUG: Testing database connection...
22:07:02 | [32mINFO[0m | app.utils.database | 🔧 DEBUG: Testing database connection...
2025-09-30 22:07:02 - app.utils.database - INFO - 🔧 DEBUG: Connection test successful, result: (1,)
22:07:02 | [32mINFO[0m | app.utils.database | 🔧 DEBUG: Connection test successful, result: (1,)
2025-09-30 22:07:02 - app.utils.database - INFO - ✅ Database connection successful
22:07:02 | [32mINFO[0m | app.utils.database | ✅ Database connection successful
2025-09-30 22:07:02 - app.utils.database - INFO - 🔧 DEBUG: Creating/verifying database tables...
22:07:02 | [32mINFO[0m | app.utils.database | 🔧 DEBUG: Creating/verifying database tables...
2025-09-30 22:07:02 - app.utils.database - INFO - ✅ Database tables created/verified
22:07:02 | [32mINFO[0m | app.utils.database | ✅ Database tables created/verified
2025-09-30 22:07:02 - app.utils.database - INFO - 🔧 DEBUG: Session created: 4641880912
22:07:02 | [32mINFO[0m | app.utils.database | 🔧 DEBUG: Session created: 4641880912
2025-09-30 22:07:02 - app.utils.database - INFO - 🔧 DEBUG: Committing session...
22:07:02 | [32mINFO[0m | app.utils.database | 🔧 DEBUG: Committing session...
2025-09-30 22:07:02 - app.utils.database - INFO - ✅ Session committed successfully
22:07:02 | [32mINFO[0m | app.utils.database | ✅ Session committed successfully
2025-09-30 22:07:02 - app.utils.database - INFO - 🔧 DEBUG: Closing session...
22:07:02 | [32mINFO[0m | app.utils.database | 🔧 DEBUG: Closing session...
2025-09-30 22:07:02 - app.utils.database - INFO - ✅ Session closed
22:07:02 | [32mINFO[0m | app.utils.database | ✅ Session closed
2025-09-30 22:07:02 - app.utils.database - INFO - 🔧 DEBUG: Getting database session...
22:07:02 | [32mINFO[0m | app.utils.database | 🔧 DEBUG: Getting database session...
2025-09-30 22:07:02 - app.utils.database - INFO - 🔧 DEBUG: Engine already exists, skipping creation
22:07:02 | [32mINFO[0m | app.utils.database | 🔧 DEBUG: Engine already exists, skipping creation
2025-09-30 22:07:02 - app.utils.database - INFO - 🔧 DEBUG: Session created: 4642303712
22:07:02 | [32mINFO[0m | app.utils.database | 🔧 DEBUG: Session created: 4642303712
2025-09-30 22:07:02 - app.services.contact_service - INFO - Created contact 2: Sarah for user 1
22:07:02 | [32mINFO[0m | app.services.contact_service | Created contact 2: Sarah for user 1
2025-09-30 22:07:02 - app.utils.database - INFO - 🔧 DEBUG: Committing session...
22:07:02 | [32mINFO[0m | app.utils.database | 🔧 DEBUG: Committing session...
2025-09-30 22:07:02 - app.utils.database - INFO - ✅ Session committed successfully
22:07:02 | [32mINFO[0m | app.utils.database | ✅ Session committed successfully
2025-09-30 22:07:02 - app.utils.database - INFO - 🔧 DEBUG: Closing session...
22:07:02 | [32mINFO[0m | app.utils.database | 🔧 DEBUG: Closing session...
2025-09-30 22:07:02 - app.utils.database - INFO - ✅ Session closed
22:07:02 | [32mINFO[0m | app.utils.database | ✅ Session closed
2025-09-30 22:07:02 - app - INFO - Request completed
22:07:02 | [32mINFO[0m | app | Request completed
22:07:02 | [32mINFO[0m | middleware | Response sent
22:07:02 | [32mINFO[0m | werkzeug | 127.0.0.1 - - [30/Sep/2025 22:07:02] "[35m[1mPOST /api/contacts/ HTTP/1.1[0m" 201 -
22:07:02 | [32mINFO[0m | middleware | Request received
22:07:02 | [32mINFO[0m | middleware | Request received
2025-09-30 22:07:02 - app - INFO - Request started
22:07:02 | [32mINFO[0m | app | Request started
22:07:02 | [32mINFO[0m | middleware | Request received
2025-09-30 22:07:02 - app - INFO - Request started
22:07:02 | [32mINFO[0m | app | Request started
2025-09-30 22:07:03 - app.utils.database - INFO - 🔧 DEBUG: Database URL resolved: sqlite:////Users/benedictleong/Library/Mobile Docu...
22:07:03 | [32mINFO[0m | app.utils.database | 🔧 DEBUG: Database URL resolved: sqlite:////Users/benedictleong/Library/Mobile Docu...
2025-09-30 22:07:03 - app - INFO - Request started
22:07:03 | [32mINFO[0m | app | Request started
2025-09-30 22:07:03 - app.utils.database - INFO - 🔧 DEBUG: Database URL resolved: sqlite:////Users/benedictleong/Library/Mobile Docu...
22:07:03 | [32mINFO[0m | app.utils.database | 🔧 DEBUG: Database URL resolved: sqlite:////Users/benedictleong/Library/Mobile Docu...
2025-09-30 22:07:03 - app.utils.database - INFO - 🔧 DEBUG: Getting database session...
22:07:03 | [32mINFO[0m | app.utils.database | 🔧 DEBUG: Getting database session...
2025-09-30 22:07:03 - app.utils.database - INFO - 🔧 DEBUG: Database URL resolved: sqlite:////Users/benedictleong/Library/Mobile Docu...
22:07:03 | [32mINFO[0m | app.utils.database | 🔧 DEBUG: Database URL resolved: sqlite:////Users/benedictleong/Library/Mobile Docu...
2025-09-30 22:07:03 - app.utils.database - INFO - 🔧 DEBUG: Getting database session...
22:07:03 | [32mINFO[0m | app.utils.database | 🔧 DEBUG: Getting database session...
2025-09-30 22:07:03 - app.utils.database - INFO - 🔧 DEBUG: Creating database engine...
22:07:03 | [32mINFO[0m | app.utils.database | 🔧 DEBUG: Creating database engine...
2025-09-30 22:07:03 - app.utils.database - INFO - 🔧 DEBUG: Getting database session...
22:07:03 | [32mINFO[0m | app.utils.database | 🔧 DEBUG: Getting database session...
2025-09-30 22:07:03 - app.utils.database - INFO - 🔧 DEBUG: Creating database engine...
2025-09-30 22:07:03 - app.utils.database - INFO - 🔧 DEBUG: Original URL: sqlite:////Users/benedictleong/Library/Mobile Documents/com~apple~CloudDocs/2. Archive/2. Pet Projects /Spiderman-v3-main/kith-platform/local_kith_platform.db
22:07:03 | [32mINFO[0m | app.utils.database | 🔧 DEBUG: Creating database engine...
2025-09-30 22:07:03 - app.utils.database - INFO - 🔧 DEBUG: Creating database engine...
22:07:03 | [32mINFO[0m | app.utils.database | 🔧 DEBUG: Original URL: sqlite:////Users/benedictleong/Library/Mobile Documents/com~apple~CloudDocs/2. Archive/2. Pet Projects /Spiderman-v3-main/kith-platform/local_kith_platform.db
2025-09-30 22:07:03 - app.utils.database - INFO - 🔧 DEBUG: Original URL: sqlite:////Users/benedictleong/Library/Mobile Documents/com~apple~CloudDocs/2. Archive/2. Pet Projects /Spiderman-v3-main/kith-platform/local_kith_platform.db
22:07:03 | [32mINFO[0m | app.utils.database | 🔧 DEBUG: Creating database engine...
2025-09-30 22:07:03 - app.utils.database - INFO - 🔧 DEBUG: Creating engine with URL: sqlite:////Users/benedictleong/Library/Mobile Docu...
22:07:03 | [32mINFO[0m | app.utils.database | 🔧 DEBUG: Original URL: sqlite:////Users/benedictleong/Library/Mobile Documents/com~apple~CloudDocs/2. Archive/2. Pet Projects /Spiderman-v3-main/kith-platform/local_kith_platform.db
22:07:03 | [32mINFO[0m | app.utils.database | 🔧 DEBUG: Creating engine with URL: sqlite:////Users/benedictleong/Library/Mobile Docu...
2025-09-30 22:07:03 - app.utils.database - INFO - 🔧 DEBUG: Original URL: sqlite:////Users/benedictleong/Library/Mobile Documents/com~apple~CloudDocs/2. Archive/2. Pet Projects /Spiderman-v3-main/kith-platform/local_kith_platform.db
22:07:03 | [32mINFO[0m | app.utils.database | 🔧 DEBUG: Original URL: sqlite:////Users/benedictleong/Library/Mobile Documents/com~apple~CloudDocs/2. Archive/2. Pet Projects /Spiderman-v3-main/kith-platform/local_kith_platform.db
2025-09-30 22:07:03 - app.utils.database - INFO - 🔧 DEBUG: Creating engine with URL: sqlite:////Users/benedictleong/Library/Mobile Docu...
22:07:03 | [32mINFO[0m | app.utils.database | 🔧 DEBUG: Creating engine with URL: sqlite:////Users/benedictleong/Library/Mobile Docu...
2025-09-30 22:07:03 - app.utils.database - INFO - 🔧 DEBUG: Testing database connection...
22:07:03 | [32mINFO[0m | app.utils.database | 🔧 DEBUG: Testing database connection...
2025-09-30 22:07:03 - app.utils.database - INFO - 🔧 DEBUG: Creating engine with URL: sqlite:////Users/benedictleong/Library/Mobile Docu...
22:07:03 | [32mINFO[0m | app.utils.database | 🔧 DEBUG: Creating engine with URL: sqlite:////Users/benedictleong/Library/Mobile Docu...
2025-09-30 22:07:03 - app.utils.database - INFO - 🔧 DEBUG: Testing database connection...
22:07:03 | [32mINFO[0m | app.utils.database | 🔧 DEBUG: Testing database connection...
2025-09-30 22:07:03 - app.utils.database - INFO - 🔧 DEBUG: Testing database connection...
22:07:03 | [32mINFO[0m | app.utils.database | 🔧 DEBUG: Testing database connection...
2025-09-30 22:07:03 - app.utils.database - INFO - 🔧 DEBUG: Connection test successful, result: (1,)
22:07:03 | [32mINFO[0m | app.utils.database | 🔧 DEBUG: Connection test successful, result: (1,)
2025-09-30 22:07:03 - app.utils.database - INFO - 🔧 DEBUG: Connection test successful, result: (1,)
22:07:03 | [32mINFO[0m | app.utils.database | 🔧 DEBUG: Connection test successful, result: (1,)
2025-09-30 22:07:03 - app.utils.database - INFO - 🔧 DEBUG: Connection test successful, result: (1,)
22:07:03 | [32mINFO[0m | app.utils.database | 🔧 DEBUG: Connection test successful, result: (1,)
2025-09-30 22:07:03 - app.utils.database - INFO - ✅ Database connection successful
22:07:03 | [32mINFO[0m | app.utils.database | ✅ Database connection successful
2025-09-30 22:07:03 - app.utils.database - INFO - ✅ Database connection successful
22:07:03 | [32mINFO[0m | app.utils.database | ✅ Database connection successful
2025-09-30 22:07:03 - app.utils.database - INFO - ✅ Database connection successful
22:07:03 | [32mINFO[0m | app.utils.database | ✅ Database connection successful
2025-09-30 22:07:03 - app.utils.database - INFO - 🔧 DEBUG: Creating/verifying database tables...
22:07:03 | [32mINFO[0m | app.utils.database | 🔧 DEBUG: Creating/verifying database tables...
2025-09-30 22:07:03 - app.utils.database - INFO - 🔧 DEBUG: Creating/verifying database tables...
22:07:03 | [32mINFO[0m | app.utils.database | 🔧 DEBUG: Creating/verifying database tables...
2025-09-30 22:07:03 - app.utils.database - INFO - 🔧 DEBUG: Creating/verifying database tables...
22:07:03 | [32mINFO[0m | app.utils.database | 🔧 DEBUG: Creating/verifying database tables...
2025-09-30 22:07:03 - app.utils.database - INFO - ✅ Database tables created/verified
22:07:03 | [32mINFO[0m | app.utils.database | ✅ Database tables created/verified
2025-09-30 22:07:03 - app.utils.database - INFO - 🔧 DEBUG: Session created: 4628751744
22:07:03 | [32mINFO[0m | app.utils.database | 🔧 DEBUG: Session created: 4628751744
2025-09-30 22:07:03 - app.utils.database - INFO - ✅ Database tables created/verified
22:07:03 | [32mINFO[0m | app.utils.database | ✅ Database tables created/verified
2025-09-30 22:07:03 - app.utils.database - INFO - 🔧 DEBUG: Session created: 4641671152
22:07:03 | [32mINFO[0m | app.utils.database | 🔧 DEBUG: Session created: 4641671152
2025-09-30 22:07:03 - app.utils.database - INFO - 🔧 DEBUG: Committing session...
22:07:03 | [32mINFO[0m | app.utils.database | 🔧 DEBUG: Committing session...
2025-09-30 22:07:03 - app.utils.database - INFO - ✅ Session committed successfully
22:07:03 | [32mINFO[0m | app.utils.database | ✅ Session committed successfully
2025-09-30 22:07:03 - app.utils.database - INFO - 🔧 DEBUG: Committing session...
22:07:03 | [32mINFO[0m | app.utils.database | 🔧 DEBUG: Committing session...
2025-09-30 22:07:03 - app.utils.database - INFO - 🔧 DEBUG: Closing session...
22:07:03 | [32mINFO[0m | app.utils.database | 🔧 DEBUG: Closing session...
2025-09-30 22:07:03 - app.utils.database - INFO - ✅ Session committed successfully
22:07:03 | [32mINFO[0m | app.utils.database | ✅ Session committed successfully
2025-09-30 22:07:03 - app.utils.database - INFO - ✅ Session closed
22:07:03 | [32mINFO[0m | app.utils.database | ✅ Session closed
2025-09-30 22:07:03 - app.utils.database - INFO - 🔧 DEBUG: Closing session...
22:07:03 | [32mINFO[0m | app.utils.database | 🔧 DEBUG: Closing session...
2025-09-30 22:07:03 - app.utils.database - INFO - 🔧 DEBUG: Getting database session...
22:07:03 | [32mINFO[0m | app.utils.database | 🔧 DEBUG: Getting database session...
2025-09-30 22:07:03 - app.utils.database - INFO - ✅ Database tables created/verified
22:07:03 | [32mINFO[0m | app.utils.database | ✅ Database tables created/verified
2025-09-30 22:07:03 - app.utils.database - INFO - ✅ Session closed
22:07:03 | [32mINFO[0m | app.utils.database | ✅ Session closed
2025-09-30 22:07:03 - app.utils.database - INFO - 🔧 DEBUG: Engine already exists, skipping creation
22:07:03 | [32mINFO[0m | app.utils.database | 🔧 DEBUG: Engine already exists, skipping creation
2025-09-30 22:07:03 - app.utils.database - INFO - 🔧 DEBUG: Session created: 4628750496
22:07:03 | [32mINFO[0m | app.utils.database | 🔧 DEBUG: Session created: 4628750496
2025-09-30 22:07:03 - app.utils.database - INFO - 🔧 DEBUG: Getting database session...
2025-09-30 22:07:03 - app.utils.database - INFO - 🔧 DEBUG: Session created: 4640571200
22:07:03 | [32mINFO[0m | app.utils.database | 🔧 DEBUG: Getting database session...
22:07:03 | [32mINFO[0m | app.utils.database | 🔧 DEBUG: Session created: 4640571200
2025-09-30 22:07:03 - app.utils.database - INFO - 🔧 DEBUG: Committing session...
22:07:03 | [32mINFO[0m | app.utils.database | 🔧 DEBUG: Committing session...
2025-09-30 22:07:03 - app.utils.database - INFO - 🔧 DEBUG: Engine already exists, skipping creation
22:07:03 | [32mINFO[0m | app.utils.database | 🔧 DEBUG: Engine already exists, skipping creation
2025-09-30 22:07:03 - app.services.contact_service - INFO - Retrieved 2 contacts for user 1
22:07:03 | [32mINFO[0m | app.services.contact_service | Retrieved 2 contacts for user 1
2025-09-30 22:07:03 - app.utils.database - INFO - ✅ Session committed successfully
22:07:03 | [32mINFO[0m | app.utils.database | ✅ Session committed successfully
2025-09-30 22:07:03 - app.utils.database - INFO - 🔧 DEBUG: Session created: 4627703504
22:07:03 | [32mINFO[0m | app.utils.database | 🔧 DEBUG: Session created: 4627703504
2025-09-30 22:07:03 - app.utils.database - INFO - 🔧 DEBUG: Committing session...
22:07:03 | [32mINFO[0m | app.utils.database | 🔧 DEBUG: Committing session...
2025-09-30 22:07:03 - app.utils.database - INFO - 🔧 DEBUG: Closing session...
22:07:03 | [32mINFO[0m | app.utils.database | 🔧 DEBUG: Closing session...
2025-09-30 22:07:03 - app.utils.database - INFO - ✅ Session committed successfully
22:07:03 | [32mINFO[0m | app.utils.database | ✅ Session committed successfully
2025-09-30 22:07:03 - app.services.contact_service - INFO - Retrieved 2 contacts for user 1
22:07:03 | [32mINFO[0m | app.services.contact_service | Retrieved 2 contacts for user 1
2025-09-30 22:07:03 - app.utils.database - INFO - ✅ Session closed
22:07:03 | [32mINFO[0m | app.utils.database | ✅ Session closed
2025-09-30 22:07:03 - app.utils.database - INFO - 🔧 DEBUG: Closing session...
2025-09-30 22:07:03 - app.utils.database - INFO - 🔧 DEBUG: Committing session...
22:07:03 | [32mINFO[0m | app.utils.database | 🔧 DEBUG: Closing session...
22:07:03 | [32mINFO[0m | app.utils.database | 🔧 DEBUG: Committing session...
2025-09-30 22:07:03 - app.utils.database - INFO - 🔧 DEBUG: Getting database session...
22:07:03 | [32mINFO[0m | app.utils.database | 🔧 DEBUG: Getting database session...
2025-09-30 22:07:03 - app.utils.database - INFO - ✅ Session closed
22:07:03 | [32mINFO[0m | app.utils.database | ✅ Session closed
2025-09-30 22:07:03 - app.utils.database - INFO - ✅ Session committed successfully
22:07:03 | [32mINFO[0m | app.utils.database | ✅ Session committed successfully
2025-09-30 22:07:03 - app.utils.database - INFO - 🔧 DEBUG: Engine already exists, skipping creation
22:07:03 | [32mINFO[0m | app.utils.database | 🔧 DEBUG: Engine already exists, skipping creation
2025-09-30 22:07:03 - app - INFO - Request completed
22:07:03 | [32mINFO[0m | app | Request completed
22:07:03 | [32mINFO[0m | middleware | Response sent
22:07:03 | [32mINFO[0m | werkzeug | 127.0.0.1 - - [30/Sep/2025 22:07:03] "GET /api/contacts/?tier=1&_=1759241222994 HTTP/1.1" 200 -
2025-09-30 22:07:03 - app.utils.database - INFO - 🔧 DEBUG: Closing session...
22:07:03 | [32mINFO[0m | app.utils.database | 🔧 DEBUG: Closing session...
2025-09-30 22:07:03 - app.utils.database - INFO - 🔧 DEBUG: Session created: 4627796416
22:07:03 | [32mINFO[0m | app.utils.database | 🔧 DEBUG: Session created: 4627796416
2025-09-30 22:07:03 - app.utils.database - INFO - ✅ Session closed
22:07:03 | [32mINFO[0m | app.utils.database | ✅ Session closed
2025-09-30 22:07:03 - app - INFO - Request completed
22:07:03 | [32mINFO[0m | app | Request completed
22:07:03 | [32mINFO[0m | middleware | Response sent
22:07:03 | [32mINFO[0m | werkzeug | 127.0.0.1 - - [30/Sep/2025 22:07:03] "GET /api/contacts/?tier=2&_=1759241222995 HTTP/1.1" 200 -
2025-09-30 22:07:03 - app.services.contact_service - INFO - Retrieved 2 contacts for user 1
22:07:03 | [32mINFO[0m | app.services.contact_service | Retrieved 2 contacts for user 1
2025-09-30 22:07:03 - app.utils.database - INFO - 🔧 DEBUG: Committing session...
22:07:03 | [32mINFO[0m | app.utils.database | 🔧 DEBUG: Committing session...
2025-09-30 22:07:03 - app.utils.database - INFO - ✅ Session committed successfully
22:07:03 | [32mINFO[0m | app.utils.database | ✅ Session committed successfully
2025-09-30 22:07:03 - app.utils.database - INFO - 🔧 DEBUG: Closing session...
22:07:03 | [32mINFO[0m | app.utils.database | 🔧 DEBUG: Closing session...
2025-09-30 22:07:03 - app.utils.database - INFO - ✅ Session closed
22:07:03 | [32mINFO[0m | app.utils.database | ✅ Session closed
2025-09-30 22:07:03 - app - INFO - Request completed
22:07:03 | [32mINFO[0m | app | Request completed
22:07:03 | [32mINFO[0m | middleware | Response sent
22:07:03 | [32mINFO[0m | werkzeug | 127.0.0.1 - - [30/Sep/2025 22:07:03] "GET /api/contacts/?_=1759241222994 HTTP/1.1" 200 -
22:07:07 | [32mINFO[0m | middleware | Request received
2025-09-30 22:07:07 - app - INFO - Request started
22:07:07 | [32mINFO[0m | app | Request started
2025-09-30 22:07:07 - app - ERROR - Unhandled exception
22:07:07 | [31mERROR[0m | app | Unhandled exception
2025-09-30 22:07:07 - app - INFO - Request completed
22:07:07 | [32mINFO[0m | app | Request completed
22:07:07 | [32mINFO[0m | middleware | Response sent
22:07:07 | [32mINFO[0m | werkzeug | 127.0.0.1 - - [30/Sep/2025 22:07:07] "[35m[1mGET /api/graph-data?t=1759241227504 HTTP/1.1[0m" 500 -
22:07:34 | [32mINFO[0m | middleware | Request received
2025-09-30 22:07:34 - app - INFO - Request started
22:07:34 | [32mINFO[0m | app | Request started
2025-09-30 22:07:34 - app - INFO - Request completed
22:07:34 | [32mINFO[0m | app | Request completed
22:07:34 | [32mINFO[0m | middleware | Response sent
22:07:34 | [32mINFO[0m | werkzeug | 127.0.0.1 - - [30/Sep/2025 22:07:34] "[32mGET /api/contacts HTTP/1.1[0m" 308 -
22:07:34 | [32mINFO[0m | middleware | Request received
2025-09-30 22:07:34 - app - INFO - Request started
22:07:34 | [32mINFO[0m | app | Request started
2025-09-30 22:07:34 - app.utils.database - INFO - 🔧 DEBUG: Database URL resolved: sqlite:////Users/benedictleong/Library/Mobile Docu...
22:07:34 | [32mINFO[0m | app.utils.database | 🔧 DEBUG: Database URL resolved: sqlite:////Users/benedictleong/Library/Mobile Docu...
2025-09-30 22:07:34 - app.utils.database - INFO - 🔧 DEBUG: Getting database session...
22:07:34 | [32mINFO[0m | app.utils.database | 🔧 DEBUG: Getting database session...
2025-09-30 22:07:34 - app.utils.database - INFO - 🔧 DEBUG: Creating database engine...
22:07:34 | [32mINFO[0m | app.utils.database | 🔧 DEBUG: Creating database engine...
2025-09-30 22:07:34 - app.utils.database - INFO - 🔧 DEBUG: Original URL: sqlite:////Users/benedictleong/Library/Mobile Documents/com~apple~CloudDocs/2. Archive/2. Pet Projects /Spiderman-v3-main/kith-platform/local_kith_platform.db
22:07:34 | [32mINFO[0m | app.utils.database | 🔧 DEBUG: Original URL: sqlite:////Users/benedictleong/Library/Mobile Documents/com~apple~CloudDocs/2. Archive/2. Pet Projects /Spiderman-v3-main/kith-platform/local_kith_platform.db
2025-09-30 22:07:34 - app.utils.database - INFO - 🔧 DEBUG: Creating engine with URL: sqlite:////Users/benedictleong/Library/Mobile Docu...
22:07:34 | [32mINFO[0m | app.utils.database | 🔧 DEBUG: Creating engine with URL: sqlite:////Users/benedictleong/Library/Mobile Docu...
2025-09-30 22:07:34 - app.utils.database - INFO - 🔧 DEBUG: Testing database connection...
22:07:34 | [32mINFO[0m | app.utils.database | 🔧 DEBUG: Testing database connection...
2025-09-30 22:07:34 - app.utils.database - INFO - 🔧 DEBUG: Connection test successful, result: (1,)
22:07:34 | [32mINFO[0m | app.utils.database | 🔧 DEBUG: Connection test successful, result: (1,)
2025-09-30 22:07:34 - app.utils.database - INFO - ✅ Database connection successful
22:07:34 | [32mINFO[0m | app.utils.database | ✅ Database connection successful
2025-09-30 22:07:34 - app.utils.database - INFO - 🔧 DEBUG: Creating/verifying database tables...
22:07:34 | [32mINFO[0m | app.utils.database | 🔧 DEBUG: Creating/verifying database tables...
2025-09-30 22:07:34 - app.utils.database - INFO - ✅ Database tables created/verified
22:07:34 | [32mINFO[0m | app.utils.database | ✅ Database tables created/verified
2025-09-30 22:07:34 - app.utils.database - INFO - 🔧 DEBUG: Session created: 4640527504
22:07:34 | [32mINFO[0m | app.utils.database | 🔧 DEBUG: Session created: 4640527504
2025-09-30 22:07:34 - app.utils.database - INFO - 🔧 DEBUG: Committing session...
22:07:34 | [32mINFO[0m | app.utils.database | 🔧 DEBUG: Committing session...
2025-09-30 22:07:34 - app.utils.database - INFO - ✅ Session committed successfully
22:07:34 | [32mINFO[0m | app.utils.database | ✅ Session committed successfully
2025-09-30 22:07:34 - app.utils.database - INFO - 🔧 DEBUG: Closing session...
22:07:34 | [32mINFO[0m | app.utils.database | 🔧 DEBUG: Closing session...
2025-09-30 22:07:34 - app.utils.database - INFO - ✅ Session closed
22:07:34 | [32mINFO[0m | app.utils.database | ✅ Session closed
2025-09-30 22:07:34 - app.utils.database - INFO - 🔧 DEBUG: Getting database session...
22:07:34 | [32mINFO[0m | app.utils.database | 🔧 DEBUG: Getting database session...
2025-09-30 22:07:34 - app.utils.database - INFO - 🔧 DEBUG: Engine already exists, skipping creation
22:07:34 | [32mINFO[0m | app.utils.database | 🔧 DEBUG: Engine already exists, skipping creation
2025-09-30 22:07:34 - app.utils.database - INFO - 🔧 DEBUG: Session created: 4627796848
22:07:34 | [32mINFO[0m | app.utils.database | 🔧 DEBUG: Session created: 4627796848
2025-09-30 22:07:34 - app.services.contact_service - INFO - Retrieved 2 contacts for user 1
22:07:34 | [32mINFO[0m | app.services.contact_service | Retrieved 2 contacts for user 1
2025-09-30 22:07:34 - app.utils.database - INFO - 🔧 DEBUG: Committing session...
22:07:34 | [32mINFO[0m | app.utils.database | 🔧 DEBUG: Committing session...
2025-09-30 22:07:34 - app.utils.database - INFO - ✅ Session committed successfully
22:07:34 | [32mINFO[0m | app.utils.database | ✅ Session committed successfully
2025-09-30 22:07:34 - app.utils.database - INFO - 🔧 DEBUG: Closing session...
22:07:34 | [32mINFO[0m | app.utils.database | 🔧 DEBUG: Closing session...
2025-09-30 22:07:34 - app.utils.database - INFO - ✅ Session closed
22:07:34 | [32mINFO[0m | app.utils.database | ✅ Session closed
2025-09-30 22:07:34 - app - INFO - Request completed
22:07:34 | [32mINFO[0m | app | Request completed
22:07:34 | [32mINFO[0m | middleware | Response sent
22:07:34 | [32mINFO[0m | werkzeug | 127.0.0.1 - - [30/Sep/2025 22:07:34] "GET /api/contacts/ HTTP/1.1" 200 -
22:07:51 | [32mINFO[0m | middleware | Request received
2025-09-30 22:07:51 - app - INFO - Request started
22:07:51 | [32mINFO[0m | app | Request started
2025-09-30 22:07:51 - app - ERROR - Unhandled exception
22:07:51 | [31mERROR[0m | app | Unhandled exception
2025-09-30 22:07:51 - app - INFO - Request completed
22:07:51 | [32mINFO[0m | app | Request completed
22:07:51 | [32mINFO[0m | middleware | Response sent
22:07:51 | [32mINFO[0m | werkzeug | 127.0.0.1 - - [30/Sep/2025 22:07:51] "[35m[1mPOST /api/relationships HTTP/1.1[0m" 500 -
22:07:55 | [32mINFO[0m | middleware | Request received
2025-09-30 22:07:55 - app - INFO - Request started
22:07:55 | [32mINFO[0m | app | Request started
2025-09-30 22:07:55 - app - ERROR - Unhandled exception
22:07:55 | [31mERROR[0m | app | Unhandled exception
2025-09-30 22:07:55 - app - INFO - Request completed
22:07:55 | [32mINFO[0m | app | Request completed
22:07:55 | [32mINFO[0m | middleware | Response sent
22:07:55 | [32mINFO[0m | werkzeug | 127.0.0.1 - - [30/Sep/2025 22:07:55] "[35m[1mPOST /api/relationships HTTP/1.1[0m" 500 -
22:21:05 | [32mINFO[0m | middleware | Request received
2025-09-30 22:21:05 - app - INFO - Request started
22:21:05 | [32mINFO[0m | app | Request started
2025-09-30 22:21:05 - app - ERROR - Unhandled exception
22:21:05 | [31mERROR[0m | app | Unhandled exception
2025-09-30 22:21:05 - app - INFO - Request completed
22:21:05 | [32mINFO[0m | app | Request completed
22:21:05 | [32mINFO[0m | middleware | Response sent
22:21:05 | [32mINFO[0m | werkzeug | 127.0.0.1 - - [30/Sep/2025 22:21:05] "[35m[1mPUT /api/contact/1/categories HTTP/1.1[0m" 500 -
22:23:06 | [32mINFO[0m | middleware | Request received
2025-09-30 22:23:06 - app - INFO - Request started
22:23:06 | [32mINFO[0m | app | Request started
2025-09-30 22:23:06 - app.utils.database - INFO - 🔧 DEBUG: Database URL resolved: sqlite:////Users/benedictleong/Library/Mobile Docu...
22:23:06 | [32mINFO[0m | app.utils.database | 🔧 DEBUG: Database URL resolved: sqlite:////Users/benedictleong/Library/Mobile Docu...
2025-09-30 22:23:06 - app.utils.database - INFO - 🔧 DEBUG: Getting database session...
22:23:06 | [32mINFO[0m | app.utils.database | 🔧 DEBUG: Getting database session...
2025-09-30 22:23:06 - app.utils.database - INFO - 🔧 DEBUG: Creating database engine...
22:23:06 | [32mINFO[0m | app.utils.database | 🔧 DEBUG: Creating database engine...
2025-09-30 22:23:06 - app.utils.database - INFO - 🔧 DEBUG: Original URL: sqlite:////Users/benedictleong/Library/Mobile Documents/com~apple~CloudDocs/2. Archive/2. Pet Projects /Spiderman-v3-main/kith-platform/local_kith_platform.db
22:23:06 | [32mINFO[0m | app.utils.database | 🔧 DEBUG: Original URL: sqlite:////Users/benedictleong/Library/Mobile Documents/com~apple~CloudDocs/2. Archive/2. Pet Projects /Spiderman-v3-main/kith-platform/local_kith_platform.db
2025-09-30 22:23:06 - app.utils.database - INFO - 🔧 DEBUG: Creating engine with URL: sqlite:////Users/benedictleong/Library/Mobile Docu...
22:23:06 | [32mINFO[0m | app.utils.database | 🔧 DEBUG: Creating engine with URL: sqlite:////Users/benedictleong/Library/Mobile Docu...
2025-09-30 22:23:06 - app.utils.database - INFO - 🔧 DEBUG: Testing database connection...
22:23:06 | [32mINFO[0m | app.utils.database | 🔧 DEBUG: Testing database connection...
2025-09-30 22:23:06 - app.utils.database - INFO - 🔧 DEBUG: Connection test successful, result: (1,)
22:23:06 | [32mINFO[0m | app.utils.database | 🔧 DEBUG: Connection test successful, result: (1,)
2025-09-30 22:23:06 - app.utils.database - INFO - ✅ Database connection successful
22:23:06 | [32mINFO[0m | app.utils.database | ✅ Database connection successful
2025-09-30 22:23:06 - app.utils.database - INFO - 🔧 DEBUG: Creating/verifying database tables...
22:23:06 | [32mINFO[0m | app.utils.database | 🔧 DEBUG: Creating/verifying database tables...
2025-09-30 22:23:06 - app.utils.database - INFO - ✅ Database tables created/verified
22:23:06 | [32mINFO[0m | app.utils.database | ✅ Database tables created/verified
2025-09-30 22:23:06 - app.utils.database - INFO - 🔧 DEBUG: Session created: 4629630304
22:23:06 | [32mINFO[0m | app.utils.database | 🔧 DEBUG: Session created: 4629630304
2025-09-30 22:23:06 - app.utils.database - INFO - 🔧 DEBUG: Committing session...
22:23:06 | [32mINFO[0m | app.utils.database | 🔧 DEBUG: Committing session...
2025-09-30 22:23:06 - app.utils.database - INFO - ✅ Session committed successfully
22:23:06 | [32mINFO[0m | app.utils.database | ✅ Session committed successfully
2025-09-30 22:23:06 - app.utils.database - INFO - 🔧 DEBUG: Closing session...
22:23:06 | [32mINFO[0m | app.utils.database | 🔧 DEBUG: Closing session...
2025-09-30 22:23:06 - app.utils.database - INFO - ✅ Session closed
22:23:06 | [32mINFO[0m | app.utils.database | ✅ Session closed
2025-09-30 22:23:06 - app.utils.database - INFO - 🔧 DEBUG: Getting database session...
22:23:06 | [32mINFO[0m | app.utils.database | 🔧 DEBUG: Getting database session...
2025-09-30 22:23:06 - app.utils.database - INFO - 🔧 DEBUG: Engine already exists, skipping creation
22:23:06 | [32mINFO[0m | app.utils.database | 🔧 DEBUG: Engine already exists, skipping creation
2025-09-30 22:23:06 - app.utils.database - INFO - 🔧 DEBUG: Session created: 4629630880
22:23:06 | [32mINFO[0m | app.utils.database | 🔧 DEBUG: Session created: 4629630880
2025-09-30 22:23:06 - app.utils.database - INFO - 🔧 DEBUG: Committing session...
22:23:06 | [32mINFO[0m | app.utils.database | 🔧 DEBUG: Committing session...
2025-09-30 22:23:06 - app.utils.database - INFO - ✅ Session committed successfully
22:23:06 | [32mINFO[0m | app.utils.database | ✅ Session committed successfully
2025-09-30 22:23:06 - app.utils.database - INFO - 🔧 DEBUG: Closing session...
22:23:06 | [32mINFO[0m | app.utils.database | 🔧 DEBUG: Closing session...
2025-09-30 22:23:06 - app.utils.database - INFO - ✅ Session closed
22:23:06 | [32mINFO[0m | app.utils.database | ✅ Session closed
2025-09-30 22:23:06 - app - ERROR - Unhandled exception
22:23:06 | [31mERROR[0m | app | Unhandled exception
2025-09-30 22:23:06 - app - INFO - Request completed
22:23:06 | [32mINFO[0m | app | Request completed
22:23:06 | [32mINFO[0m | middleware | Response sent
22:23:06 | [32mINFO[0m | werkzeug | 127.0.0.1 - - [30/Sep/2025 22:23:06] "[35m[1mGET /api/contacts/2 HTTP/1.1[0m" 500 -
22:23:33 | [32mINFO[0m | middleware | Request received
2025-09-30 22:23:33 - app - INFO - Request started
22:23:33 | [32mINFO[0m | app | Request started
2025-09-30 22:23:33 - app - ERROR - Unhandled exception
22:23:33 | [31mERROR[0m | app | Unhandled exception
2025-09-30 22:23:33 - app - INFO - Request completed
22:23:33 | [32mINFO[0m | app | Request completed
22:23:33 | [32mINFO[0m | middleware | Response sent
22:23:33 | [32mINFO[0m | werkzeug | 127.0.0.1 - - [30/Sep/2025 22:23:33] "[35m[1mPUT /api/contact/2/categories HTTP/1.1[0m" 500 -
22:31:32 | [32mINFO[0m | middleware | Request received
2025-09-30 22:31:32 - app - INFO - Request started
22:31:32 | [32mINFO[0m | app | Request started
22:31:32 | [32mINFO[0m | root | Unauthenticated user redirected to login
2025-09-30 22:31:32 - app - INFO - Request completed
22:31:32 | [32mINFO[0m | app | Request completed
22:31:32 | [32mINFO[0m | middleware | Response sent
22:31:32 | [32mINFO[0m | werkzeug | 127.0.0.1 - - [30/Sep/2025 22:31:32] "GET / HTTP/1.1" 200 -
22:31:57 | [32mINFO[0m | middleware | Request received
2025-09-30 22:31:57 - app - INFO - Request started
22:31:57 | [32mINFO[0m | app | Request started
2025-09-30 22:31:57 - app - ERROR - Unhandled exception
22:31:57 | [31mERROR[0m | app | Unhandled exception
2025-09-30 22:31:57 - app - INFO - Request completed
22:31:57 | [32mINFO[0m | app | Request completed
22:31:57 | [32mINFO[0m | middleware | Response sent
22:31:57 | [32mINFO[0m | werkzeug | 127.0.0.1 - - [30/Sep/2025 22:31:57] "[35m[1mPUT /api/contact/1/categories HTTP/1.1[0m" 500 -
22:32:18 | [32mINFO[0m | middleware | Request received
2025-09-30 22:32:18 - app - INFO - Request started
22:32:18 | [32mINFO[0m | app | Request started
2025-09-30 22:32:18 - app - ERROR - Unhandled exception
22:32:18 | [31mERROR[0m | app | Unhandled exception
2025-09-30 22:32:18 - app - INFO - Request completed
22:32:18 | [32mINFO[0m | app | Request completed
22:32:18 | [32mINFO[0m | middleware | Response sent
22:32:18 | [32mINFO[0m | werkzeug | 127.0.0.1 - - [30/Sep/2025 22:32:18] "[35m[1mPUT /api/contact/1/categories HTTP/1.1[0m" 500 -
22:32:50 | [32mINFO[0m | middleware | Request received
2025-09-30 22:32:50 - app - INFO - Request started
22:32:50 | [32mINFO[0m | app | Request started
2025-09-30 22:32:50 - app - ERROR - Unhandled exception
22:32:50 | [31mERROR[0m | app | Unhandled exception
2025-09-30 22:32:50 - app - INFO - Request completed
22:32:50 | [32mINFO[0m | app | Request completed
22:32:50 | [32mINFO[0m | middleware | Response sent
22:32:50 | [32mINFO[0m | werkzeug | 127.0.0.1 - - [30/Sep/2025 22:32:50] "[35m[1mPUT /api/contact/1/categories HTTP/1.1[0m" 500 -
22:36:53 | [32mINFO[0m | middleware | Request received
2025-09-30 22:36:53 - app - INFO - Request started
22:36:53 | [32mINFO[0m | app | Request started
22:36:53 | [32mINFO[0m | root | Unauthenticated user redirected to login
2025-09-30 22:36:53 - app - INFO - Request completed
22:36:53 | [32mINFO[0m | app | Request completed
22:36:53 | [32mINFO[0m | middleware | Response sent
22:36:53 | [32mINFO[0m | werkzeug | 127.0.0.1 - - [30/Sep/2025 22:36:53] "GET / HTTP/1.1" 200 -
22:37:10 | [32mINFO[0m | middleware | Request received
2025-09-30 22:37:10 - app - INFO - Request started
22:37:10 | [32mINFO[0m | app | Request started
2025-09-30 22:37:10 - app - ERROR - Unhandled exception
22:37:10 | [31mERROR[0m | app | Unhandled exception
2025-09-30 22:37:10 - app - INFO - Request completed
22:37:10 | [32mINFO[0m | app | Request completed
22:37:10 | [32mINFO[0m | middleware | Response sent
22:37:10 | [32mINFO[0m | werkzeug | 127.0.0.1 - - [30/Sep/2025 22:37:10] "[35m[1mPUT /api/contact/1/categories HTTP/1.1[0m" 500 -
/Applications/Xcode.app/Contents/Developer/Library/Frameworks/Python3.framework/Versions/3.9/lib/python3.9/multiprocessing/resource_tracker.py:216: UserWarning: resource_tracker: There appear to be 1 leaked semaphore objects to clean up at shutdown
  warnings.warn('resource_tracker: There appear to be %d '
